시도별_2015,농업·임업 및 어업/사업체,농업·임업 및 어업/종사자,광업/사업체,광업/종사자,제조업/사업체,제조업/종사자,전기·가스·증기 및 공기조절 공급업/사업체,전기·가스·증기 및 공기조절 공급업/종사자,수도 하수 및 폐기물처리 원료 재생업/사업체,수도 하수 및 폐기물처리 원료 재생업/종사자,건설업/사업체,건설업/종사자,도매 및 소매업/사업체,도매 및 소매업/종사자,운수 및 창고업/사업체,운수 및 창고업/종사자,숙박 및 음식점업/사업체,숙박 및 음식점업/종사자,정보통신업/사업체,정보통신업/종사자,금융 및 보험업/사업체,금융 및 보험업/종사자,부동산업/사업체,부동산업/종사자,전문 과학 및 기술서비스업/사업체,전문 과학 및 기술서비스업/종사자,사업시설관리 사업지원 및 임대 서비스업/사업체,사업시설관리 사업지원 및 임대 서비스업/종사자,공공행정 국방 및 사회보장 행정/사업체,공공행정 국방 및 사회보장 행정/종사자,교육서비스업/사업체,교육서비스업/종사자,보건업 및 사회복지서비스업/사업체,보건업 및 사회복지서비스업/종사자,예술 스포츠 및 여가 관련 서비스업/사업체,예술 스포츠 및 여가 관련 서비스업/종사자,협회 및 단체 수리 및 기타 개인서비스업/사업체,협회 및 단체 수리 및 기타 개인서비스업/종사자
경기도 수원시_2015,6,191,0,0,"3,697","39,536",12,786,68,728,"2,254","20,947","16,890","55,797","7,432","18,934","12,777","45,028",548,"6,092",806,"14,248","3,357","11,582","2,154","45,302","1,187","33,967",132,"15,510","4,052","36,612","2,941","31,576","2,114","6,979","7,905","20,755"
경기도 성남시_2015,3,70,2,9,"4,250","41,552",16,"1,300",69,"1,001","2,148","25,223","16,253","64,013","5,633","15,685","10,929","41,097","1,586","48,342",698,"12,108","3,287","14,408","2,404","42,581",882,"22,004",118,"8,230","3,583","32,758","2,530","29,880","1,811","7,133","6,266","17,240"
경기도 안양시_2015,2,8,3,67,"3,998","34,543",10,269,53,661,"1,822","17,424","11,868","39,113","4,037","11,036","6,949","22,965",716,"7,454",496,"8,343","1,989","7,080","1,757","20,555",519,"13,574",71,"4,539","2,341","19,796","1,515","15,282","1,207","3,368","4,264","10,945"
경기도 부천시_2015,1,29,1,2,"10,881","73,380",5,233,55,"1,398","1,659","12,718","13,265","41,042","6,151","11,372","9,152","27,964",433,"3,982",622,"9,862","2,494","8,090","1,195","6,724",621,"13,300",85,"5,420","2,494","21,351","2,012","23,232","1,728","5,048","6,365","15,836"
경기도 광명시_2015,1,1,0,0,"1,796","15,162",4,158,33,297,618,"4,358","4,974","17,190","2,035","4,751","2,846","9,266",106,750,139,"2,367",841,"2,901",272,"2,034",138,"2,435",44,"1,910","1,119","8,141",851,"7,649",454,"2,056","2,029","4,706"
경기도 평택시_2015,34,448,2,38,"3,577","79,443",16,987,127,"1,276","1,168","9,143","8,111","23,253","3,167","11,512","6,679","19,034",89,"1,074",318,"4,386","1,615","4,127",579,"4,068",523,"9,464",83,"4,051","1,416","11,370","1,045","9,968",812,"1,970","3,565","8,006"
경기도 안산시_2015,7,47,5,46,"8,932","126,404",18,760,132,"1,545","1,790","13,234","11,695","36,094","6,078","13,362","8,669","24,823",231,"1,663",477,"7,222","1,924","5,768","1,167","9,619",784,"14,596",91,"5,890","2,034","18,306","1,660","19,026","1,584","4,687","4,812","10,692"
경기도 과천시_2015,4,37,0,0,80,364,3,204,10,128,152,"2,448","1,326","5,191",277,947,535,"2,492",43,"1,976",32,590,200,823,120,"3,406",53,"1,428",31,"3,953",241,"1,940",149,"1,373",88,"4,652",318,"1,004"
경기도 오산시_2015,2,18,0,0,775,"10,082",3,142,37,411,331,"2,461","2,569","8,458","1,647","3,378","2,304","7,149",38,283,81,"1,119",440,"1,264",162,"1,273",223,"5,030",22,"1,502",584,"7,111",511,"5,071",362,"1,184","1,192","2,997"
경기도 시흥시_2015,4,14,0,0,"12,041","92,856",6,171,91,754,975,"6,503","8,590","26,362","3,383","7,396","4,980","13,756",100,749,164,"1,951","1,347","3,325",474,"2,390",312,"4,352",52,"3,037","1,158","9,819",935,"9,526",858,"2,106","2,730","5,884"
경기도 군포시_2015,0,0,0,0,"2,911","26,340",4,185,32,307,552,"4,756","3,113","11,071","1,686","8,178","2,479","7,368",114,"1,006",93,975,730,"2,396",420,"4,696",198,"6,341",26,"2,243",992,"7,820",715,"6,436",434,"1,696","1,709","4,777"
경기도 의왕시_2015,2,40,0,0,988,"9,215",4,57,25,162,287,"2,035","1,801","6,184","1,124","4,297","1,262","4,113",75,"1,133",41,"1,119",413,"1,361",173,"3,660",84,"1,162",25,"2,056",429,"3,335",357,"3,512",206,615,847,"2,019"
경기도 하남시_2015,1,2,0,0,"1,440","8,525",8,291,20,68,577,"5,204","4,224","18,006","1,278","3,969","1,457","4,768",58,662,62,748,586,"1,911",205,"1,722",103,"1,019",32,"1,688",387,"3,173",390,"3,520",234,"1,143","1,018","2,323"
경기도 용인시_2015,20,188,13,223,"3,957","57,810",13,374,95,"1,664","1,443","13,721","10,854","39,617","5,063","17,853","8,103","27,909",281,"3,986",330,"4,386","2,773","9,272","1,128","25,934",531,"11,429",95,"6,038","3,449","34,450","2,251","21,818","1,419","10,022","4,787","13,222"
경기도 이천시_2015,36,488,0,0,"1,692","33,682",7,142,54,750,557,"4,034","3,594","11,396","1,653","7,163","2,960","9,244",56,410,133,"1,885",681,"2,116",276,"3,160",217,"6,407",65,"2,011",751,"5,907",473,"5,379",433,"2,130","1,692","4,269"
경기도 안성시_2015,47,669,4,38,"2,311","37,445",10,157,74,595,474,"3,070","2,918","8,965","1,212","4,079","2,808","7,149",35,667,88,"1,200",433,"1,236",211,"1,155",164,"2,518",58,"2,224",586,"6,655",518,"5,097",405,"2,043","1,366","2,888"
경기도 김포시_2015,11,83,2,9,"8,318","67,203",7,255,108,789,655,"3,922","5,301","17,520","1,895","5,558","3,431","10,562",68,473,133,"1,982",945,"2,930",365,"1,637",179,"1,278",46,"2,133","1,028","8,795",814,"7,432",521,"1,712","1,925","4,795"
경기도 화성시_2015,28,242,23,130,"16,481","211,329",11,255,279,"2,345","1,669","14,988","10,211","34,645","4,312","13,255","7,065","22,399",114,952,249,"2,966","2,176","6,403",917,"26,772",446,"8,063",82,"3,498","1,947","19,309","1,448","12,497",985,"4,054","3,510","11,076"
경기도 광주시_2015,19,193,4,40,"6,211","45,515",4,238,50,412,849,"5,545","5,527","21,666","2,987","9,101","3,137","9,455",53,423,81,"1,279",952,"2,331",360,"1,871",137,889,38,"2,320",721,"6,339",699,"6,644",531,"2,415","2,002","4,906"
경기도 여주시_2015,19,216,9,50,"1,005","7,882",3,93,30,262,286,"1,592","1,984","5,621",681,"1,871","1,755","4,711",21,149,58,807,338,893,140,866,65,"1,190",60,"2,214",311,"3,079",282,"3,191",261,"2,856",892,"1,970"
경기도 양평군_2015,20,210,0,0,333,"1,387",4,94,25,168,382,"1,859","1,534","3,970",471,976,"2,163","5,647",43,230,49,560,413,763,137,599,47,211,48,"2,092",268,"2,451",271,"3,111",231,"1,043",773,"1,777"
경기도 의정부시_2015,1,2,1,21,"1,344","6,768",8,693,20,386,761,"5,699","6,244","19,152","2,611","5,630","4,990","14,500",114,"1,353",309,"5,011","1,090","3,557",588,"3,404",279,"4,383",61,"5,553","1,405","12,218","1,170","12,441",791,"2,266","3,136","6,899"
경기도 동두천시_2015,1,4,0,0,435,"5,654",7,292,29,254,186,845,"1,511","3,532",629,"1,353","1,471","3,733",14,181,50,791,227,685,55,157,57,598,29,"1,489",249,"2,121",287,"3,284",150,453,805,"1,654"
경기도 고양시_2015,8,86,0,0,"5,317","30,700",12,687,90,"1,385","2,011","16,230","16,640","58,123","5,801","16,831","9,494","33,754",816,"5,421",543,"8,221","3,056","11,606","1,530","8,793",814,"13,109",102,"5,938","3,903","28,713","2,386","27,694","1,834","6,862","6,512","16,771"
경기도 구리시_2015,0,0,1,2,842,"4,222",3,199,19,282,459,"4,698","3,950","12,814","1,506","3,292","2,277","7,598",57,669,177,"3,540",543,"1,705",266,"2,046",120,"2,012",30,"2,205",714,"4,827",513,"5,575",342,"1,309","1,432","3,444"
경기도 남양주시_2015,9,70,3,39,"5,233","30,167",14,481,72,686,"1,093","7,498","8,280","29,336","3,781","8,478","5,859","17,294",109,762,154,"1,952","1,533","5,791",434,"1,837",211,"1,365",53,"2,832","1,740","14,311","1,479","14,019",848,"3,426","3,225","7,427"
경기도 파주시_2015,12,188,4,71,"4,854","72,339",10,303,65,840,760,"4,925","5,810","19,587","2,589","9,423","4,681","13,485",345,"3,783",163,"2,186",961,"3,495",397,"1,688",231,"3,523",61,"2,283","1,036","10,156",989,"8,940",660,"2,780","2,343","5,639"
경기도 양주시_2015,5,36,4,56,"3,980","34,605",10,179,81,755,506,"2,983","3,583","10,787","1,421","3,210","2,398","6,563",22,120,61,757,528,"1,365",170,694,186,"1,440",40,"1,814",557,"5,001",494,"4,423",369,"1,373","1,401","2,973"
경기도 포천시_2015,19,187,13,261,"5,512","39,671",9,235,113,898,462,"3,085","3,544","10,865","1,337","3,065","3,123","8,314",37,234,92,"1,476",329,780,187,764,135,799,55,"2,098",356,"4,807",399,"4,259",347,"1,981","1,328","2,597"
경기도 연천군_2015,9,156,8,47,323,"2,561",3,83,34,297,199,"1,151",803,"1,777",225,448,879,"1,794",14,83,38,367,132,238,47,206,16,94,38,"1,150",114,982,127,"1,075",104,335,464,716
경기도 가평군_2015,5,119,4,117,297,"1,503",7,210,18,208,271,"1,576","1,109","2,685",219,715,"2,710","6,770",26,157,38,377,193,469,109,433,44,279,29,"1,315",173,"1,633",174,"2,143",234,"1,699",533,"1,185"
강원특별자치도 춘천시_2015,21,418,6,143,"1,084","6,239",17,836,46,457,789,"6,721","4,964","14,167","1,833","5,603","5,265","14,871",179,"3,328",264,"3,866",715,"2,871",527,"3,629",219,"2,860",89,"7,212","1,086","12,522",785,"10,131",740,"3,378","2,627","6,014"
강원특별자치도 원주시_2015,22,250,9,163,"1,732","18,637",12,427,78,786,"1,281","10,656","7,043","20,007","2,490","5,572","5,810","15,416",127,"1,514",353,"6,737","1,053","3,691",577,"3,163",381,"7,252",84,"4,298","1,297","12,639","1,005","11,358",774,"2,207","3,210","6,863"
강원특별자치도 강릉시_2015,37,411,25,305,"1,136","6,489",13,523,47,400,793,"6,657","4,777","12,914","1,546","4,423","5,233","12,910",90,971,242,"3,430",451,"1,430",381,"2,007",230,"2,673",75,"4,587",966,"8,062",577,"6,862",516,"1,334","2,284","5,229"
강원특별자치도 동해시_2015,2,18,3,101,437,"3,075",11,492,19,161,347,"2,617","2,150","5,335",660,"2,624","1,979","4,650",23,257,83,"1,144",162,604,86,403,97,"1,117",45,"1,841",344,"2,427",233,"2,733",184,531,896,"1,868"
강원특별자치도 태백시_2015,1,7,16,989,200,"1,084",13,182,16,183,227,"1,604","1,189","2,730",369,"1,082",969,"2,200",31,222,57,690,73,249,46,380,65,475,33,"1,475",159,"1,519",124,"1,276",114,514,600,"1,070"
강원특별자치도 속초시_2015,5,48,0,0,340,"2,051",4,94,19,157,248,"1,785","2,209","5,499",657,"1,347","2,404","6,349",35,321,88,"1,162",212,782,117,533,71,608,38,"1,438",279,"2,129",254,"2,493",248,731,849,"1,658"
강원특별자치도 삼척시_2015,14,142,40,"1,805",316,"1,531",13,323,21,165,396,"4,293","1,572","3,318",340,743,"1,858","3,930",27,217,66,690,94,367,88,541,89,901,57,"1,947",235,"2,617",177,"1,906",193,713,687,"1,459"
강원특별자치도 홍천군_2015,28,339,3,30,361,"2,667",8,104,20,177,309,"2,087","1,469","3,335",392,"1,308","1,732","4,945",21,175,60,820,208,434,105,737,52,768,42,"1,615",218,"2,028",190,"1,566",145,816,686,"1,117"
강원특별자치도 횡성군_2015,19,163,2,31,325,"3,803",8,140,14,115,211,"1,177",894,"2,083",207,406,"1,015","2,624",27,120,37,485,159,354,74,264,32,334,36,"1,027",128,"1,262",129,"1,166",105,645,396,710
강원특별자치도 영월군_2015,4,66,18,495,210,"1,757",7,171,9,48,210,"1,658",855,"1,935",239,541,"1,027","2,186",23,138,37,268,50,123,62,215,46,453,43,"1,297",131,"1,094",110,"1,153",132,464,449,834
강원특별자치도 평창군_2015,35,339,3,37,209,"1,082",6,99,14,181,204,"1,275",978,"2,481",217,515,"1,657","4,856",19,119,43,522,200,553,65,439,47,896,37,"1,460",131,"1,172",110,850,129,634,388,765
강원특별자치도 정선군_2015,10,151,12,329,192,880,7,72,8,52,163,"1,041",920,"1,887",251,548,"1,279","3,797",19,103,64,383,89,281,48,160,48,"1,930",42,"1,401",118,997,93,816,108,"3,180",403,689
강원특별자치도 철원군_2015,13,155,2,6,203,"1,187",4,42,15,112,180,"1,166",894,"1,860",214,357,"1,052","2,196",16,105,36,334,66,154,47,249,22,83,25,951,155,"1,192",108,"1,310",127,502,452,813
강원특별자치도 화천군_2015,10,87,0,0,108,445,7,130,10,91,125,824,449,899,101,210,656,"1,318",18,126,17,159,42,80,23,69,14,77,24,"2,088",82,774,67,567,85,190,223,397
강원특별자치도 양구군_2015,10,65,5,28,112,507,9,51,8,42,141,647,403,832,73,167,563,"1,223",13,75,18,136,35,73,21,102,23,69,24,834,77,682,57,535,62,228,195,318
강원특별자치도 인제군_2015,9,65,3,28,185,794,9,75,13,117,183,"1,081",800,"1,721",129,201,"1,181","2,320",11,79,30,312,47,99,45,277,22,94,30,"1,062",109,901,79,748,131,567,293,532
강원특별자치도 고성군_2015,9,189,10,56,177,937,5,42,12,145,172,839,622,"1,135",109,207,949,"2,444",10,47,28,222,43,70,24,285,19,279,33,988,81,914,74,690,67,516,257,509
강원특별자치도 양양군_2015,13,128,9,91,202,"1,065",4,140,26,118,164,"1,105",770,"1,520",162,300,"1,509","3,374",11,74,23,181,80,176,31,129,35,194,31,842,110,727,69,760,108,312,278,503
경상남도 창원시_2015,25,291,10,82,"9,923","131,729",18,989,148,"1,659","3,051","21,906","20,691","56,340","6,822","19,915","17,084","44,584",408,"4,217",979,"15,123","3,078","10,629","1,810","12,627","1,125","20,944",221,"12,456","4,093","29,679","2,694","29,732","2,115","6,464","8,892","20,133"
경상남도 진주시_2015,50,769,3,17,"2,564","15,310",16,779,49,678,"1,112","9,889","7,402","19,533","2,227","6,867","5,768","14,884",124,"1,553",371,"4,782",889,"4,763",571,"3,867",317,"2,869",97,"5,620","1,606","12,981",907,"11,414",788,"1,948","3,194","7,764"
경상남도 통영시_2015,2,69,1,7,455,"11,360",13,315,24,250,299,"1,542","3,052","7,585",827,"1,970","3,193","7,410",39,318,150,"2,180",342,960,144,907,98,670,64,"2,356",430,"3,199",345,"3,551",293,776,"1,263","2,570"
경상남도 사천시_2015,19,297,1,16,930,"18,936",7,195,42,395,360,"2,551","2,785","6,457",664,"1,810","2,156","5,276",36,336,94,"1,170",250,574,127,675,78,428,48,"1,728",377,"2,823",307,"3,767",185,696,"1,125","2,335"
경상남도 김해시_2015,14,127,11,126,"9,992","94,847",17,637,195,"1,423","1,227","8,717","9,800","28,389","3,696","8,209","7,281","20,017",112,"1,233",289,"3,862","1,504","3,732",698,"4,058",332,"4,726",70,"3,772","2,160","15,220","1,367","13,229",926,"3,744","3,696","7,722"
경상남도 밀양시_2015,21,232,3,4,966,"8,777",14,198,36,300,392,"2,269","2,268","5,332",694,"1,646","1,967","3,913",37,255,88,863,237,498,146,977,68,607,51,"2,219",337,"2,298",294,"3,266",167,428,"1,180","2,080"
경상남도 거제시_2015,2,17,1,22,807,"59,799",6,158,27,503,507,"15,282","3,418","9,007",850,"2,773","4,858","13,001",55,532,153,"2,284",568,"1,844",382,"7,433",201,"4,059",66,"2,611",838,"6,437",544,"5,733",453,"1,245","1,590","3,271"
경상남도 양산시_2015,8,68,8,109,"3,649","50,399",16,244,103,998,738,"4,924","4,741","13,962","2,094","8,306","4,277","11,564",62,604,173,"2,283",950,"2,586",289,"1,740",188,"1,968",55,"2,570","1,072","7,915",744,"9,451",519,"2,580","2,218","5,119"
경상남도 의령군_2015,10,166,5,46,255,"1,897",4,47,11,98,109,859,362,770,125,191,450,885,16,85,31,238,24,46,33,128,6,42,35,"1,497",71,740,95,995,33,124,258,494
경상남도 함안군_2015,16,180,2,13,"2,388","22,943",7,197,42,465,235,"1,425","1,272","3,058",376,941,"1,122","2,481",25,131,41,390,187,394,67,385,45,491,32,"1,055",178,"1,382",183,"1,579",87,299,601,"1,382"
경상남도 창녕군_2015,21,247,4,34,788,"8,699",7,50,25,164,191,"1,185","1,165","2,928",359,802,"1,188","2,458",22,122,52,478,131,200,68,382,50,353,38,"1,328",193,"1,423",165,"2,048",100,746,596,"1,164"
경상남도 고성군_2015,14,176,1,2,512,"5,904",4,590,13,67,199,"1,254","1,148","2,337",319,665,"1,045","2,151",24,133,50,551,116,244,71,259,42,530,46,"1,222",162,"1,199",145,"1,320",88,416,553,"1,150"
경상남도 남해군_2015,20,184,0,0,242,"1,006",14,71,15,96,175,"1,056","1,005","2,086",249,560,"1,528","3,293",21,116,55,500,75,103,50,209,42,130,42,"1,099",139,"1,107",132,"1,469",87,277,497,944
경상남도 하동군_2015,11,218,7,17,342,"1,317",11,710,10,60,176,"1,076","1,113","2,109",167,370,"1,024","2,032",28,127,45,584,73,135,48,178,37,723,46,"1,305",125,989,125,"1,380",63,151,476,765
경상남도 산청군_2015,30,230,20,76,283,"1,623",6,126,7,84,161,"1,167",868,"1,947",156,478,780,"1,781",20,114,25,267,37,68,50,158,26,110,36,933,94,872,98,"1,209",66,338,356,663
경상남도 함양군_2015,12,93,1,2,302,"1,914",5,69,9,57,185,"1,277",883,"1,788",200,480,890,"1,853",23,113,38,337,49,84,43,189,20,103,33,"1,121",127,965,122,"1,263",51,198,379,730
경상남도 거창군_2015,12,92,8,111,397,"2,515",6,77,10,123,233,"1,600","1,258","2,819",262,804,"1,065","2,263",38,182,56,789,54,168,79,327,40,159,39,"1,221",265,"1,853",181,"1,975",105,371,597,"1,015"
경상남도 합천군_2015,28,263,6,42,358,"1,418",7,85,12,113,210,"1,373",830,"1,574",210,358,782,"1,451",24,130,48,419,35,69,50,263,20,109,47,"1,503",132,"1,016",130,"1,290",57,208,449,900
경상북도 포항시_2015,14,93,14,55,2601,36517,19,511,100,1508,1657,17163,11346,27781,3008,10267,9101,22026,183,1972,471,5976,1191,3410,774,6688,461,10515,138,6562,1863,13945,1406,14452,1146,2788,4863,12422
경상북도 경주시_2015,25,239,16,107,3401,43805,17,1955,82,1199,834,5578,5394,12735,1644,4140,5949,15605,87,569,187,2281,565,1584,381,2090,270,3186,88,2876,958,7228,615,7914,571,3065,2447,4972
경상북도 김천시_2015,23,231,9,58,928,12955,8,108,44,360,431,2472,2399,5671,931,3487,2072,4749,44,271,109,1211,249,671,126,2265,88,1515,76,3552,415,3621,357,4152,237,488,1291,2312
경상북도 안동시_2015,28,286,12,99,868,4029,13,467,30,254,620,3823,3767,9545,1123,2268,2873,6537,96,976,176,2144,281,1120,261,1625,123,971,98,4706,701,5578,436,6347,354,1260,1666,3362
경상북도 구미시_2015,14,193,7,62,4375,99670,12,539,82,715,1217,8183,7672,19432,3733,7449,6397,16295,153,1294,358,4785,952,3847,534,2995,657,9486,96,3108,1766,12747,1103,10277,963,2421,3373,6613
경상북도 영주시_2015,10,71,9,101,753,5474,6,157,21,185,421,2244,2866,6144,762,2412,1963,4075,42,314,108,1337,162,496,113,508,75,647,55,1867,437,3110,266,3248,183,590,1202,2390
경상북도 영천시_2015,24,250,1,30,1547,17881,11,126,66,434,388,2809,2102,4927,635,1295,1572,3447,33,168,100,848,234,729,97,641,73,825,61,1661,286,2142,259,2965,159,659,958,2028
경상북도 상주시_2015,18,190,7,43,718,4481,4,89,21,148,373,2832,1873,4382,702,1366,1503,3090,49,232,88,1127,124,465,124,624,80,535,71,2043,368,2846,271,2867,162,650,1011,1877
경상북도 문경시_2015,11,90,4,59,492,3333,6,100,25,260,249,1499,1548,3344,462,845,1482,3063,25,141,69,822,106,232,85,282,53,223,56,1365,229,1796,218,2810,141,539,760,1199
경상북도 경산시_2015,17,197,5,113,3232,36158,13,450,65,506,578,4892,4523,11544,1480,4154,3601,9278,90,635,136,1459,693,1759,341,2097,161,1256,55,2490,900,14054,622,6608,507,1834,1997,4480
경상북도 군위군_2015,6,60,1,43,264,2277,7,48,17,78,128,980,387,931,122,242,358,753,14,66,24,179,31,58,27,138,8,47,37,801,45,404,57,495,37,212,265,559
경상북도 의성군_2015,28,254,5,8,385,2176,13,103,16,92,273,1265,1061,2209,333,521,748,1251,30,142,62,585,39,72,58,271,24,106,57,1318,107,905,153,1514,51,213,610,1032
경상북도 청송군_2015,12,153,6,23,155,423,8,107,6,33,135,1023,500,1172,110,208,628,1196,14,88,30,258,19,25,27,102,14,35,37,1922,57,496,70,1172,41,170,300,619
경상북도 영양군_2015,9,75,1,2,87,271,5,43,5,17,123,561,315,529,76,145,259,480,9,74,14,119,5,9,16,75,13,34,27,939,46,398,49,437,24,69,188,321
경상북도 영덕군_2015,9,106,7,86,288,1260,10,116,11,60,153,939,1025,1911,220,325,1168,2409,19,113,42,391,45,85,35,171,27,198,39,1264,105,695,101,898,83,396,460,876
경상북도 청도군_2015,35,654,4,27,439,2733,4,88,8,50,186,845,951,2065,229,458,890,1890,19,121,37,271,109,166,57,198,24,147,36,908,108,815,141,1581,54,347,448,771
경상북도 고령군_2015,18,198,8,84,1327,10115,6,95,32,271,162,1068,763,1791,134,318,465,973,16,102,31,226,53,147,38,195,30,99,29,871,87,595,105,928,59,195,317,584
경상북도 성주군_2015,20,141,1,39,1170,8633,3,62,45,217,244,1083,884,1705,219,577,781,1544,19,109,38,261,67,142,49,191,36,141,38,1064,98,761,116,1073,59,154,372,651
경상북도 칠곡군_2015,13,165,6,55,2692,26723,6,148,64,445,360,2441,2532,6668,827,2180,2016,4662,42,278,65,627,250,691,94,467,70,715,43,1485,396,3282,303,2665,244,970,953,1990
경상북도 예천군_2015,17,167,1,4,273,1095,6,144,11,95,192,982,843,1718,286,446,695,1379,22,118,41,367,57,119,45,132,29,108,52,1077,110,868,119,1049,60,242,468,950
경상북도 봉화군_2015,13,190,7,93,194,1665,20,89,16,127,237,1603,574,1083,147,417,581,1000,14,85,33,210,18,26,27,112,9,47,36,1084,78,665,71,674,50,146,308,584
경상북도 울진군_2015,11,108,15,165,219,1137,8,2165,16,190,307,2058,1254,2326,189,358,1334,2924,23,123,57,470,50,147,51,300,56,447,47,1270,156,1157,118,1266,116,310,504,1057
경상북도 울릉군_2015,1,10,0,0,88,316,7,84,4,15,82,479,283,495,87,281,404,853,11,53,14,96,13,32,9,23,33,118,24,567,29,213,18,176,21,84,130,178
광주광역시 동구_2015,0,0,1,0,1088,2214,10,113,8,102,451,3555,4857,12066,658,1469,2898,8178,207,1161,335,5808,504,1250,738,3292,325,4468,36,2945,658,5770,434,7365,448,1700,1867,3630
광주광역시 서구_2015,6,103,6,37,954,10339,12,436,26,467,1400,14077,7655,24517,1935,6068,4141,14507,202,2028,598,12138,1135,6835,884,5089,391,7946,70,5327,1414,8288,986,9716,762,1913,2793,7187
광주광역시 남구_2015,3,26,0,0,533,1946,12,98,19,214,585,7281,3154,7764,1465,3166,2012,5218,105,958,97,796,573,1993,234,1241,171,2742,31,1172,984,7779,653,8778,412,1258,1945,4402
광주광역시 북구_2015,3,13,4,17,2193,19572,22,360,19,286,1561,16861,8767,24790,3675,8922,5221,14392,218,1868,261,3349,1106,4094,749,5042,496,7591,73,3743,1858,15820,1235,14306,1132,3306,3992,8360
광주광역시 광산구_2015,9,248,2,0,3646,47511,13,407,89,689,901,7513,6746,20479,2743,8384,4546,13564,100,1431,169,2049,972,3051,362,1962,278,3825,59,2898,1687,12832,1089,13076,822,2339,2725,5959
대구광역시 중구_2015,0,0,1,1,2058,4696,3,301,8,57,278,3083,9811,23812,580,1840,3123,10955,175,2117,554,12066,450,1772,715,2856,385,5529,38,3689,589,4141,566,10450,307,941,1781,4070
대구광역시 동구_2015,6,47,2,3,1443,7304,8,1381,44,343,897,7917,5992,17752,3182,8790,4449,11504,188,1957,228,2654,950,3311,600,3916,313,7843,75,3204,1169,7388,819,9022,635,1551,3050,7202
대구광역시 서구_2015,0,0,0,0,3169,20874,11,353,47,452,653,3170,5504,14919,1872,4884,3076,6386,35,460,152,1827,411,1377,245,1425,213,2666,41,2892,497,3360,525,5700,397,748,2248,4870
대구광역시 남구_2015,1,25,0,0,831,1995,5,183,13,76,583,2618,3776,7938,1276,2193,2544,5882,188,1530,116,926,359,1072,461,2140,216,4453,33,1468,596,4568,457,8539,436,1021,2013,3553
대구광역시 북구_2015,3,146,0,0,8502,35400,6,385,30,301,1018,7603,11444,32457,3488,7004,5434,14660,246,2210,216,2393,1042,3613,523,3068,256,5234,70,4202,1608,17106,1004,11042,836,2484,3149,6707
대구광역시 수성구_2015,2,21,0,0,866,2764,12,349,17,119,1193,16357,5869,17080,2392,4758,4950,16541,165,1871,444,8803,1350,5077,1092,5915,327,8827,70,5787,2833,15711,1094,9492,869,2912,3385,7615
대구광역시 달서구_2015,1,1,2,10,5888,60666,6,121,70,839,1241,7575,8654,25084,5245,12532,6803,19215,209,2014,385,5445,1402,4853,795,4203,472,6548,78,4771,2245,19447,1365,14262,1303,3763,4291,9519
대구광역시 달성군_2015,9,36,3,19,4131,43235,13,453,73,512,618,4494,3022,7752,1702,3910,2190,5820,33,161,89,825,548,1403,115,698,116,1204,40,2885,603,4773,454,4929,329,1113,1250,2411
대전광역시 동구_2015,0,0,0,0,1985,5772,2,140,13,146,579,3894,5327,14015,2261,8656,3207,7928,90,785,117,1043,541,1454,233,1488,220,3974,44,2001,645,7946,736,6980,461,1049,2123,3974
대전광역시 중구_2015,0,0,0,0,816,2733,4,295,19,536,642,5810,5654,15484,2377,5532,3813,10243,129,1427,313,6198,642,2100,376,1812,382,9114,49,3400,894,7103,847,12687,598,1964,2775,5673
대전광역시 서구_2015,8,309,1,0,955,3443,8,485,27,150,1192,12587,8591,27064,3913,6487,5979,20047,417,5172,736,14830,1524,6848,1318,7207,576,17078,98,13403,1983,17674,1630,17360,1141,3550,3874,9661
대전광역시 유성구_2015,4,8,1,0,1383,19724,12,163,20,265,694,8934,5526,17544,1242,3172,4519,16355,433,5740,151,1410,1013,3565,854,28988,294,5114,50,4050,1340,17050,932,8460,636,2161,2061,5280
대전광역시 대덕구_2015,0,0,3,28,2629,28952,10,1378,45,532,775,4712,5345,15505,1997,6803,2569,6152,64,579,99,876,401,1129,182,1688,178,3658,33,2038,603,5719,530,5926,433,823,1869,4562
부산광역시 중구_2015,24,1438,1,0,693,1428,1,23,8,154,130,1172,6105,14037,2169,20614,2697,8349,104,1193,236,2642,364,1037,322,2547,365,5929,37,2112,174,1065,211,2285,255,867,1073,2320
부산광역시 서구_2015,19,1078,2,0,491,2895,3,101,10,184,190,1194,3649,8842,923,3145,1804,4694,36,130,72,552,223,725,117,430,160,1962,36,1721,360,3432,252,9011,162,487,1173,2247
부산광역시 동구_2015,4,79,1,0,1157,2848,1,23,9,122,385,5069,4957,13134,1227,8970,2205,5975,101,1286,374,8662,422,2020,450,3503,366,9884,46,2521,259,1914,329,5135,155,570,1509,3620
부산광역시 영도구_2015,5,202,0,0,930,7617,3,66,17,223,232,1661,2114,5128,1133,3889,1656,3588,45,360,48,309,281,753,98,901,55,2057,37,2014,312,3951,249,3228,173,515,1692,4325
부산광역시 부산진구_2015,1,0,1,0,2337,7960,4,596,13,239,1062,12949,10363,27180,2685,8562,6109,19722,233,1639,772,14317,1364,5589,813,4898,584,14965,61,3025,1365,12939,1088,13767,696,2482,3553,9078
부산광역시 동래구_2015,1,0,1,0,1037,3546,5,216,13,381,875,8908,5376,15001,2566,3898,3877,12148,76,662,165,2064,812,2763,425,2671,334,7834,33,1664,1150,7148,665,8589,573,1746,2399,5172
부산광역시 남구_2015,0,0,0,0,939,5147,3,281,19,261,491,5532,3766,9964,2112,9047,3121,8861,135,746,133,4721,605,1759,291,1592,238,3762,50,2182,859,9799,555,6125,426,1632,2020,4890
부산광역시 북구_2015,0,0,0,0,593,2401,3,168,12,240,371,2268,3648,9658,2380,3580,2882,8198,48,394,148,2531,641,1810,177,1284,148,2054,41,2449,946,6682,634,7927,502,1358,1737,3410
부산광역시 해운대구_2015,0,0,0,0,809,6431,6,148,29,420,719,6868,6981,23272,2675,5585,4749,20100,405,4668,255,2769,1478,5757,983,6656,333,5801,65,2877,1668,10980,958,11325,648,2527,2722,6630
부산광역시 사하구_2015,8,314,0,0,3415,33338,8,475,49,718,495,5170,5118,14510,2568,9586,4005,10910,52,498,141,1705,745,2452,256,1714,230,2430,52,2497,1065,8927,714,8679,565,1398,2463,5596
부산광역시 금정구_2015,2,0,0,0,1701,10800,5,71,24,321,673,12484,4656,13817,1680,8572,3447,9636,96,867,110,1055,696,1999,495,3162,198,2681,45,2353,911,10894,560,7287,522,2204,2062,4857
부산광역시 강서구_2015,9,74,4,35,6086,72339,6,171,70,546,345,2387,3810,12446,865,7725,1447,4228,35,560,82,677,488,1202,197,2250,93,776,57,2509,199,2026,151,1377,152,1344,669,1859
부산광역시 연제구_2015,0,0,0,0,748,3217,0,0,12,88,706,9735,3641,12136,1482,3437,2929,9137,99,1088,404,7029,828,3620,1072,5714,339,5939,49,7835,721,4804,537,6968,373,1069,1961,4696
부산광역시 수영구_2015,0,0,0,0,571,1969,2,45,11,219,527,6879,3603,9594,1032,3083,2737,8245,78,910,92,947,565,1939,312,1820,238,1877,30,1717,710,3716,431,5553,340,817,1660,3547
부산광역시 사상구_2015,0,0,1,0,7248,43119,4,130,73,677,647,3859,9555,28892,2063,6982,3591,9055,114,872,129,1174,549,1827,438,3196,195,5006,37,2791,569,6624,468,6807,511,1048,2168,5137
부산광역시 기장군_2015,7,60,1,0,1038,15909,8,2621,42,360,397,4562,2669,8164,701,3062,2099,6144,22,235,60,609,418,1300,98,326,107,1960,26,2130,472,3393,355,3984,218,1173,983,2370
서울특별시 종로구_2015,3,30,4,10,"4,450","13,078",7,363,6,136,339,"30,754","17,025","44,263","1,350","6,818","6,724","26,577",883,"18,628",551,"21,634","1,301","7,223","1,499","20,315","1,242","18,625",90,"16,504",852,"13,317",732,"15,954",926,"6,198","2,506","8,275"
서울특별시 중구_2015,0,0,2,3,"9,947","30,475",5,689,9,343,402,"5,462","32,867","97,809","1,484","14,172","6,141","31,793",929,"25,116","1,260","51,405","1,661","8,913","2,698","35,960","1,484","36,580",63,"18,145",454,"8,307",734,"9,437",574,"3,546","2,222","8,493"
서울특별시 용산구_2015,0,0,0,0,"1,054","3,446",4,11,11,142,423,"6,834","7,258","27,506","1,367","3,919","4,453","18,201",525,"9,492",292,"5,921","1,083","4,426",784,"17,785",348,"10,838",50,"3,219",539,"7,297",554,"6,367",410,"2,188","1,651","5,668"
서울특별시 성동구_2015,1,2,0,0,"4,612","28,130",5,410,30,745,649,"5,981","7,250","32,412","2,683","8,295","3,786","11,744",744,"8,701",293,"4,023","1,272","5,433","1,199","11,663",385,"15,503",47,"4,373",886,"11,311",743,"8,357",593,"2,529","2,100","7,696"
서울특별시 광진구_2015,1,3,0,0,"1,853","7,616",2,3,16,240,796,"12,798","6,103","19,488","2,518","6,133","4,675","16,498",391,"3,791",223,"4,579","1,201","3,241",726,"4,061",440,"9,998",36,"2,523","1,159","14,191",904,"10,686","1,052","3,746","2,592","5,575"
서울특별시 동대문구_2015,0,0,1,1,"3,539","14,237",1,3,17,147,775,"6,270","11,272","31,474","3,602","6,889","4,909","14,047",277,"1,855",292,"5,002","1,309","4,589",591,"7,425",441,"9,109",50,"4,267",985,"15,117","1,006","14,693",749,"2,376","2,595","5,341"
서울특별시 중랑구_2015,0,0,1,3,"3,578","16,259",6,123,20,214,920,"5,503","5,416","16,124","6,412","13,473","4,154","10,944",134,"1,118",150,"1,713","1,061","2,757",320,"1,626",308,"2,832",47,"3,350",922,"7,863",985,"11,586",896,"2,302","2,715","4,968"
서울특별시 성북구_2015,0,0,0,0,"2,424","9,199",5,11,11,177,569,"4,093","4,927","15,313","3,520","6,708","4,415","12,731",234,"1,756",151,"1,600","1,099","2,673",456,"3,954",262,"5,601",52,"3,915","1,372","20,652","1,065","12,533",735,"2,130","2,742","5,945"
서울특별시 강북구_2015,0,0,0,0,"1,541","6,621",1,80,9,326,498,"2,057","3,857","10,768","3,192","6,822","3,681","10,569",101,715,253,"4,027",789,"1,776",275,"1,123",218,"3,321",44,"2,750",683,"5,729",816,"8,573",721,"1,972","2,249","4,523"
서울특별시 도봉구_2015,1,2,0,0,"1,090","4,556",0,0,9,116,492,"3,150","3,500","10,915","4,502","9,543","2,732","7,514",87,709,136,"1,320",785,"2,609",325,"1,785",172,"1,352",39,"3,605",960,"7,423",845,"9,640",620,"1,903","2,056","4,361"
서울특별시 노원구_2015,1,2,0,0,848,"4,042",4,214,13,162,538,"2,431","5,084","15,534","6,550","12,677","4,143","14,211",168,"1,233",243,"4,315","1,198","4,574",420,"2,339",313,"5,110",38,"3,042","1,951","21,222","1,468","18,404",921,"2,852","2,615","5,495"
서울특별시 은평구_2015,0,0,0,0,957,"3,266",6,160,13,206,645,"4,092","5,121","15,605","4,990","8,482","4,178","11,781",149,"1,246",170,"2,437","1,409","3,296",347,"1,510",229,"1,694",53,"4,042","1,430","9,983","1,170","13,259",814,"2,216","2,880","5,543"
서울특별시 서대문구_2015,1,1,0,0,754,"2,721",2,51,14,574,502,"4,062","4,071","14,505","2,881","6,195","4,337","14,107",416,"2,852",213,"4,796",989,"2,594",568,"5,884",450,"7,011",44,"5,428","1,078","18,919",781,"14,639",587,"1,788","2,164","4,990"
서울특별시 마포구_2015,0,0,0,0,"1,336","5,121",8,425,22,307,"1,084","16,287","7,664","33,868","2,947","11,967","8,139","28,793","2,469","34,801",497,"11,322","1,755","5,588","2,460","19,824","1,072","35,339",58,"4,599","1,609","15,681","1,182","10,593","1,000","4,257","3,023","9,227"
서울특별시 양천구_2015,0,0,0,0,"1,190","5,294",2,270,21,457,840,"9,741","5,432","17,338","4,894","12,935","3,566","11,585",283,"5,010",207,"2,486","1,242","3,647",695,"3,049",315,"4,694",48,"6,153","2,366","15,026","1,213","13,177",935,"3,097","2,828","5,984"
서울특별시 강서구_2015,1,30,0,0,"1,258","7,027",6,426,42,639,"1,135","13,334","8,713","34,665","7,095","53,820","5,651","20,057",659,"11,196",298,"3,976","1,909","7,006",989,"17,291",554,"17,199",57,"3,267","1,787","13,832","1,542","17,902","1,176","3,498","3,684","9,229"
서울특별시 구로구_2015,1,1,0,0,"3,729","19,002",7,102,21,219,"1,020","11,691","12,201","40,111","4,768","9,552","4,688","14,686","2,096","30,009",480,"8,392","1,320","4,381","1,485","15,312",697,"21,935",46,"4,061","1,204","10,481","1,124","13,889",888,"2,403","2,630","7,241"
서울특별시 금천구_2015,1,4,2,3,"5,412","40,151",6,15,27,305,"1,130","15,891","8,948","41,969","2,824","9,589","3,318","10,293","2,441","36,266",227,"2,505",984,"3,114","1,922","26,071",610,"20,864",32,"1,908",675,"5,452",692,"7,229",588,"1,464","1,911","4,907"
서울특별시 영등포구_2015,0,0,2,19,"4,186","14,084",9,761,23,628,"1,372","23,440","11,581","51,856","4,094","12,233","7,003","25,853","1,785","28,943","1,158","54,040","1,849","11,132","2,310","30,977","1,120","58,775",67,"8,676","1,251","9,054","1,201","16,182","1,096","3,956","3,056","12,191"
서울특별시 동작구_2015,0,0,1,2,651,"2,228",3,142,14,435,569,"4,921","4,689","14,990","2,115","3,290","4,143","12,907",240,"4,182",199,"3,558","1,203","5,348",414,"6,640",323,"12,877",44,"3,217","1,215","15,448","1,010","12,622",812,"2,600","2,321","5,015"
서울특별시 관악구_2015,0,0,1,5,"1,350","5,480",0,0,12,171,695,"9,125","5,164","16,347","4,089","6,609","5,640","17,322",299,"3,124",180,"2,182","1,402","3,960",586,"4,725",347,"6,590",50,"3,763","1,227","15,100","1,172","11,432","1,068","3,088","3,092","6,367"
서울특별시 서초구_2015,4,29,2,5,"1,064","5,666",13,146,16,285,"1,805","69,230","12,253","68,309","1,390","8,717","6,728","31,508","2,201","29,731",941,"18,249","3,153","13,460","6,303","64,040","1,296","56,251",67,"11,070","2,529","21,284","1,672","19,747","1,328","6,077","3,442","12,959"
서울특별시 강남구_2015,1,2,3,10,"1,707","14,910",25,"1,052",24,856,"2,071","55,618","17,274","133,772","3,092","11,093","11,074","56,982","4,662","58,867","1,951","35,865","5,686","29,287","8,798","103,202","2,093","71,474",57,"6,052","3,850","29,001","3,057","39,254","1,833","8,557","5,253","23,193"
서울특별시 송파구_2015,9,315,2,5,"1,487","8,803",9,25,30,622,"1,887","45,141","13,728","58,913","5,746","15,124","7,032","28,346",776,"23,646",522,"8,764","2,486","13,280","2,165","25,352",800,"31,046",71,"6,687","2,299","18,803","1,781","25,071","1,622","8,597","4,224","10,907"
서울특별시 강동구_2015,4,48,0,0,"1,566","6,508",3,94,15,511,"1,072","17,302","6,897","24,610","5,597","9,738","4,885","15,466",257,"2,043",278,"4,141","1,531","4,286",602,"5,909",431,"13,764",46,"3,534","1,479","11,239","1,234","17,337",969,"3,112","3,086","6,870"
세종특별자치시_2015,8,?92,?10,?135,?948,"?18,566",?6,?216,?38,?348,?544,"?4,579","?2,177","?6,168",?724,"?2,212","?2,375","?7,507",?66,"?1,081",?119,"?1,163",?786,"?2,848",?248,"?4,753",?145,"?2,550",?86,"?16,126",?484,"?7,743",?444,"?4,143",?282,"?1,161",?990,"?2,373"
울산광역시 중구_2015,1,24,0,0,929,2696,2,59,21,137,673,4230,4419,9739,1703,2673,3029,6816,65,818,113,1812,519,1809,316,3520,172,1935,33,2583,872,5771,460,5529,500,1022,2032,3759
울산광역시 남구_2015,3,22,1,32,1496,29068,13,437,68,829,1245,16724,7634,23553,2430,10070,6525,19846,172,2149,570,9533,1230,5326,1001,7376,559,10421,69,6739,1804,12402,1015,10855,974,2793,3218,7637
울산광역시 동구_2015,2,3,0,0,507,50567,1,12,4,48,168,1710,2018,4684,614,1125,2647,7047,22,222,85,1101,282,736,118,3241,76,1601,22,1011,538,4466,371,4832,346,959,1042,1930
울산광역시 북구_2015,1,11,1,7,1491,54034,3,282,15,99,276,2192,2529,8109,1070,4961,2019,6179,26,256,95,883,378,1063,160,1645,91,2589,26,1405,638,5488,416,3441,351,816,1054,3518
울산광역시 울주군_2015,12,117,14,216,2448,47944,11,288,90,759,778,6942,3182,8103,1341,6224,3422,8011,31,257,74,864,522,1349,136,1189,314,5300,48,1393,676,6035,438,4932,436,1295,1455,2825
인천광역시 강화군_2015,10,68,1,0,376,2437,3,89,9,91,204,1333,1382,2787,356,847,1725,3822,35,149,51,663,178,277,61,227,25,82,57,1282,170,1715,181,2024,127,384,600,1156
인천광역시 옹진군_2015,5,24,2,0,53,168,19,940,0,0,84,1003,289,537,65,199,1001,2009,12,60,18,103,34,49,6,39,25,103,45,501,41,375,40,362,51,93,120,299
인천광역시 중구_2015,3,49,15,387,386,7900,8,178,36,386,269,1766,3519,10420,2025,26693,2789,10313,56,1034,92,910,361,1644,130,1015,210,8601,73,6738,282,3630,289,4717,281,1952,997,3356
인천광역시 동구_2015,0,0,1,0,1579,10612,0,0,22,147,323,1446,2767,6583,750,2692,830,1811,21,53,56,422,183,579,110,379,74,918,22,981,141,1794,200,2426,99,270,673,1728
인천광역시 미추홀구_2015,0,0,0,0,2055,16303,6,354,33,272,858,5423,6516,18243,3762,9980,4854,12394,192,1366,319,4808,1029,2759,721,4280,352,6263,58,5607,917,10253,858,10134,782,1874,3265,7596
인천광역시 연수구_2015,0,0,1,0,777,10133,7,592,26,435,447,9320,3955,13685,2079,4756,3256,13243,144,1033,117,1267,886,3424,377,7407,197,3501,33,2362,1081,11548,666,6458,598,2057,1665,3591
인천광역시 남동구_2015,3,29,0,0,7225,86379,5,175,107,1357,974,11276,8167,25294,4518,7616,5785,18518,126,1370,376,7090,1305,4404,734,5121,418,10940,57,6563,1345,11651,1262,15037,987,2798,3318,7727
인천광역시 부평구_2015,0,0,0,0,3538,36118,5,468,34,268,922,7567,8074,23379,3459,6945,5336,15584,133,1704,394,6759,1313,3939,474,3059,439,7125,53,2984,1401,11831,1255,13974,1037,2623,3640,8006
인천광역시 계양구_2015,1,17,1,10,1721,11732,1,30,30,251,538,4405,4098,13009,2574,5306,3068,8873,78,744,120,1737,794,2101,333,1565,207,4709,29,2364,785,7760,733,8454,648,1518,1964,4703
인천광역시 서구_2015,5,30,11,130,6490,61140,17,1565,141,2305,727,5619,6409,22111,3655,11355,4668,13113,57,526,142,1701,1212,2978,333,5060,233,2773,46,4241,1198,10794,1015,11303,811,2277,2877,7014
전라남도 목포시_2015,3,177,5,33,979,3632,9,279,28,316,744,4245,6339,15758,1490,5254,4301,10675,103,990,250,3656,575,1930,339,1519,255,2093,76,4466,987,7304,700,10543,589,1520,2752,5507
전라남도 여수시_2015,38,1047,3,43,1265,20737,28,1057,75,1119,976,13712,6520,15563,1893,7594,5346,12847,74,815,246,3449,404,1810,337,2035,267,4665,129,3348,1113,7378,659,8088,624,1581,2853,5941
전라남도 순천시_2015,11,112,3,29,1093,7848,19,390,37,473,861,10225,5938,15697,1944,6019,4343,11291,81,973,282,4326,523,2264,377,2167,266,2649,79,3632,1167,9233,756,10157,652,2072,2614,5542
전라남도 나주시_2015,38,1156,11,108,772,6017,16,2222,50,307,401,5501,1968,4847,584,1282,1212,3251,55,381,81,1246,224,629,154,1977,93,673,71,2792,211,3062,296,4299,144,841,771,1427
전라남도 광양시_2015,6,39,4,49,814,16299,10,233,53,1125,580,7372,2768,7423,726,7135,2701,6147,64,509,99,1163,270,1111,152,1251,164,5584,62,1891,530,4142,365,3552,331,874,1316,5145
전라남도 담양군_2015,26,173,2,11,619,4276,4,50,16,164,244,2353,943,2277,256,961,754,2168,28,156,41,316,46,110,46,260,32,272,42,979,85,1114,137,1727,61,388,350,811
전라남도 곡성군_2015,16,176,2,9,208,2916,3,34,16,80,120,857,546,1079,132,489,388,927,18,85,23,212,10,13,26,138,20,244,33,1271,64,871,97,1248,59,376,277,526
전라남도 구례군_2015,7,71,0,0,170,753,7,102,10,18,97,393,640,1332,102,264,651,1386,12,74,24,169,24,56,24,122,21,157,31,861,61,592,83,1161,44,178,261,462
전라남도 고흥군_2015,30,199,6,56,469,2813,12,73,12,126,242,1696,1602,3393,348,705,947,1929,32,170,66,680,28,56,58,218,35,116,59,1384,143,1445,196,2212,79,180,721,1202
전라남도 보성군_2015,38,355,3,9,325,1145,10,71,15,75,246,1480,1246,2353,242,499,674,1417,24,127,47,338,25,71,46,236,26,74,62,1167,119,1042,134,1573,71,208,543,1144
전라남도 화순군_2015,24,186,2,254,519,3638,12,113,20,63,305,3645,1130,2626,735,1060,779,2095,31,176,43,361,91,352,104,1362,41,252,53,1318,202,1622,233,3930,105,685,523,873
전라남도 장흥군_2015,49,338,2,13,343,1798,7,94,14,96,189,1064,1094,2486,215,456,682,1429,18,128,50,365,45,108,58,261,26,69,48,1353,104,928,134,1190,73,293,528,1089
전라남도 강진군_2015,18,241,2,17,265,1165,4,119,6,60,147,904,989,1848,149,265,573,1119,21,121,33,448,20,38,43,265,24,112,48,1004,106,874,107,1027,66,205,451,897
전라남도 해남군_2015,53,340,13,176,542,6248,12,105,12,91,245,1372,1667,3794,318,691,1107,2485,20,195,74,839,59,125,72,238,44,149,64,2025,196,1573,211,2480,84,440,768,1427
전라남도 영암군_2015,19,204,4,31,800,19911,8,106,20,112,293,3607,1121,2734,305,1456,906,2576,20,216,51,468,38,108,77,456,48,357,42,1193,140,1850,174,1797,80,490,453,780
전라남도 무안군_2015,13,171,22,67,504,2554,9,100,20,249,161,1278,1292,3125,476,921,1026,2603,24,137,79,1001,138,543,80,502,25,121,55,4490,258,3323,241,2425,115,749,627,1098
전라남도 함평군_2015,31,351,3,24,288,1851,6,55,10,71,115,1180,672,1412,166,435,367,842,17,95,27,241,19,56,34,108,15,101,36,843,69,773,120,1218,46,313,344,481
전라남도 영광군_2015,26,283,165,376,851,2695,15,1583,11,71,192,1666,1264,2719,282,565,762,1741,19,127,53,518,42,143,61,371,78,1164,48,1205,142,1289,164,1772,63,210,530,1001
전라남도 장성군_2015,16,159,2,30,476,5111,5,63,19,131,168,1788,840,1816,287,898,556,1275,24,125,28,249,41,84,48,273,32,326,32,902,93,1024,115,1215,51,390,351,731
전라남도 완도군_2015,25,141,4,84,327,1705,17,148,16,97,167,1123,1320,2800,216,811,1001,1972,33,158,51,511,29,49,34,149,29,66,67,1584,147,1211,145,1380,77,210,535,748
전라남도 진도군_2015,32,198,5,16,204,797,23,148,13,43,166,991,832,1831,155,279,571,1073,18,106,35,332,16,20,24,95,8,56,41,1408,90,736,98,1208,74,307,410,630
전라남도 신안군_2015,7,34,794,1943,170,828,47,190,10,21,125,783,504,936,182,343,569,1207,34,139,30,334,12,18,14,43,26,59,78,966,86,850,97,687,36,120,359,413
전북특별자치도 전주시_2015,16,339,3,13,"2,522","14,393",25,895,57,789,"1,884","18,274","14,314","39,205","6,415","12,030","8,725","26,373",345,"3,628",692,"12,590","2,017","6,890","1,397","7,538",758,"9,817",114,"9,321","3,193","24,072","2,075","25,980","1,445","4,217","6,354","13,654"
전북특별자치도 군산시_2015,22,264,8,194,"1,830","29,602",29,796,65,962,752,"5,302","6,329","13,882","1,856","5,129","4,425","11,289",71,497,225,"2,597",762,"2,256",350,"1,551",310,"4,685",121,"4,046","1,037","9,224",802,"9,419",492,"1,260","2,756","5,059"
전북특별자치도 익산시_2015,44,502,28,353,"2,430","25,339",18,396,71,895,658,"5,732","6,352","15,601","2,339","5,747","3,755","9,808",83,812,234,"3,763",560,"2,149",356,"1,794",273,"4,117",91,"2,887","1,208","9,833",887,"10,604",567,"1,679","2,944","5,962"
전북특별자치도 정읍시_2015,39,375,8,58,819,"7,600",14,208,35,230,292,"1,567","2,482","5,328",802,"1,727","1,545","3,301",46,442,94,"1,208",135,468,139,933,97,718,81,"2,113",414,"3,249",388,"4,121",202,757,"1,236","2,087"
전북특별자치도 남원시_2015,28,284,14,185,613,"3,073",7,83,12,90,302,"1,525","2,132","4,602",597,"1,051","1,365","3,236",33,275,88,"1,011",107,384,99,538,59,461,72,"2,012",326,"2,250",307,"3,208",149,845,881,"1,530"
전북특별자치도 김제시_2015,54,474,2,2,882,"8,960",12,90,50,234,322,"1,486","1,955","4,947",680,"1,365","1,029","2,340",28,239,63,792,127,284,97,386,70,772,56,"1,908",280,"2,326",282,"3,214",132,573,931,"1,920"
전북특별자치도 완주군_2015,21,166,3,65,852,"20,959",6,64,19,135,242,"1,783","1,568","4,037",561,"2,013","1,246","3,843",32,368,42,359,204,439,79,"2,220",72,"1,147",44,"1,439",290,"4,042",269,"3,175",105,376,723,"1,457"
전북특별자치도 진안군_2015,12,168,2,8,276,"1,123",7,82,11,57,101,729,462,"1,035",108,258,326,703,17,109,28,294,13,26,27,194,16,118,38,"1,014",69,704,91,774,23,78,218,404
전북특별자치도 무주군_2015,7,36,1,5,164,633,9,118,5,33,139,838,568,"1,049",85,297,643,"1,750",14,77,24,191,89,225,33,95,21,206,27,"1,061",61,621,85,754,54,343,246,485
전북특별자치도 장수군_2015,10,157,2,21,149,955,3,45,4,22,78,406,348,754,85,127,297,630,12,96,22,159,14,26,24,106,14,62,25,832,56,611,74,639,34,271,203,311
전북특별자치도 임실군_2015,29,365,1,3,222,"1,615",9,80,12,48,139,804,595,"1,145",185,337,355,698,19,110,32,211,20,63,28,217,21,86,48,"1,219",81,"1,013",108,810,45,496,299,528
전북특별자치도 순창군_2015,15,84,2,24,256,"1,381",8,98,8,55,131,875,558,"1,035",112,298,363,789,19,106,33,308,16,40,21,84,24,157,48,836,78,703,117,"1,167",47,177,309,497
전북특별자치도 고창군_2015,43,338,25,106,436,"2,120",11,102,14,125,278,"1,589","1,444","2,766",359,670,802,"1,938",27,149,52,534,61,161,63,236,45,199,65,"1,268",200,"1,528",186,"1,876",109,476,720,"1,409"
전북특별자치도 부안군_2015,20,142,14,85,362,"2,610",11,144,11,102,163,951,"1,420","3,057",344,754,"1,131","2,937",25,164,48,791,93,216,53,162,32,127,58,"1,690",168,"1,487",166,"1,891",86,361,579,"1,101"
제주특별자치도 제주시_2015,189,1331,10,151,1741,8814,0,0,0,0,1913,18086,10337,31476,0,0,9956,32359,0,0,481,7139,0,0,855,5029,0,0,135,7577,1997,15441,1340,15868,1054,6963,"4,053","9,843"
제주특별자치도 서귀포시_2015,207,"2,225",6,57,468,"2,309",0,0,0,0,400,"3,148","3,771","9,997",0,0,"4,570","15,234",0,0,163,"2,094",0,0,116,"1,023",0,0,73,"2,616",547,"4,729",423,"4,366",412,"3,922","1,343","2,735"
충청남도 천안시_2015,30,396,4,61,4733,82400,15,389,95,1258,1771,12369,11639,34031,4245,10397,8747,26436,236,2017,496,6841,1914,5354,1086,7381,866,16881,103,4531,2200,22507,1718,19229,1339,3888,4989,11844
충청남도 공주시_2015,19,155,6,59,768,8368,8,89,34,305,417,3231,2279,5699,623,1813,1999,4950,44,363,97,1270,247,839,169,1040,99,1077,53,2686,342,4067,332,3952,206,845,1124,2233
충청남도 보령시_2015,26,401,10,87,616,5216,16,1295,16,189,331,3235,2321,5195,519,1313,2289,5580,43,250,79,1161,146,500,98,556,62,520,67,2009,326,2362,274,2949,219,473,967,1885
충청남도 아산시_2015,26,253,7,100,2782,82527,10,461,45,583,626,4323,4493,12179,1726,4663,4227,11884,106,652,158,1748,768,2137,328,1746,307,3720,52,2130,838,10353,856,8014,502,1416,2001,4666
충청남도 서산시_2015,19,285,13,86,750,18867,12,418,37,354,478,6924,3167,8078,892,3187,2840,6943,45,323,133,1577,393,983,220,1155,136,1836,68,2424,535,4277,385,4077,292,796,1451,3328
충청남도 논산시_2015,43,426,2,11,1129,10726,6,103,36,437,412,2352,2964,6823,1104,2197,1930,4410,44,251,117,1333,213,588,123,715,92,505,51,2114,360,3567,372,4270,259,590,1360,2927
충청남도 계룡시_2015,1,4,0,0,100,821,4,32,7,58,70,413,525,1293,131,603,436,1095,14,352,29,234,74,334,30,81,21,139,11,705,174,1090,116,823,68,292,272,482
충청남도 당진시_2015,36,473,9,75,1155,28799,14,1276,46,584,545,5649,2958,7689,1067,3630,2766,6888,42,474,101,1206,459,1368,200,1342,161,3958,54,1941,428,3505,398,4241,360,1031,1326,3948
충청남도 금산군_2015,13,107,10,85,1050,9667,9,130,22,264,207,1136,1866,3422,279,836,868,2007,20,145,50,450,91,178,63,274,36,310,31,1047,138,2113,173,1411,89,316,522,960
충청남도 부여군_2015,30,268,9,105,377,3080,4,99,20,149,232,1650,1366,3057,441,773,971,2155,26,153,57,562,74,190,61,276,58,536,51,1380,167,1797,175,1881,86,545,679,1118
충청남도 서천군_2015,13,116,0,0,454,4929,6,338,23,156,185,1556,1363,2502,296,788,883,1909,23,139,45,458,77,161,53,758,50,594,48,1113,147,1160,177,1936,88,217,633,1152
충청남도 청양군_2015,25,190,2,6,291,2695,7,88,17,67,185,1102,780,1663,211,451,532,1208,23,115,32,244,33,63,40,191,27,143,34,896,75,752,97,933,66,215,458,822
충청남도 홍성군_2015,23,334,3,48,573,5148,7,77,27,259,367,1985,2255,5566,563,1270,1556,3696,46,400,104,1318,224,674,128,598,67,393,54,3772,301,3090,244,2662,172,389,954,2162
충청남도 예산군_2015,20,187,7,22,641,8199,5,94,25,257,300,1754,1732,3775,622,1128,1490,3531,30,222,79,889,160,445,109,421,61,261,44,2553,220,1783,210,1830,182,487,836,1959
충청남도 태안군_2015,5,50,19,58,219,802,7,860,16,144,189,1785,1575,3452,310,707,2193,5091,22,162,50,598,108,254,65,771,36,269,43,1351,146,1392,134,1476,136,581,608,1242
충청북도 청주시_2015,29,443,11,133,4952,79287,21,967,155,1621,2352,21900,15249,42873,5040,12785,11374,31840,303,3295,628,9169,2068,7803,1301,10507,854,15457,164,15248,3059,26453,2171,24104,1941,4994,6669,15087
충청북도 충주시_2015,31,571,24,155,1353,16738,9,404,43,496,699,4758,4450,10745,1419,3499,3868,9393,65,570,174,2378,497,1458,277,1476,211,1996,87,2602,769,8096,527,6350,512,2360,2072,4324
충청북도 제천시_2015,22,164,20,155,820,7122,7,238,39,402,633,4032,3274,8021,1103,3734,2888,6819,48,302,106,1369,321,1022,165,678,149,1656,53,1840,484,4589,365,4027,359,939,1524,3112
충청북도 보은군_2015,19,169,4,32,276,3234,4,66,8,83,165,923,780,1361,173,350,652,1308,22,103,39,351,46,85,35,201,24,65,37,1072,97,909,96,1270,58,311,341,584
충청북도 옥천군_2015,7,83,4,10,601,6025,10,146,18,128,211,1408,947,2179,342,936,771,1757,20,130,47,440,79,209,68,370,39,281,36,1257,123,1310,156,1806,88,213,450,802
충청북도 영동군_2015,13,78,2,14,303,2817,2,70,10,179,197,1509,895,1863,272,625,770,1642,23,160,47,428,60,112,60,317,40,260,38,1239,127,1435,147,1507,79,237,462,797
충청북도 증평군_2015,6,69,0,0,233,3540,3,66,12,46,100,547,665,1700,260,488,556,1351,6,41,27,276,66,232,29,73,39,801,10,478,105,881,96,895,78,255,380,701
충청북도 진천군_2015,13,179,3,62,1177,25619,3,74,46,442,246,1443,1285,3262,545,1244,1312,3044,23,239,43,415,170,571,78,364,108,1187,28,1067,185,1758,156,1570,144,1041,531,959
충청북도 괴산군_2015,18,149,6,54,316,3526,5,76,21,133,119,734,557,1475,207,338,794,1746,15,87,32,263,62,96,52,187,14,37,39,1168,80,1265,108,1031,49,122,314,714
충청북도 음성군_2015,24,398,0,0,1870,34640,4,98,48,370,334,2768,1834,4410,809,1793,1705,4057,23,182,77,795,229,762,126,1325,134,2502,40,2068,217,2875,262,3095,203,703,762,1701
충청북도 단양군_2015,5,45,17,257,199,2119,5,72,16,129,202,1652,689,1325,192,831,835,2049,14,73,28,207,36,85,32,141,47,887,31,878,83,720,89,781,87,413,362,1255
서울특별시_2015,0,0,0,0,0,0,0,0,0,0,0,0,0,0,0,0,0,0,0,0,0,0,0,0,0,0,0,0,0,0,0,0,0,0,0,0,0,0
인천광역시_2015,0,0,0,0,0,0,0,0,0,0,0,0,0,0,0,0,0,0,0,0,0,0,0,0,0,0,0,0,0,0,0,0,0,0,0,0,0,0
경기도_2015,0,0,0,0,0,0,0,0,0,0,0,0,0,0,0,0,0,0,0,0,0,0,0,0,0,0,0,0,0,0,0,0,0,0,0,0,0,0
강원도_2015,0,0,0,0,0,0,0,0,0,0,0,0,0,0,0,0,0,0,0,0,0,0,0,0,0,0,0,0,0,0,0,0,0,0,0,0,0,0
충청남도_2015,0,0,0,0,0,0,0,0,0,0,0,0,0,0,0,0,0,0,0,0,0,0,0,0,0,0,0,0,0,0,0,0,0,0,0,0,0,0
충청북도 _2015,0,0,0,0,0,0,0,0,0,0,0,0,0,0,0,0,0,0,0,0,0,0,0,0,0,0,0,0,0,0,0,0,0,0,0,0,0,0
대전광역시_2015,0,0,0,0,0,0,0,0,0,0,0,0,0,0,0,0,0,0,0,0,0,0,0,0,0,0,0,0,0,0,0,0,0,0,0,0,0,0
전북특별자치도_2015,0,0,0,0,0,0,0,0,0,0,0,0,0,0,0,0,0,0,0,0,0,0,0,0,0,0,0,0,0,0,0,0,0,0,0,0,0,0
전라남도_2015,0,0,0,0,0,0,0,0,0,0,0,0,0,0,0,0,0,0,0,0,0,0,0,0,0,0,0,0,0,0,0,0,0,0,0,0,0,0
광주광역시_2015,0,0,0,0,0,0,0,0,0,0,0,0,0,0,0,0,0,0,0,0,0,0,0,0,0,0,0,0,0,0,0,0,0,0,0,0,0,0
경상북도_2015,0,0,0,0,0,0,0,0,0,0,0,0,0,0,0,0,0,0,0,0,0,0,0,0,0,0,0,0,0,0,0,0,0,0,0,0,0,0
대구광역시_2015,0,0,0,0,0,0,0,0,0,0,0,0,0,0,0,0,0,0,0,0,0,0,0,0,0,0,0,0,0,0,0,0,0,0,0,0,0,0
경상남도_2015,0,0,0,0,0,0,0,0,0,0,0,0,0,0,0,0,0,0,0,0,0,0,0,0,0,0,0,0,0,0,0,0,0,0,0,0,0,0
울산광역시_2015,0,0,0,0,0,0,0,0,0,0,0,0,0,0,0,0,0,0,0,0,0,0,0,0,0,0,0,0,0,0,0,0,0,0,0,0,0,0
부산광역시_2015,0,0,0,0,0,0,0,0,0,0,0,0,0,0,0,0,0,0,0,0,0,0,0,0,0,0,0,0,0,0,0,0,0,0,0,0,0,0
제주특별자치도_2015,0,0,0,0,0,0,0,0,0,0,0,0,0,0,0,0,0,0,0,0,0,0,0,0,0,0,0,0,0,0,0,0,0,0,0,0,0,0
