시도별,농업·임업 및 어업/사업체,농업·임업 및 어업/종사자,광업/사업체,광업/종사자,제조업/사업체,제조업/종사자,전기·가스·증기 및 공기조절 공급업/사업체,전기·가스·증기 및 공기조절 공급업/종사자,수도 하수 및 폐기물처리 원료 재생업/사업체,수도 하수 및 폐기물처리 원료 재생업/종사자,건설업/사업체,건설업/종사자,도매 및 소매업/사업체,도매 및 소매업/종사자,운수 및 창고업/사업체,운수 및 창고업/종사자,숙박 및 음식점업/사업체,숙박 및 음식점업/종사자,정보통신업/사업체,정보통신업/종사자,금융 및 보험업/사업체,금융 및 보험업/종사자,부동산업/사업체,부동산업/종사자,전문 과학 및 기술서비스업/사업체,전문 과학 및 기술서비스업/종사자,사업시설관리 사업지원 및 임대 서비스업/사업체,사업시설관리 사업지원 및 임대 서비스업/종사자,공공행정 국방 및 사회보장 행정/사업체,공공행정 국방 및 사회보장 행정/종사자,교육서비스업/사업체,교육서비스업/종사자,보건업 및 사회복지서비스업/사업체,보건업 및 사회복지서비스업/종사자,예술 스포츠 및 여가 관련 서비스업/사업체,예술 스포츠 및 여가 관련 서비스업/종사자,협회 및 단체 수리 및 기타 개인서비스업/사업체,협회 및 단체 수리 및 기타 개인서비스업/종사자,
경기도 수원시,32,237,0,0,"5,570","38,712",85,692,135,"1,443","9,148","39,914","28,231","64,823","10,065","20,298","16,064","43,204","2,211","8,441","1,236","13,871","5,873","14,416","4,921","61,024","3,428","39,263",144,"19,003","5,600","38,230","3,397","47,195","3,201","7,841","9,989","19,354",
경기도 성남시,25,125,0,0,"5,990","41,622",142,"1,429",103,"1,605","5,769","36,374","27,260","81,414","7,991","15,998","12,588","36,673","4,413","78,890","1,016","12,583","5,783","18,171","5,512","47,482","2,545","32,918",126,"11,091","4,897","32,815","3,069","42,468","2,648","7,111","7,628","16,821",
경기도 안양시,5,15,3,50,"5,038","35,480",46,322,68,957,"3,948","24,033","17,828","42,262","6,520","12,307","7,571","19,628","2,054","11,125",741,"7,651","3,241","9,355","3,842","28,148","1,584","17,817",73,"5,724","2,842","18,428","1,708","20,968","1,515","3,545","4,721","9,464",
경기도 부천시,10,28,1,1,"13,472","69,655",25,235,112,"1,568","5,901","23,518","23,426","50,168","8,558","14,168","11,146","26,093","1,703","6,030",915,"10,260","4,149","10,669","2,862","10,019","2,373","18,487",86,"6,138","3,225","21,217","2,340","33,575","2,422","4,871","7,524","13,039",
경기도 광명시,4,7,0,0,"2,369","15,256",12,110,48,525,"1,652","9,487","8,278","19,416","3,171","5,947","3,129","8,748",648,"1,515",202,"2,184","1,376","3,635",901,"3,125",643,"5,247",41,"2,729","1,380","7,914",870,"10,429",612,"2,470","2,181","4,025",
경기도 평택시,135,935,6,38,"5,527","92,861",365,"1,606",238,"2,065","6,587","25,427","13,329","30,022","6,988","18,418","9,146","21,603",366,"1,226",411,"3,885","3,642","6,554","1,403","6,084","1,975","14,280",85,"7,468","2,115","13,302","1,356","16,740","1,308","2,657","4,709","8,977",
경기도 안산시,57,193,6,43,"12,580","125,704",77,820,241,"2,214","9,428","26,774","18,988","41,147","7,767","14,166","10,655","23,535",802,"2,393",681,"7,176","3,435","7,865","2,333","11,605","2,330","15,909",94,"6,254","2,480","18,555","1,815","27,370","2,078","4,557","5,937","10,623",
경기도 과천시,10,33,0,0,150,450,9,13,20,368,275,"2,855","2,225","5,453",505,984,552,"2,063",173,"1,494",47,639,352,"1,866",281,"4,049",120,"2,492",31,"5,022",296,"1,631",165,"1,916",504,"4,852",353,"1,008",
경기도 오산시,7,63,0,0,"1,378","14,030",15,150,54,603,"1,710","5,890","4,501","10,380","2,342","4,186","3,047","7,638",208,531,119,"1,230",969,"2,110",480,"2,040",838,"6,588",25,"2,207",914,"6,778",636,"7,699",584,"1,387","1,705","3,068",
경기도 시흥시,27,61,1,3,"17,356","98,139",59,184,176,"1,312","4,573","14,761","16,628","37,370","6,735","11,088","7,421","16,657",606,"1,372",264,"1,959","2,737","5,478","1,408","4,312","1,468","7,480",53,"4,292","2,051","12,133","1,353","15,990","1,388","2,792","3,697","6,274",
경기도 군포시,7,9,0,0,"3,875","29,314",13,116,52,487,"1,649","6,963","5,811","14,570","3,541","10,998","2,984","7,801",523,"1,621",116,778,"1,192","2,883",882,"4,700",697,"6,592",27,"1,735","1,293","7,739",779,"10,176",648,"1,955","2,053","4,417",
경기도 의왕시,12,23,0,0,"1,413","9,354",15,47,39,250,778,"4,291","3,313","8,707","1,814","4,466","1,436","4,326",342,"2,568",68,400,702,"1,847",623,"6,101",310,"1,233",27,"2,178",581,"3,535",413,"5,203",331,904,"1,027","2,052",
경기도 하남시,16,55,0,0,"2,719","11,828",31,302,56,543,"2,023","9,710","11,272","31,991","2,545","5,235","2,944","8,744","1,337","2,865",126,846,"1,752","3,627","1,411","3,985",858,"4,432",34,"2,314","1,087","5,845",733,"8,117",620,"1,843","1,889","3,895",
경기도 용인시,124,578,14,239,"6,703","61,538",198,443,160,"2,298","6,848","31,917","24,845","61,227","10,450","24,582","10,999","32,510","2,746","9,136",581,"4,505","7,486","16,372","4,578","41,708","2,713","19,362",104,"6,976","5,386","36,638","2,638","33,911","2,443","10,885","6,647","14,099",
경기도 이천시,107,717,2,24,"2,681","46,213",460,573,81,888,"3,036","8,678","5,855","14,188","4,735","14,091","3,725","9,849",152,703,189,"2,007","1,180","2,298",516,"3,343",765,"9,903",66,"2,354",954,"6,537",597,"8,077",600,"2,650","2,021","3,597",
경기도 안성시,150,987,7,32,"3,704","43,125",479,681,125,806,"1,713","6,820","5,354","13,023","4,000","7,457","3,413","7,736",134,462,131,"1,361",923,"1,598",464,"2,166",693,"5,562",57,"2,192",760,"6,361",554,"6,681",551,"2,154","1,676","3,353",
경기도 김포시,96,305,5,18,"13,396","81,027",260,439,206,"1,172","3,227","9,641","14,608","32,721","4,353","9,846","5,553","13,678","1,069","1,952",264,"1,960","3,742","6,860","1,845","3,974","1,422","3,530",50,"2,797","2,240","12,424","1,215","14,035","1,100","2,464","3,280","6,458",
경기도 화성시,166,549,18,131,"27,258","255,327",616,926,457,"3,222","6,537","35,009","22,324","55,570","7,751","21,113","11,236","28,413","1,839","4,055",435,"3,786","6,382","12,409","3,228","39,531","2,504","17,828",84,"5,252","4,395","26,776","2,144","22,945","1,953","5,284","5,634","11,537",
경기도 광주시,81,309,4,71,"8,249","48,794",133,278,74,814,"3,925","11,246","11,258","30,016","5,435","11,574","4,381","10,742",457,873,147,"1,570","2,304","4,012","1,172","3,380","1,227","2,708",41,"2,878","1,270","7,465",858,"10,683",944,"2,787","2,986","5,641",
경기도 여주시,128,603,9,58,"1,525","9,440",493,558,67,509,"1,054","4,535","3,348","7,212","5,806","7,782","2,132","4,779",62,159,85,742,558,"1,028",247,"1,155",350,"2,735",58,"3,276",381,"3,022",358,"4,892",332,"3,129","1,081","2,001",
경기도 양평군,63,240,2,5,688,"1,980",194,260,36,263,"1,595","4,520","2,751","5,594",869,"1,531","2,678","6,133",191,435,69,670,973,"1,431",388,"1,017",234,683,47,"1,845",489,"3,092",352,"4,547",350,"1,094",975,"1,771",
경기도 의정부시,2,39,1,43,"1,959","7,781",23,659,53,623,"3,944","8,939","11,605","23,452","3,699","6,978","6,176","14,610",514,"1,813",535,"4,725","1,903","4,414","1,378","5,103","1,073","4,368",60,"6,761","1,894","11,777","1,440","20,365","1,194","2,721","3,972","6,615",
경기도 동두천시,8,27,0,0,621,"5,159",28,201,48,417,603,"1,774","2,315","4,199",821,"1,429","1,672","3,713",52,194,75,836,381,771,154,379,180,452,31,"1,470",309,"2,492",316,"4,633",209,625,"1,003","1,655",
경기도 고양시,68,262,2,22,"8,073","33,565",195,810,186,"2,285","7,803","28,767","33,411","77,682","8,309","23,038","12,106","33,440","3,348","10,315",880,"7,845","5,125","13,033","4,426","15,200","3,279","16,918",107,"7,661","5,443","29,803","2,834","44,196","3,084","8,465","8,790","18,163",
경기도 구리시,9,17,1,1,"1,180","4,226",11,79,31,331,"1,960","5,479","6,892","15,665","2,029","4,403","2,896","7,159",290,615,254,"2,222",958,"2,310",687,"2,874",595,"3,160",29,"1,471",989,"5,161",638,"8,353",543,"1,492","1,874","3,769",
경기도 남양주시,58,153,4,10,"8,268","38,052",86,290,122,"1,367","5,336","18,396","20,459","47,832","6,608","11,749","7,717","19,590",886,"1,957",262,"2,025","3,345","6,885","1,962","4,652","1,999","5,201",59,"5,015","2,922","16,898","1,854","21,895","1,493","3,831","4,897","8,285",
경기도 파주시,96,341,4,45,"8,058","78,279",308,557,128,"1,297","4,623","13,226","12,608","30,427","5,972","13,895","6,430","15,162","1,233","5,153",239,"1,910","3,034","5,982","1,413","3,545","1,387","5,540",66,"3,089","1,969","12,004","1,200","14,462","1,299","3,669","3,392","6,334",
경기도 양주시,37,85,6,123,"5,454","34,258",122,256,110,"1,100","2,370","6,470","7,063","15,650","2,244","4,606","3,224","7,742",185,389,99,693,"1,296","2,378",490,"1,466",652,"2,137",41,"2,389",832,"5,924",675,"9,084",562,"1,540","2,033","3,472",
경기도 포천시,87,406,19,382,"7,838","46,807",323,668,156,"1,030","1,969","5,120","5,959","14,195","3,438","5,120","3,589","7,883",86,326,124,"1,422",739,"1,200",378,"1,407",520,"1,444",60,"2,592",409,"4,841",448,"5,626",463,"2,450","1,506","2,816",
경기도 연천군,47,227,6,55,478,"2,945",278,354,46,403,531,"2,340","1,063","1,916","3,970","4,535","1,005","2,017",27,124,42,335,175,240,83,303,71,217,35,"1,565",122,960,151,"1,683",133,490,483,817,
경기도 가평군,26,153,2,108,446,"1,909",206,369,27,292,844,"2,397","1,630","3,201",309,854,"3,212","7,213",62,229,43,446,379,671,199,591,141,499,30,"1,548",227,"1,736",206,"2,738",305,"1,799",622,"1,575",
강원특별자치도 춘천시,84,710,10,160,"1,618","8,520",328,"1,170",73,795,"3,251","11,768","7,223","15,701","3,388","6,700","6,066","14,963",447,"3,734",322,"3,504","1,015","3,250","1,034","5,292",739,"3,674",92,"7,512","1,441","11,941",985,"14,474","1,016","4,304","3,231","5,637",
강원특별자치도 원주시,90,380,23,255,"2,451","19,896",541,912,107,"1,029","4,627","16,091","10,022","22,412","3,361","6,894","7,171","15,215",353,"1,756",454,"9,951","1,714","4,411","1,103","5,457","1,052","7,708",85,"6,060","1,710","12,478","1,109","17,955","1,009","3,639","4,016","7,135",
강원특별자치도 강릉시,100,535,30,190,"1,522","7,593",267,693,82,729,"2,990","11,248","6,614","14,069","2,172","4,934","6,500","14,829",185,937,315,"2,813",727,"1,687",627,"3,033",629,"3,587",76,"3,831","1,179","8,459",701,"9,984",704,"1,993","2,572","4,392",
강원특별자치도 동해시,4,21,6,126,595,"3,573",40,486,22,177,"1,854","4,207","2,746","5,417",897,"2,959","2,234","4,447",32,195,116,973,206,629,151,482,218,"1,487",42,"2,323",419,"2,301",263,"3,816",241,551,"1,025","1,713",
강원특별자치도 태백시,25,107,19,803,247,"1,158",86,171,24,259,535,"2,261","1,365","2,626",371,"1,027","1,024","2,244",37,116,61,489,80,249,79,470,98,483,32,"1,900",203,"1,355",145,"3,410",155,614,743,"1,217",
강원특별자치도 속초시,14,86,0,0,488,"2,238",28,86,27,273,900,"2,694","2,958","5,980",754,"1,638","2,942","7,618",59,300,111,"1,037",449,"1,055",200,654,205,515,39,"1,837",366,"2,373",284,"3,191",306,925,"1,028","1,720",
강원특별자치도 삼척시,47,237,44,"1,694",414,"2,052",183,817,34,284,"1,264","4,646","1,844","3,398",408,860,"2,138","4,358",26,175,75,680,138,402,137,922,179,"1,585",59,"2,099",261,"2,722",210,"2,642",219,722,765,"1,228",
강원특별자치도 홍천군,105,498,6,60,499,"2,922",494,571,39,347,"1,296","4,299","1,918","3,734",542,"1,096","2,083","4,932",40,168,64,678,206,369,160,759,200,"1,012",43,"2,036",252,"2,131",213,"2,267",194,"1,633",743,"1,206",
강원특별자치도 횡성군,73,191,2,26,457,"5,484",222,273,21,244,738,"1,878","1,236","2,776",324,580,"1,172","2,791",31,133,34,233,178,299,109,393,101,452,35,"1,492",153,"1,563",154,"1,585",130,753,445,731,
강원특별자치도 영월군,42,155,23,314,310,"2,079",194,360,20,149,778,"5,188","1,118","2,132",253,526,"1,175","2,217",31,160,36,266,60,123,104,471,109,"1,210",45,"3,720",165,"1,135",129,"1,473",171,610,469,760,
강원특별자치도 평창군,118,669,3,41,287,"1,196",212,281,30,255,747,"2,534","1,275","2,597",231,561,"1,855","5,190",28,117,53,463,173,273,125,"1,122",184,785,32,"1,303",158,"1,298",125,"1,043",171,805,450,811,
강원특별자치도 정선군,47,344,22,399,249,"1,091",132,179,14,111,543,"1,661","1,159","1,861",261,575,"1,397","2,875",30,130,76,312,67,148,69,303,137,"2,167",42,"2,116",122,"1,042",96,"1,328",127,"7,637",455,888,
강원특별자치도 철원군,56,364,1,7,314,"1,572",296,352,24,151,480,"3,815","1,063","2,006",226,367,"1,129","2,093",27,170,36,297,90,150,79,316,90,206,25,"1,014",200,"1,152",126,"1,608",175,531,497,815,
강원특별자치도 화천군,33,163,0,0,141,478,259,328,18,155,384,"1,562",543,954,78,253,780,"1,307",19,106,21,134,44,96,40,130,36,74,28,"1,698",99,706,85,673,105,200,242,418,
강원특별자치도 양구군,30,188,4,27,159,598,538,562,18,96,385,"1,246",499,972,88,205,672,"1,305",14,64,22,146,43,86,42,154,50,156,25,"1,455",90,841,64,920,85,321,219,368,
강원특별자치도 인제군,48,219,3,20,240,911,496,543,25,237,618,"2,386",980,"1,791",130,212,"1,331","2,365",14,72,33,270,47,80,65,369,65,226,29,"1,326",127,"1,048",79,"1,989",144,542,306,515,
강원특별자치도 고성군,37,166,19,70,259,"1,230",252,287,14,183,514,"1,898",758,"1,291",164,272,"1,188","3,092",20,39,26,206,94,186,50,230,76,451,25,"1,223",97,920,71,"2,319",73,416,267,456,
강원특별자치도 양양군,41,119,11,115,247,"1,134",50,165,33,218,496,"1,424",959,"1,700",164,689,"1,614","3,459",24,84,29,216,126,257,68,247,99,287,28,"1,085",171,909,83,"1,948",136,416,333,604,
경상남도 창원시,52,205,12,57,"13,625","130,061",238,"1,063",212,"2,063","8,064","29,620","28,783","58,856","9,363","22,595","19,957","41,433",872,"5,063","1,193","13,797","4,504","11,366","3,190","15,980","2,849","21,030",225,"17,428","5,197","31,040","3,041","41,746","2,583","6,912","10,558","18,271",
경상남도 진주시,112,762,3,8,"3,152","15,522",307,912,68,841,"4,057","12,925","10,357","20,559","3,612","7,578","7,056","14,383",308,"1,925",446,"3,963","1,496","6,102","1,043","6,414",778,"2,757",92,"6,921","2,009","13,602","1,107","17,981","1,002","2,098","3,845","6,548",
경상남도 통영시,20,201,1,3,750,"4,179",57,387,41,391,914,"2,824","4,267","8,042",974,"2,145","3,818","7,021",71,343,186,"2,023",418,"1,006",284,985,301,"1,040",64,"2,940",579,"3,360",364,"5,053",341,922,"1,381","2,243",
경상남도 사천시,50,257,1,3,"1,191","18,194",287,425,55,508,"1,023","4,670","3,600","7,338",942,"2,070","2,578","5,596",55,407,107,970,427,884,215,824,229,792,47,"2,039",474,"2,824",365,"5,031",242,901,"1,258","2,176",
경상남도 김해시,48,330,13,163,"13,968","92,477",171,484,333,"2,391","4,853","14,533","15,911","33,523","5,402","10,425","9,225","20,016",347,"1,742",401,"4,247","2,695","4,739","1,455","5,736","1,449","5,154",70,"4,759","2,865","16,484","1,411","21,855","1,302","3,913","4,730","8,475",
경상남도 밀양시,82,379,8,19,"1,164","9,592",293,424,55,397,"1,334","3,788","2,908","5,807","2,229","3,339","2,333","4,298",47,242,111,"1,024",374,676,211,"1,095",161,630,51,"2,243",377,"2,306",311,"4,619",209,585,"1,204","1,862",
경상남도 거제시,17,188,4,18,"1,153","39,598",64,127,51,781,"1,524","9,417","4,795","8,949","1,032","2,748","5,821","11,678",99,618,177,"2,075",845,"2,187","1,181","5,573","1,159","4,512",65,"2,631","1,125","6,997",600,"7,379",547,"1,283","1,921","3,018",
경상남도 양산시,27,147,5,26,"5,697","52,185",74,294,149,"1,235","2,918","7,759","8,515","18,466","7,085","13,647","6,092","13,527",187,650,201,"2,411","1,686","3,418",749,"3,095","1,237","4,944",57,"3,974","1,710","9,510",989,"15,744",801,"2,569","3,261","5,907",
경상남도 의령군,38,199,5,41,377,"2,111",113,168,15,131,280,"1,660",490,905,528,627,517,894,22,87,30,223,40,76,47,146,24,95,36,"1,423",75,758,110,"1,319",44,320,260,486,
경상남도 함안군,44,257,2,6,"3,779","24,393",206,314,76,684,"1,200","2,686","1,917","3,918",566,"1,222","1,280","2,394",33,127,43,308,269,403,142,546,140,686,33,"1,143",227,"1,477",222,"3,911",131,549,667,"1,232",
경상남도 창녕군,61,416,7,18,"1,070","8,937",263,307,41,219,439,"5,476","1,449","2,925",462,965,"1,414","2,649",30,108,51,353,192,253,100,383,144,561,36,"1,329",214,"1,410",209,"3,219",113,380,626,"1,058",
경상남도 고성군,49,226,3,8,663,"5,274",240,751,18,107,649,"2,658","1,372","2,586",334,788,"1,161","2,145",34,136,58,479,146,239,104,320,145,666,44,"1,654",182,"1,321",176,"2,081",100,312,615,997,
경상남도 남해군,45,246,0,0,340,"1,157",276,326,27,138,411,"1,539","1,160","2,129",240,462,"1,773","3,613",36,143,60,464,106,177,76,278,76,213,38,"1,172",161,"1,223",153,"2,287",106,317,454,740,
경상남도 하동군,70,282,6,7,491,"1,558",466,"1,188",23,151,710,"1,918","1,417","2,369",267,420,"1,155","2,035",26,130,43,517,87,152,82,280,62,736,39,"1,477",145,"1,056",166,"2,287",89,244,488,818,
경상남도 산청군,82,375,18,81,443,"2,160",302,407,11,69,459,"2,487",983,"1,851",511,746,934,"1,799",23,113,31,277,73,113,71,222,45,120,37,"1,479",112,994,140,"1,916",82,331,386,912,
경상남도 함양군,77,320,7,34,412,"2,099",227,277,12,74,497,"1,950","1,074","1,936",212,522,934,"1,690",35,129,44,392,67,133,68,262,59,124,33,"1,308",152,"1,049",137,"1,660",71,304,427,726,
경상남도 거창군,68,423,13,157,535,"2,834",427,475,14,178,"1,167","3,970","1,682","2,996",418,869,"1,254","2,412",47,161,61,736,119,229,122,529,109,543,39,"1,709",303,"1,791",212,"2,652",130,422,638,984,
경상남도 합천군,56,467,9,44,398,"1,444",513,602,18,173,769,"4,258",991,"1,737",241,327,881,"1,575",31,137,54,423,69,167,73,293,78,295,50,"1,501",129,"1,004",147,"1,832",70,291,466,"1,121",
경상북도 포항시,62,295,14,52,"3,770","42,140",233,583,142,"2,068","5,928","22,883","14,946","28,478","6,884","14,019","10,572","21,198",383,"2,417",552,"5,636","1,728","3,718","1,292","7,626","1,170","10,073",135,"7,819","2,372","15,563","1,544","22,127","1,420","3,032","5,434","9,681",
경상북도 경주시,99,456,24,61,"4,946","41,374",313,"2,228",137,"1,433","2,530","8,351","7,212","13,631","2,674","5,397","7,338","15,229",180,776,237,"1,956",841,"1,607",624,"4,623",733,"4,998",84,"3,762","1,099","7,399",727,"10,840",745,"2,808","2,690","4,705",
경상북도 김천시,77,451,20,112,"1,273","14,052",633,751,76,494,"1,422","4,839","3,374","6,794","1,451","3,837","2,478","4,992",90,400,145,"1,285",410,"1,061",262,"3,832",261,"1,556",73,"4,118",557,"4,082",440,"6,653",331,631,"1,470","2,268",
경상북도 안동시,88,421,20,122,"1,132","5,146",477,955,48,413,"2,738","7,722","4,878","9,802","1,909","3,647","3,377","6,471",173,974,229,"2,031",417,"1,260",441,"2,425",356,"1,088",97,"7,115",782,"5,802",510,"9,133",459,"1,188","1,845","3,237",
경상북도 구미시,68,367,14,54,"6,449","86,818",769,"1,263",116,"1,108","3,706","13,208","10,221","20,166","4,737","8,188","7,431","15,622",330,"1,339",487,"4,509","1,501","4,996",907,"4,009","1,173","9,374",93,"4,191","2,169","13,475","1,214","13,995","1,241","2,615","4,158","6,785",
경상북도 영주시,36,192,10,121,907,"6,228",627,759,33,255,"1,768","4,077","3,559","7,029","1,063","2,515","2,197","4,490",76,321,127,"1,218",211,582,198,763,148,689,54,"1,943",469,"3,193",310,"4,287",245,718,"1,286","2,097",
경상북도 영천시,76,481,1,10,"2,204","17,472",503,570,113,680,"1,336","6,573","2,997","5,865","1,952","2,654","1,837","3,459",56,215,96,872,311,660,175,943,208,"1,168",59,"2,246",308,"2,250",337,"4,740",206,644,"1,023","1,814",
경상북도 상주시,95,375,14,49,"1,178","6,003","1,270","1,343",38,235,"1,595","4,407","2,509","4,697","1,162","1,997","1,721","3,118",76,273,110,910,178,388,180,911,155,451,67,"2,519",391,"2,815",337,"4,928",191,691,"1,074","1,713",
경상북도 문경시,55,226,5,63,682,"3,916",287,345,32,337,923,"2,472","2,130","4,015",492,908,"1,679","3,103",39,189,70,745,151,273,129,425,116,429,52,"1,589",258,"1,728",250,"5,141",169,476,799,"1,216",
경상북도 경산시,53,224,9,124,"4,379","35,856",350,591,101,629,"2,063","8,260","7,098","14,116","3,277","6,250","4,443","9,290",242,"1,039",186,"1,535","1,179","2,359",772,"4,164",641,"2,212",55,"2,768","1,161","14,188",783,"9,837",647,"1,612","2,436","4,095",
경상북도 군위군,31,138,2,20,356,"2,081",277,308,19,97,580,"2,460",531,"1,118",258,416,436,820,18,82,24,199,76,110,59,313,29,54,38,"1,215",52,383,71,"1,980",48,252,262,404,
경상북도 의성군,70,371,5,8,492,"1,959",425,507,30,198,845,"2,525","1,285","3,425",785,"1,046",818,"1,372",35,225,67,495,67,118,86,378,63,153,58,"1,645",106,879,191,"2,571",69,516,575,910,
경상북도 청송군,26,175,6,48,232,618,170,270,11,76,242,"2,136",746,"1,352",160,377,711,"1,187",19,90,29,182,37,49,31,123,27,79,38,"2,323",64,510,88,"3,244",56,182,288,436,
경상북도 영양군,26,138,1,10,105,339,239,286,7,31,265,"1,263",375,647,74,135,285,439,13,64,14,116,3,5,26,297,17,55,27,"1,163",43,398,63,696,24,76,159,207,
경상북도 영덕군,22,114,13,51,359,"1,367",213,263,20,143,678,"2,122","1,414","2,176",203,336,"1,234","2,189",26,128,51,358,69,110,66,265,47,171,39,"1,276",109,884,128,"1,539",89,388,476,717,
경상북도 청도군,88,"1,064",2,20,578,"2,479",135,187,21,168,325,"1,255","1,220","2,511",587,791,"1,107","2,136",28,114,39,666,167,217,92,292,72,238,36,"1,940",128,757,158,"1,955",89,420,500,835,
경상북도 고령군,27,165,9,74,"1,735","10,057",115,160,57,390,451,"1,916","1,102","2,305",453,739,535,"1,018",26,97,30,196,102,167,66,203,58,116,29,"1,026",82,578,113,"1,313",71,303,307,605,
경상북도 성주군,49,252,6,64,"1,887","10,671",315,450,55,377,682,"2,374","1,248","2,438",931,"1,682",939,"1,754",25,128,45,315,153,252,96,310,84,196,36,"1,343",101,703,132,"1,690",76,219,375,587,
경상북도 칠곡군,39,236,6,46,"4,039","27,369",233,373,95,543,"1,139","3,937","4,113","9,048","1,577","4,410","2,266","4,659",63,299,76,586,451,926,198,980,426,"1,248",48,"1,803",435,"3,282",325,"4,325",310,907,"1,158","2,076",
경상북도 예천군,53,195,4,12,365,"1,267",553,686,25,211,442,"1,831","1,233","2,417",284,514,894,"1,635",39,221,48,312,118,231,90,283,73,183,47,"1,763",228,"1,288",200,"2,525",92,339,515,838,
경상북도 봉화군,43,186,6,82,261,"1,886",274,361,22,175,442,"1,868",727,"1,268",140,359,687,"1,138",19,92,34,212,36,47,44,105,22,76,38,"1,266",77,661,82,883,61,457,315,503,
경상북도 울진군,29,217,10,41,294,"1,073",66,"2,409",21,150,619,"2,359","1,614","2,634",216,372,"1,484","2,819",34,132,55,383,78,138,79,"1,299",99,400,46,"2,238",181,"1,200",127,"1,838",133,405,557,788,
경상북도 울릉군,3,10,0,0,107,360,4,46,11,73,114,519,319,549,74,234,460,912,13,55,13,66,6,11,11,21,46,168,25,607,25,183,16,176,24,79,128,329,
광주광역시 동구,7,11,0,0,966,"2,031",72,98,8,147,891,"5,630","5,605","10,447",826,"1,890","2,896","6,744",283,"2,567",340,"3,990","1,095","2,424","1,021","4,166",431,"4,526",36,"2,865",626,"6,360",492,"12,411",458,"1,806","1,597","2,716",
광주광역시 서구,18,91,8,29,"1,303","11,386",355,740,42,972,"5,209","24,173","11,161","25,564","2,282","6,351","5,088","13,752",410,"2,279",954,"12,280","2,426","8,883","1,609","7,454","1,016","10,026",74,"7,064","1,624","7,928","1,167","15,170",985,"3,207","3,615","7,094",
광주광역시 남구,15,36,1,4,637,"1,773",185,203,32,357,"1,536","15,006","4,634","8,719","1,414","2,663","2,642","5,902",249,"1,146",137,807,"1,204","2,403",524,"1,937",407,"1,905",32,"1,804","1,302","8,535",815,"14,667",608,"1,352","2,212","4,221",
광주광역시 북구,27,39,1,4,"2,927","21,150",526,946,38,333,"4,359","25,192","12,401","27,048","5,315","9,968","6,236","14,176",465,"2,533",330,"2,969","2,240","5,407","1,454","6,862","1,174","8,593",69,"4,568","2,103","15,846","1,456","22,021","1,378","3,699","4,568","7,559",
광주광역시 광산구,45,335,2,8,"5,702","51,820",547,"1,040",120,726,"3,346","11,660","10,958","24,384","7,591","14,052","5,933","14,323",277,"2,177",244,"1,922","2,278","4,903",951,"3,254","1,099","5,733",60,"3,443","2,063","13,075","1,290","17,428","1,152","2,614","3,778","6,920",
대구광역시 중구,0,0,0,0,"2,190","4,573",22,263,14,348,702,"6,379","11,135","20,228",940,"1,723","3,862","9,568",312,"1,641",693,"10,016","1,038","2,467",986,"3,275",625,"4,097",37,"2,804",729,"3,810",664,"13,339",435,"1,200","1,883","3,691",
대구광역시 동구,13,32,1,4,"1,948","8,381",102,"1,603",65,441,"2,720","15,024","10,278","22,841","5,457","12,055","5,320","12,156",448,"3,606",292,"2,759","1,749","4,455","1,214","6,293",895,"6,469",73,"3,554","1,442","8,060","1,056","13,279",798,"1,875","3,554","7,137",
대구광역시 서구,1,3,1,4,"3,770","18,467",34,290,52,539,"1,742","4,830","6,880","15,434","2,204","4,927","3,101","5,530",88,548,167,"1,714",726,"1,619",343,"1,490",498,"2,623",39,"2,897",484,"3,467",574,"8,550",439,790,"2,198","4,287",
대구광역시 남구,3,12,1,4,967,"2,194",38,46,28,206,"1,735","4,871","4,872","8,768","1,151","1,932","2,795","5,436",263,"1,264",143,"1,040",752,"1,591",753,"2,847",451,"3,365",32,"1,827",601,"4,405",565,"13,705",494,990,"2,061","3,092",
대구광역시 북구,9,184,0,0,"10,059","33,214",78,431,66,564,"3,025","11,452","16,039","35,627","5,328","8,773","6,541","14,431",495,"3,289",295,"2,393","1,837","4,377","1,109","4,491",881,"5,835",70,"5,500","2,007","18,022","1,166","16,551","1,049","2,516","3,714","6,557",
대구광역시 수성구,8,9,2,8,"1,164","3,062",146,372,22,339,"2,322","23,825","9,149","19,307","3,078","4,732","5,690","15,355",483,"2,713",587,"7,748","2,796","6,233","1,953","7,703",790,"9,769",71,"6,201","3,355","15,236","1,293","15,091","1,116","3,108","3,827","6,382",
대구광역시 달서구,7,14,2,8,"7,563","54,441",139,278,96,"1,043","5,513","13,942","13,535","28,367","8,184","14,252","8,070","17,948",452,"2,235",591,"5,398","2,582","5,871","1,495","6,323","1,304","9,050",78,"5,035","2,834","19,734","1,540","23,257","1,524","3,579","5,082","8,553",
대구광역시 달성군,26,188,2,8,"5,597","49,050",111,343,127,956,"1,638","6,716","5,756","11,413","3,040","6,609","3,381","7,603",126,359,111,949,"1,072","2,683",396,"1,761",578,"2,655",44,"3,515","1,065","7,315",674,"8,401",530,"1,417","1,810","2,819",
대전광역시 동구,6,24,0,0,"2,357","6,763",52,605,38,238,"1,518","8,414","7,197","15,034","2,606","7,496","3,558","7,649",234,812,135,931,860,"1,752",431,"2,209",537,"5,326",45,"2,666",712,"7,536",792,"10,095",551,"1,047","2,307","4,017",
대전광역시 중구,11,42,1,4,"1,099","3,415",49,397,37,200,"3,637","10,561","7,761","16,233","3,442","6,858","4,208","9,202",315,"1,794",337,"4,886","1,023","2,596",664,"2,177",784,"8,020",47,"3,495",998,"7,048",902,"17,234",739,"2,071","2,992","5,036",
대전광역시 서구,16,216,0,0,"1,526","4,334",113,488,48,348,"3,383","17,599","13,502","28,450","4,116","6,182","7,318","18,606",940,"6,593",936,"11,759","2,568","7,817","2,283","10,305","1,473","16,189",103,"15,428","2,656","17,936","1,744","24,138","1,496","3,648","4,954","9,032",
대전광역시 유성구,48,179,6,6,"2,434","23,575",109,422,33,837,"2,431","17,803","9,666","28,273","2,599","4,862","5,901","16,738","1,147","9,088",221,"1,541","2,032","4,724","2,002","38,347",901,"7,365",52,"4,720","1,960","20,461","1,086","13,458",969,"3,363","2,968","6,125",
대전광역시 대덕구,10,43,3,9,"3,633","29,748",67,152,71,"2,519","2,056","8,570","7,203","17,512","4,099","9,411","2,846","6,164",155,582,103,773,627,"1,244",385,"2,801",500,"5,951",31,"2,285",665,"4,822",554,"8,588",558,"1,038","2,118","4,214",
부산광역시 중구,18,"1,596",1,5,697,"1,521",2,25,11,192,307,"1,888","6,511","12,027","4,937","21,150","2,746","6,533",128,832,219,"1,911",650,"1,459",425,"2,831",448,"5,306",37,"2,374",179,972,241,"3,932",292,638,"1,090","2,112",
부산광역시 서구,19,"1,290",2,10,542,"2,756",8,78,14,210,377,"1,482","4,310","9,336","1,446","3,514","1,870","4,335",58,213,80,518,387,796,194,595,281,"2,424",31,"1,713",384,"3,177",386,"12,039",163,551,"1,078","1,825",
부산광역시 동구,6,40,1,5,"1,246","2,826",10,16,11,143,"1,025","5,723","5,735","11,705","3,188","12,043","2,291","5,363",177,"1,391",600,"7,491",654,"2,072",592,"3,669",645,"9,147",48,"2,296",290,"1,870",395,"8,073",193,685,"1,532","2,875",
부산광역시 영도구,7,255,0,0,"1,922","10,480",4,32,25,323,492,"1,751","2,701","5,763","1,340","3,741","1,817","3,780",83,463,52,326,402,842,194,"1,569",297,"2,308",37,"2,070",342,"4,036",304,"5,642",198,545,"1,091","1,740",
부산광역시 부산진구,8,11,2,10,"2,466","7,034",7,445,21,577,"3,883","16,263","13,660","27,518","3,761","8,431","7,174","18,332",392,"1,560",854,"13,174","2,452","6,858","1,445","6,778","1,246","14,101",60,"3,305","1,605","12,422","1,281","20,972",812,"2,671","3,911","10,962",
부산광역시 동래구,7,166,1,5,"1,235","3,364",16,104,21,667,"2,757","17,327","7,460","15,216","2,659","3,896","4,446","10,364",213,886,242,"2,182","1,481","2,921",767,"3,534",762,"7,344",34,"2,200","1,458","8,038",841,"14,913",683,"1,770","2,656","4,424",
부산광역시 남구,3,14,1,5,"1,236","5,970",14,480,30,327,"1,444","7,695","6,086","12,556","4,294","12,726","3,557","8,713",337,"1,101",198,"5,858","1,283","2,549",759,"2,441",700,"5,281",49,"2,821","1,103","11,136",696,"9,446",543,"1,564","2,302","4,248",
부산광역시 북구,0,0,1,5,841,"2,813",9,78,34,468,"1,241","4,439","5,508","10,621","2,887","3,956","3,323","7,531",163,690,179,"2,832",990,"2,061",440,"1,528",550,"2,454",38,"2,379","1,138","7,152",745,"12,135",617,"1,298","2,098","3,390",
부산광역시 해운대구,5,9,1,5,"1,196","6,553",31,152,36,455,"2,025","13,797","11,482","27,011","4,369","7,902","5,690","18,712",951,"7,187",347,"3,381","2,993","7,320","2,175","10,183","1,182","9,171",64,"3,413","2,196","11,107","1,119","17,363",870,"3,010","3,325","6,366",
부산광역시 사하구,8,238,1,5,"3,939","29,856",12,340,72,970,"1,575","5,380","7,086","15,795","3,717","9,583","4,519","9,508",168,538,157,"1,556","1,264","2,847",548,"2,104",664,"3,399",54,"2,592","1,221","9,005",827,"13,742",639,"1,347","2,805","4,623",
부산광역시 금정구,10,45,0,0,"2,064","9,173",13,17,42,405,"2,041","16,578","6,553","15,128","4,336","9,371","3,891","8,776",245,995,133,"1,011","1,256","2,511",854,"4,226",613,"3,629",43,"2,979","1,119","9,259",661,"10,060",681,"2,046","2,308","4,508",
부산광역시 강서구,19,42,8,28,"9,294","73,851",86,232,99,746,"1,645","5,534","7,846","20,979","2,240","10,029","2,578","6,349",129,"1,115",106,709,"1,361","2,188",648,"3,631",533,"1,889",57,"3,043",711,"4,058",336,"3,699",567,"1,694",938,"1,924",
부산광역시 연제구,7,22,0,0,811,"2,696",9,10,17,98,"1,670","14,360","5,516","12,512","3,453","5,375","3,381","7,676",228,"1,212",560,"6,477","1,459","3,891","1,608","6,799",698,"6,006",50,"9,100",913,"5,802",662,"10,257",447,981,"2,168","4,315",
부산광역시 수영구,4,9,0,0,719,"2,012",10,335,21,321,"1,506","8,118","5,392","10,840","1,810","3,745","3,488","8,494",236,"1,042",116,726,"1,177","2,232",674,"2,631",613,"2,158",29,"1,888",848,"3,509",530,"8,983",449,918,"1,913","3,170",
부산광역시 사상구,5,7,0,0,"8,289","38,257",14,107,90,803,"2,548","6,919","11,435","28,768","4,008","8,290","3,744","7,653",258,"1,020",162,"1,075","1,088","2,322",754,"3,625",615,"3,169",36,"2,691",668,"6,323",523,"8,829",546,"1,093","2,163","4,684",
부산광역시 기장군,30,96,1,5,"1,725","17,707",42,"1,761",77,714,"1,236","6,421","5,077","11,071","1,445","4,031","3,038","8,934",91,272,80,679,900,"1,761",327,"1,359",505,"2,212",26,"2,981",841,"4,558",583,"6,590",354,"1,228","1,358","2,821",
서울특별시 종로구,4,29,3,8,"5,382","13,650",29,472,12,104,652,"28,933","20,133","46,065","1,642","8,303","7,130","22,283","1,536","18,921","1,088","27,765","2,617","9,437","2,788","27,736","1,682","17,832",99,"16,873","1,045","13,078",804,"19,348","1,221","5,966","2,664","7,767",
서울특별시 중구,3,3,1,5,"10,886","27,817",23,736,16,390,657,"7,290","36,793","95,063","2,440","15,314","6,591","27,030","1,730","28,159","3,184","60,692","3,287","12,954","3,973","44,835","2,029","34,170",68,"20,775",647,"9,905",805,"11,615",690,"3,569","2,306","7,742",
서울특별시 용산구,4,17,0,0,"1,436","3,827",19,42,22,160,932,"9,363","11,185","38,471","1,692","4,569","5,111","16,231","1,346","11,699",386,"5,007","2,244","5,501","2,190","19,215",800,"12,146",48,"3,405",815,"7,793",620,"8,280",722,"2,894","1,935","5,668",
서울특별시 성동구,7,14,1,1,"5,549","26,202",39,474,34,820,"1,972","8,823","11,853","38,787","2,825","8,869","4,493","11,817","2,138","16,985",464,"4,200","2,380","6,538","3,499","20,591",981,"17,941",44,"3,284","1,238","11,262",818,"9,870",852,"2,323","2,395","7,576",
서울특별시 광진구,3,4,0,0,"2,321","7,271",21,28,22,260,"1,791","12,450","10,062","23,213","2,900","5,825","5,261","14,877","1,068","4,418",323,"3,029","2,144","5,047","1,826","6,740","1,053","12,635",36,"2,973","1,436","13,744",978,"12,372","1,211","3,486","2,967","5,858",
서울특별시 동대문구,1,3,2,6,"4,036","13,827",18,20,33,277,"3,212","7,931","15,223","34,882","3,762","6,199","5,185","11,948",741,"2,589",365,"4,172","2,164","5,437","1,297","8,868",947,"10,317",51,"3,981","1,198","13,807","1,064","16,621",879,"2,287","2,851","5,136",
서울특별시 중랑구,0,0,1,3,"4,244","14,720",12,180,31,227,"4,409","10,660","8,958","18,655","5,498","10,648","4,481","9,830",616,"1,712",223,"1,809","1,709","3,607","1,036","2,375",910,"3,904",47,"3,635","1,078","7,816","1,100","14,115","1,063","2,269","3,142","4,921",
서울특별시 성북구,1,8,0,0,"3,150","9,778",40,46,23,262,"1,570","6,720","9,132","18,869","3,446","6,178","4,805","11,423","1,007","3,386",221,"1,552","1,906","3,935","1,378","6,381",832,"7,314",50,"3,391","1,705","18,428","1,109","16,325","1,051","2,390","2,994","5,412",
서울특별시 강북구,0,0,0,0,"2,095","6,363",14,97,18,396,"1,585","6,532","6,967","12,887","2,994","6,219","4,130","9,461",502,"1,279",378,"3,917","1,250","2,547",842,"1,869",691,"4,396",41,"2,895",870,"5,854",857,"12,312",877,"1,841","2,600","4,411",
서울특별시 도봉구,0,0,0,0,"1,405","4,252",21,47,18,178,"1,537","5,362","6,548","12,752","4,751","8,493","3,033","7,030",491,"1,252",194,"1,144","1,145","3,729",773,"2,222",633,"2,992",38,"4,238","1,083","7,186",860,"12,485",736,"1,586","2,341","4,481",
서울특별시 노원구,4,6,0,0,"1,309","4,240",33,327,28,253,"2,070","5,711","9,675","19,196","6,229","11,331","4,655","12,644",948,"2,166",357,"3,658","1,689","4,947","1,303","3,827",940,"5,371",39,"3,797","2,418","20,640","1,486","20,928","1,122","2,871","3,137","5,541",
서울특별시 은평구,3,5,1,1,"1,551","3,772",20,179,24,286,"2,074","7,638","9,487","18,451","4,746","8,524","4,888","11,512","1,099","2,747",279,"2,188","2,280","4,508","1,307","3,174",935,"2,940",52,"4,868","1,747","10,994","1,303","18,196","1,042","2,413","3,435","5,966",
서울특별시 서대문구,1,1,0,0,"1,090","3,000",13,63,19,602,"1,684","6,168","7,075","16,147","3,339","5,934","4,577","12,112","1,205","4,734",273,"4,684","1,730","3,840","1,526","8,386",882,"6,166",43,"5,513","1,339","20,072",838,"16,058",754,"1,773","2,381","5,094",
서울특별시 마포구,9,18,2,10,"2,058","6,073",26,501,48,389,"2,973","20,235","13,605","41,025","3,917","12,716","9,532","25,747","5,385","48,429",915,"10,501","3,600","8,649","5,381","26,611","2,200","34,856",61,"5,451","2,354","15,837","1,314","13,221","1,620","4,304","3,694","10,510",
서울특별시 양천구,1,26,1,1,"1,638","5,125",21,292,33,543,"2,292","11,972","9,257","20,421","5,924","11,537","3,974","10,824","1,041","5,978",289,"2,324","1,971","4,730","1,522","4,530",891,"5,544",47,"5,918","2,757","15,081","1,273","16,620","1,074","2,611","3,177","6,294",
서울특별시 강서구,4,45,0,0,"1,992","8,664",42,516,57,770,"3,130","18,494","16,465","44,848","8,490","52,507","6,868","19,390","2,634","15,277",551,"5,268","3,420","9,197","3,218","28,689","1,842","20,106",59,"4,716","2,321","14,598","1,698","23,740","1,546","3,888","4,451","9,525",
서울특별시 구로구,5,16,1,1,"4,646","19,190",30,148,35,523,"2,732","18,377","17,542","44,781","5,250","10,940","5,102","13,538","3,655","33,732",692,"8,308","2,543","5,887","2,938","18,898","1,442","21,240",46,"4,218","1,530","11,701","1,234","17,669","1,073","2,705","3,051","7,296",
서울특별시 금천구,5,12,0,0,"6,690","40,534",27,108,29,281,"2,381","22,261","13,984","45,905","3,110","8,124","3,698","9,535","4,752","43,918",354,"2,865","2,333","5,731","4,129","32,696","1,295","25,390",31,"2,446",857,"6,529",733,"8,891",714,"1,454","2,232","5,985",
서울특별시 영등포구,8,26,2,4,"4,949","14,406",52,821,36,439,"10,619","44,487","17,657","63,017","5,618","13,512","7,731","24,199","3,871","36,693","4,981","65,564","3,572","11,431","4,915","38,854","1,989","64,337",73,"9,481","1,637","9,810","1,333","20,657","1,482","4,753","3,535","12,207",
서울특별시 동작구,3,5,0,0,976,"2,442",18,165,21,484,"1,624","5,967","7,817","16,876","2,189","3,299","4,415","10,994","1,002","5,940",248,"3,808","1,946","6,287","1,211","7,531",783,"7,603",41,"3,891","1,560","13,104","1,090","14,484",978,"2,517","2,583","5,245",
서울특별시 관악구,2,13,0,0,"1,976","5,413",22,23,20,226,"2,384","13,857","9,444","18,286","4,050","6,047","6,329","15,455","1,266","4,730",243,"1,856","2,520","5,390","1,614","6,703","1,015","11,446",50,"3,541","1,534","17,051","1,236","15,738","1,353","3,248","3,581","6,658",
서울특별시 서초구,18,98,2,32,"1,710","7,125",59,279,34,383,"4,348","70,247","19,615","79,806","4,510","14,683","7,127","27,693","4,875","41,316","1,610","19,295","6,195","19,305","11,972","82,863","2,396","52,331",69,"12,950","3,467","25,303","1,858","24,163","1,908","6,701","4,085","13,105",
서울특별시 강남구,39,122,6,20,"3,125","19,449",113,"1,078",40,933,"3,399","75,538","28,430","165,267","3,816","12,650","12,776","53,628","9,237","85,746","3,589","36,537","11,363","42,946","17,293","138,557","3,749","82,450",59,"7,713","5,285","33,740","3,467","47,305","2,901","10,059","6,367","24,708",
서울특별시 송파구,32,276,1,1,"2,483","10,843",84,157,44,619,"4,832","63,172","24,258","82,496","7,370","17,969","8,432","30,032","2,821","34,226",945,"9,771","4,778","16,236","6,032","40,157","1,996","28,005",71,"8,091","3,092","19,470","2,020","30,697","2,078","8,133","5,043","11,547",
서울특별시 강동구,13,88,1,1,"1,945","6,373",28,42,31,537,"2,739","27,258","11,259","27,341","4,897","9,088","5,433","13,410",971,"3,773",386,"3,190","2,645","5,728","1,517","8,638","1,159","14,368",44,"2,861","1,920","11,434","1,370","21,535","1,097","2,586","3,523","6,518",
세종특별자치시,84,?263,?11,?115,"?1,764","?20,429",?299,?920,?96,?712,"?2,130","?9,660","?5,989","?12,528","?1,967","?4,845","?4,442","?11,346",?609,"?2,503",?240,"?2,165","?2,630","?5,327","?1,108","?8,298",?784,"?4,953",?138,"?21,609","?2,322","?15,688",?954,"?11,601",?748,"?2,456","?2,175","?4,313",
울산광역시 중구,6,33,1,1,"1,243","3,149",13,52,30,169,"2,000","5,335","5,541","9,779","1,935","2,723","3,549","6,426",172,"1,160",134,"2,242",737,"1,561",569,"5,211",465,"2,508",34,"2,567","1,056","6,122",557,"7,795",618,"1,213","2,249","3,439",
울산광역시 남구,14,25,3,3,"2,134","30,249",50,838,102,"1,018","4,170","21,071","10,221","22,304","4,264","10,889","7,609","17,397",305,"2,005",722,"8,000","2,115","4,776","1,669","8,427","1,108","8,505",72,"6,702","2,019","11,855","1,100","14,465","1,117","2,888","3,833","6,794",
울산광역시 동구,3,11,0,0,738,"38,769",13,13,16,162,439,"1,268","2,644","4,739",662,"1,375","2,780","6,004",56,283,100,988,332,585,225,"2,272",260,"1,088",22,"1,349",604,"4,114",387,"6,826",386,724,"1,182","1,672",
울산광역시 북구,11,36,2,2,"2,296","54,113",29,310,23,166,895,"3,959","4,010","9,154","1,998","4,726","2,911","7,142",86,384,100,737,735,"1,494",415,"1,431",435,"3,520",29,"1,921",972,"6,288",496,"5,623",491,945,"1,505","3,367",
울산광역시 울주군,58,281,12,268,"3,824","49,453",138,"1,390",142,988,"2,411","15,066","4,775","10,416","3,759","9,100","4,261","8,795",113,496,105,778,859,"1,567",389,"1,721",709,"4,359",50,"2,875",934,"7,371",512,"6,889",581,"1,319","1,791","3,033",
인천광역시 강화군,74,286,3,53,648,"3,461",243,297,24,209,787,"2,105","1,975","3,440",902,"1,346","2,159","4,308",58,195,51,524,432,563,151,346,107,273,56,"1,662",211,"1,757",214,"3,188",181,546,653,"1,041",
인천광역시 옹진군,20,58,1,6,80,421,30,"1,001",6,14,198,"1,289",400,695,93,231,"1,142","2,033",15,61,14,110,72,100,13,83,54,130,44,688,41,378,50,414,70,150,143,339,
인천광역시 중구,4,9,21,361,745,"9,424",32,128,36,392,897,"2,592","5,313","12,807","6,369","34,267","3,734","10,627",200,"1,190",102,960,"1,042","2,335",367,"1,517",584,"13,707",71,"7,849",551,"4,157",368,"7,160",455,"2,891","1,220","2,924",
인천광역시 동구,1,3,0,0,"1,991","11,196",2,11,36,208,"1,518","3,396","3,594","7,365","1,746","3,732",841,"1,764",71,127,59,278,231,477,195,544,230,966,25,"1,821",167,"1,645",225,"5,847",108,314,660,"1,579",
인천광역시 미추홀구,3,3,1,1,"2,822","15,216",15,242,62,639,"4,970","12,702","10,150","19,561","5,385","10,460","5,877","12,495",446,"1,274",390,"4,347","1,715","3,486","1,345","6,184","1,190","6,885",63,"5,802","1,179","10,261","1,048","16,680","1,136","2,154","3,769","6,604",
인천광역시 연수구,6,8,0,0,"1,445","19,362",23,526,49,872,"1,433","12,606","9,123","22,601","3,037","6,116","4,472","14,154",715,"2,708",210,"1,536","2,109","5,227","1,355","9,243",750,"4,967",37,"3,588","1,933","14,471",965,"11,408",960,"2,664","2,338","4,260",
인천광역시 남동구,10,34,1,1,"9,374","79,089",32,92,195,"1,529","4,331","20,532","14,113","30,883","5,638","9,079","7,411","17,833",573,"2,085",659,"6,583","2,413","6,599","1,734","7,770","1,452","12,501",61,"8,325","2,023","13,094","1,601","25,869","1,486","3,441","4,475","7,756",
인천광역시 부평구,3,7,0,0,"4,270","32,553",17,544,46,389,"3,171","12,286","12,613","26,105","4,396","7,866","6,118","14,894",602,"2,499",577,"6,901","1,993","4,473","1,201","6,816","1,343","5,616",53,"3,370","1,710","11,443","1,357","22,561","1,320","2,738","4,325","7,537",
인천광역시 계양구,6,8,2,31,"2,292","12,367",4,4,45,455,"2,500","8,616","7,150","15,755","3,820","6,835","3,516","8,150",333,908,178,"1,626","1,151","2,657",700,"2,129",824,"6,064",29,"2,658",992,"7,063",843,"13,172",827,"1,638","2,505","4,471",
인천광역시 서구,20,69,7,114,"9,990","70,517",48,"1,558",235,"2,954","4,376","16,746","14,275","33,564","6,629","16,104","6,618","15,492",736,"2,980",251,"1,753","2,966","5,548","1,286","7,290","1,403","6,421",51,"5,149","2,126","12,925","1,340","19,617","1,400","3,123","4,185","8,361",
전라남도 목포시,12,122,6,23,"1,433","4,648",167,351,47,522,"2,807","7,547","7,658","14,462","3,582","6,871","4,885","10,392",187,955,299,"3,344",869,"2,317",567,"2,071",612,"2,144",75,"4,230","1,077","6,885",780,"12,777",696,"1,711","3,022","5,123",
전라남도 여수시,70,"1,124",6,50,"1,858","24,955",380,"1,275",129,"1,860","2,588","25,862","8,416","16,913","4,095","9,995","6,793","14,552",150,912,312,"3,193",826,"2,658",595,"3,151",728,"6,759",127,"4,200","1,184","7,663",791,"12,329",775,"2,099","3,223","5,378",
전라남도 순천시,92,356,12,49,"1,582","8,583",815,"1,111",68,893,"3,806","13,161","8,409","16,655","2,301","5,417","5,086","11,359",200,"1,211",386,"4,494","1,009","3,017",752,"3,447",708,"3,813",82,"4,185","1,435","10,238",840,"13,936",880,"2,462","3,228","5,675",
전라남도 나주시,175,"1,886",10,47,"1,172","8,055",820,"4,086",71,451,"1,723","7,815","3,185","6,540","1,863","2,853","1,853","4,149",278,"2,446",105,"1,105",570,"1,291",424,"3,962",324,"1,802",77,"3,234",459,"4,032",419,"5,727",271,"1,118",997,"1,826",
전라남도 광양시,41,126,4,39,"1,310","20,760",365,662,75,"1,341","2,201","11,767","4,153","8,395","2,619","8,954","3,156","6,489",110,773,123,"1,153",436,"1,133",299,"1,246",450,"7,524",62,"2,793",638,"4,471",415,"6,421",454,"1,135","1,567","2,877",
전라남도 담양군,91,258,1,9,830,"4,609",326,383,30,148,771,"3,008","1,451","2,815","1,074","1,738","1,002","2,425",48,172,35,232,136,207,114,616,105,380,39,"1,250",106,"1,191",171,"2,149",105,389,348,650,
전라남도 곡성군,60,212,3,17,268,"3,173",285,323,19,89,460,"2,123",689,"1,192",487,916,481,998,24,87,24,242,31,41,66,291,59,168,35,"1,431",79,848,123,"1,515",76,425,285,416,
전라남도 구례군,28,120,0,0,217,818,53,90,22,80,278,818,850,"1,483",232,547,747,"1,304",23,103,29,193,48,73,39,103,42,346,31,793,83,625,88,"1,445",77,259,276,525,
전라남도 고흥군,144,399,11,54,629,"3,143","1,137","1,240",21,184,660,"2,982","1,902","3,563",367,754,"1,062","2,071",36,166,80,766,55,108,88,346,80,181,54,"1,711",167,"1,407",224,"3,128",150,356,688,"1,077",
전라남도 보성군,105,520,3,4,383,"1,239",329,389,20,117,643,"2,160","1,343","2,199",447,833,737,"1,386",24,108,49,286,38,68,64,191,58,236,60,"1,440",108,"1,062",140,"2,536",72,232,407,637,
전라남도 화순군,110,417,7,198,643,"3,465",590,653,30,162,976,"5,051","1,601","3,438",614,912,977,"2,258",51,160,45,354,192,439,202,"1,330",108,447,54,"1,481",220,"1,405",248,"5,077",137,624,590,871,
전라남도 장흥군,174,548,2,21,408,"1,905",297,352,20,236,456,"4,055","1,193","2,219",334,494,681,"1,356",16,91,49,342,57,95,87,321,54,90,53,"1,842",120,914,151,"2,028",90,290,547,878,
전라남도 강진군,112,405,3,18,398,"1,353",658,812,20,150,567,"1,513","1,135","1,978",837,992,634,"1,163",27,107,35,384,45,70,56,355,60,162,47,"1,245",120,"1,002",138,"1,878",88,425,477,668,
전라남도 해남군,329,965,21,165,760,"4,592","1,176","1,335",18,177,937,"2,943","2,238","4,245",374,711,"1,209","2,403",30,184,83,868,94,196,123,391,127,276,64,"2,566",194,"1,578",235,"3,481",127,440,764,"1,319",
전라남도 영암군,162,479,5,45,"1,212","15,726","1,055","1,166",27,220,723,"4,568","1,492","3,047",693,"1,423",952,"1,997",41,313,49,417,77,221,141,611,128,507,42,"1,656",152,"1,680",206,"2,388",116,610,496,734,
전라남도 무안군,102,408,23,40,727,"3,091",773,899,30,298,700,"2,557","2,334","4,449",984,"1,607","1,365","2,973",41,188,93,977,323,812,194,916,126,"1,169",52,"5,523",402,"4,009",271,"3,662",177,935,756,"1,207",
전라남도 함평군,99,473,5,34,432,"2,108",342,391,24,141,558,"1,529",863,"1,720",285,619,396,842,26,106,29,210,47,78,60,184,43,129,34,"1,210",79,864,143,"1,578",46,302,347,544,
전라남도 영광군,99,464,83,210,946,"3,682",282,"2,065",20,87,801,"2,926","1,646","3,035",541,768,876,"1,842",30,148,50,427,83,192,101,523,102,892,47,"1,276",162,"1,338",189,"2,506",84,281,533,886,
전라남도 장성군,97,343,3,36,918,"6,450",497,520,30,194,734,"4,053","1,296","2,810",846,"1,461",686,"1,428",30,149,32,313,127,180,122,544,102,442,34,"1,523",105,"1,020",138,"2,014",82,441,386,819,
전라남도 완도군,83,258,5,103,483,"1,876",450,641,29,168,515,"1,951","1,933","3,370",359,866,"1,199","2,106",39,173,57,655,46,70,52,174,75,177,66,"1,931",163,"1,335",150,"1,410",109,284,529,736,
전라남도 진도군,95,244,7,42,254,748,391,517,19,117,425,"1,274","1,011","1,976",185,315,647,"1,287",23,126,32,300,30,44,43,127,44,78,41,"1,279",96,741,120,"1,271",94,251,431,577,
전라남도 신안군,57,154,790,"1,660",216,944,222,346,24,100,303,"2,671",826,"1,486",510,854,661,"1,327",34,154,27,235,15,24,25,205,56,110,83,"1,824",84,892,120,"1,196",47,187,328,404,
전북특별자치도 전주시,85,595,6,14,"3,672","15,870","1,120","1,962",99,"1,365","8,129","30,280","20,398","42,501","5,851","11,508","11,020","26,268",778,"4,615",970,"13,634","3,634","8,043","2,636","11,521","1,852","11,775",118,"11,502","3,836","24,744","2,326","36,151","2,011","5,246","7,722","14,135",
전북특별자치도 군산시,108,375,6,87,"2,576","23,875","1,099","2,186",110,"1,211","2,977","10,072","8,206","15,244","3,486","7,150","4,959","10,614",172,629,297,"2,376","1,087","2,492",610,"3,044",697,"4,363",117,"4,746","1,220","8,791",913,"13,563",676,"1,590","3,010","4,714",
전북특별자치도 익산시,185,762,20,196,"3,173","25,204","2,933","3,351",102,917,"2,500","12,325","8,425","16,942","3,699","7,461","4,390","9,490",151,759,264,"3,074","1,048","2,686",604,"3,048",638,"3,831",92,"3,559","1,297","9,868","1,002","14,499",702,"1,671","3,321","5,387",
전북특별자치도 정읍시,177,614,9,78,"1,122","8,776","2,702","2,827",63,395,"1,365","3,774","3,223","5,899","1,218","1,829","1,763","3,430",64,333,139,"1,240",202,551,220,"1,065",220,570,84,"2,231",476,"3,128",455,"5,451",241,"1,066","1,394","2,133",
전북특별자치도 남원시,86,324,20,229,768,"3,497","1,757","1,833",24,151,"1,402","3,455","2,640","4,776",733,"1,209","1,575","3,012",45,198,99,854,168,389,176,779,123,404,73,"2,045",325,"2,257",335,"4,071",184,717,904,"1,393",
전북특별자치도 김제시,199,957,5,8,"1,283","11,120","2,993","3,309",65,350,916,"3,745","2,624","5,633","1,014","1,694","1,183","2,504",40,240,83,647,181,328,151,603,154,873,57,"2,269",297,"2,289",327,"4,956",167,598,921,"1,536",
전북특별자치도 완주군,70,261,3,50,"1,341","21,658","1,009","1,035",31,205,891,"4,185","2,460","5,116","2,114","3,353","1,711","4,092",67,505,47,390,308,606,254,"4,283",222,995,47,"2,656",425,"4,117",329,"3,693",192,530,815,"1,452",
전북특별자치도 진안군,61,258,0,0,354,"1,327",618,651,18,144,336,"1,208",667,"1,166",129,415,383,818,22,96,31,276,18,33,54,308,30,65,37,"1,076",77,836,110,"1,173",42,117,243,402,
전북특별자치도 무주군,39,134,1,15,198,754,191,288,11,51,393,"1,556",660,"1,239",326,537,728,"1,771",14,74,25,139,53,75,59,163,130,620,30,"1,089",87,714,100,"1,155",73,453,263,563,
전북특별자치도 장수군,64,305,2,30,211,860,800,880,12,114,308,"1,582",491,992,140,173,352,673,17,149,23,161,20,36,56,234,23,72,27,"1,449",70,643,91,902,59,335,206,400,
전북특별자치도 임실군,72,268,0,0,257,"1,699","1,210","1,257",21,112,349,"2,184",639,"1,149",308,501,424,925,20,97,30,216,25,45,37,214,48,259,46,"1,274",89,958,134,"2,553",51,246,282,461,
전북특별자치도 순창군,63,206,1,15,297,"1,452",325,362,15,120,466,"1,208",650,"1,092",133,286,436,858,27,94,28,232,28,80,40,154,32,67,48,"1,120",93,804,123,"1,489",60,185,267,520,
전북특별자치도 고창군,157,757,28,102,494,"2,150",778,840,19,257,747,"2,539","1,679","3,069",452,787,927,"1,958",32,204,63,536,86,155,101,404,109,279,61,"1,871",200,"1,480",220,"3,362",133,757,750,"1,156",
전북특별자치도 부안군,122,339,16,63,473,"2,706","1,257","1,358",24,179,563,"1,665","1,792","3,350",452,857,"1,318","2,804",35,120,61,695,127,215,76,312,72,278,59,"2,099",168,"1,397",190,"2,468",108,314,553,847,
제주특별자치도 제주시,443,"2,131",9,171,"2,730","10,856",670,"1,439",126,"1,043","7,558","29,416","16,082","36,920","6,468","15,040","15,477","36,862",703,"6,578",656,"7,079","3,059","5,514","2,101","8,611","2,566","12,705",145,"11,427","2,648","16,067","1,591","21,460","1,882","7,250","5,125","10,443",
제주특별자치도 서귀포시,316,"1,850",2,20,893,"2,995",418,775,62,416,"1,735","4,695","6,010","12,902","1,389","2,661","7,210","18,591",156,422,192,"2,311",920,"2,493",485,"1,511",479,"2,030",64,"3,958",838,"5,730",539,"6,875",601,"4,473","1,653","3,171",
충청남도 천안시,122,562,3,54,"7,668","91,591",608,881,158,"1,579","6,490","21,426","18,201","40,883","6,584","14,875","11,119","27,061",805,"3,269",657,"5,832","3,860","8,373","2,388","10,864","2,088","19,127",103,"5,905","3,307","24,590","2,042","29,151","1,893","4,315","6,485","11,332",
충청남도 공주시,110,436,10,52,"1,101","10,361","1,226","1,278",50,356,"1,791","6,507","3,120","6,569",972,"2,273","2,528","5,270",97,369,110,881,412,846,353,"2,096",299,"1,904",52,"2,740",401,"5,398",401,"6,428",324,919,"1,334","2,440",
충청남도 보령시,109,669,19,120,909,"5,921",808,"2,575",34,359,"1,355","4,629","3,233","5,825","1,156","2,031","2,763","5,488",61,261,97,"1,036",277,671,201,"1,871",197,"1,523",67,"2,813",416,"2,566",327,"5,280",333,710,"1,151","1,807",
충청남도 아산시,113,633,13,115,"4,941","98,516",682,"1,092",110,907,"3,285","11,801","7,177","16,659","3,450","6,703","5,403","13,441",335,"1,088",228,"2,536","1,554","3,261",766,"3,420","1,008","5,175",52,"3,663","1,293","11,949",980,"11,335",774,"1,895","2,611","4,950",
충청남도 서산시,98,504,17,96,"1,161","23,077",901,"1,354",62,678,"2,030","7,483","4,707","9,506","1,995","5,095","3,550","7,024",98,460,171,"1,864",667,"1,478",394,"1,728",429,"4,563",62,"3,049",800,"4,858",521,"7,364",464,978,"1,837","3,077",
충청남도 논산시,123,676,3,7,"1,405","11,121","2,043","2,097",65,599,"1,549","4,362","3,933","7,368","1,350","2,299","2,264","4,561",84,321,138,"1,154",329,634,227,"1,112",309,"1,122",47,"3,274",466,"4,009",474,"6,514",350,708,"1,565","2,439",
충청남도 계룡시,3,9,0,0,182,"1,049",12,26,15,106,202,752,803,"1,632",291,"1,017",539,"1,287",39,386,25,153,142,383,92,303,68,207,12,863,246,"1,238",143,"1,234",106,347,387,816,
충청남도 당진시,194,727,11,59,"2,078","36,363",783,"2,255",100,"1,191","2,274","7,879","4,434","8,864","2,410","5,334","3,252","6,918",106,476,136,"1,370",814,"1,468",349,"2,173",481,"4,498",56,"2,420",727,"4,402",504,"6,735",541,"1,210","1,779","2,984",
충청남도 금산군,86,274,7,100,"1,494","11,704",957,"1,019",49,368,833,"2,426","2,564","4,216",799,"1,568","1,028","1,886",40,175,46,323,173,254,116,478,99,355,32,"1,932",173,"1,823",234,"2,345",131,318,613,946,
충청남도 부여군,147,710,8,73,546,"2,941","1,136","1,187",33,283,982,"2,849","1,891","3,435",605,"1,041","1,072","2,042",46,239,62,509,102,195,121,506,118,395,47,"1,917",182,"1,843",229,"2,925",118,517,701,977,
충청남도 서천군,62,365,0,0,650,"5,614",982,"1,372",32,252,849,"2,304","1,751","2,883",572,"1,057","1,048","1,978",41,190,62,506,121,205,89,"1,255",111,494,51,"1,461",174,"1,280",219,"5,629",142,277,674,949,
충청남도 청양군,85,387,0,0,356,"2,664",378,460,29,108,445,"1,290",985,"1,715",697,862,608,"1,159",31,115,35,240,51,87,60,183,46,109,32,"1,365",92,852,121,"1,322",99,267,622,839,
충청남도 홍성군,101,629,6,85,824,"5,651",715,795,35,346,"1,399","3,786","3,051","6,005","1,031","1,589","1,876","3,807",94,459,129,"1,263",332,804,246,"1,058",239,915,53,"4,692",471,"3,585",337,"5,038",249,545,"1,200","2,031",
충청남도 예산군,125,632,5,65,934,"10,512",883,959,43,365,"1,428","3,825","2,313","4,374",836,"1,431","1,711","3,425",60,244,89,889,256,551,169,720,213,451,44,"2,657",257,"1,901",269,"3,385",271,535,"1,016","1,724",
충청남도 태안군,106,768,29,53,455,"1,295",474,"2,183",38,273,832,"4,171","2,328","4,044",488,844,"2,707","5,101",33,194,54,477,221,381,123,"1,069",155,913,37,"1,817",192,"1,470",183,"3,232",211,728,681,"1,080",
충청북도 청주시,146,677,22,198,"7,773","93,916","1,028","1,897",263,"2,323","8,373","37,364","23,056","48,708","8,817","17,759","14,270","32,603",799,"4,131",804,"8,743","3,772","9,960","2,609","16,551","2,572","22,853",153,"16,677","3,829","27,402","2,602","35,394","2,538","5,996","8,144","14,475",
충청북도 충주시,127,630,30,260,"1,950","22,873",751,892,74,"1,108","3,043","10,096","6,052","12,126","2,428","4,574","4,687","9,528",142,665,222,"2,173",749,"1,900",483,"2,080",567,"3,648",89,"3,340",927,"8,152",636,"9,047",666,"3,002","2,317","3,734",
충청북도 제천시,69,229,27,213,"1,075","8,424",414,475,53,469,"2,277","5,753","4,180","8,113","2,136","4,935","3,308","6,177",83,286,152,"1,191",417,818,265,"1,004",305,"2,114",52,"2,315",538,"4,584",452,"7,206",431,992,"1,771","3,056",
충청북도 보은군,56,318,6,32,402,"4,171",415,480,14,132,298,"1,911",918,"1,506",499,741,732,"1,381",24,97,43,297,71,97,55,187,82,253,38,"1,215",103,979,111,"2,176",71,297,308,570,
충청북도 옥천군,47,203,5,7,807,"6,378",714,764,25,218,"1,048","2,410","1,380","2,650",717,"1,240",924,"1,849",31,171,53,464,113,211,98,528,147,359,36,"1,274",132,"1,390",172,"2,441",124,305,515,892,
충청북도 영동군,46,183,5,50,436,"2,775",382,417,18,227,501,"2,135","1,194","2,312",245,608,888,"1,552",38,139,45,303,87,136,83,298,77,162,38,"1,336",163,"1,325",182,"2,029",100,276,520,817,
충청북도 증평군,15,89,0,0,321,"4,438",168,212,22,110,306,"1,024","1,069","2,124",630,822,800,"1,564",15,52,31,263,115,327,57,127,98,"1,049",10,913,130,928,127,"1,170",116,382,444,606,
충청북도 진천군,79,365,7,115,"1,761","32,408",251,312,76,535,"1,503","3,715","2,044","4,219","1,057","2,273","1,791","3,496",52,679,62,456,345,827,162,"1,287",352,"2,119",28,"1,449",263,"3,153",239,"2,851",221,"1,050",657,"1,104",
충청북도 괴산군,77,366,3,27,489,"4,370",460,489,35,255,475,"1,482",883,"1,819",319,"1,100",951,"1,773",27,181,32,327,92,117,95,390,69,157,35,"1,539",102,"1,288",125,"1,443",61,125,315,606,
충청북도 음성군,93,730,0,0,"3,199","42,222",434,530,87,607,979,"4,935","3,224","6,619","1,551","2,897","2,218","4,552",54,358,95,834,489,989,250,"2,731",471,"2,643",40,"2,385",252,"2,827",298,"3,595",295,975,938,"1,996",
충청북도 단양군,25,114,17,251,275,"2,272",197,247,18,179,628,"2,381",841,"1,323",399,946,"1,052","2,042",19,78,29,162,54,108,45,173,75,943,32,"1,300",87,706,97,"1,055",118,509,324,854,
서울특별시,0,0,0,0,0,0,0,0,0,0,0,0,0,0,0,0,0,0,0,0,0,0,0,0,0,0,0,0,0,0,0,0,0,0,0,0,0,0,
인천광역시,0,0,0,0,0,0,0,0,0,0,0,0,0,0,0,0,0,0,0,0,0,0,0,0,0,0,0,0,0,0,0,0,0,0,0,0,0,0,
경기도,0,0,0,0,0,0,0,0,0,0,0,0,0,0,0,0,0,0,0,0,0,0,0,0,0,0,0,0,0,0,0,0,0,0,0,0,0,0,
강원도,0,0,0,0,0,0,0,0,0,0,0,0,0,0,0,0,0,0,0,0,0,0,0,0,0,0,0,0,0,0,0,0,0,0,0,0,0,0,
충청남도,0,0,0,0,0,0,0,0,0,0,0,0,0,0,0,0,0,0,0,0,0,0,0,0,0,0,0,0,0,0,0,0,0,0,0,0,0,0,
충청북도 ,0,0,0,0,0,0,0,0,0,0,0,0,0,0,0,0,0,0,0,0,0,0,0,0,0,0,0,0,0,0,0,0,0,0,0,0,0,0,
대전광역시,0,0,0,0,0,0,0,0,0,0,0,0,0,0,0,0,0,0,0,0,0,0,0,0,0,0,0,0,0,0,0,0,0,0,0,0,0,0,
전북특별자치도,0,0,0,0,0,0,0,0,0,0,0,0,0,0,0,0,0,0,0,0,0,0,0,0,0,0,0,0,0,0,0,0,0,0,0,0,0,0,
전라남도,0,0,0,0,0,0,0,0,0,0,0,0,0,0,0,0,0,0,0,0,0,0,0,0,0,0,0,0,0,0,0,0,0,0,0,0,0,0,
광주광역시,0,0,0,0,0,0,0,0,0,0,0,0,0,0,0,0,0,0,0,0,0,0,0,0,0,0,0,0,0,0,0,0,0,0,0,0,0,0,
경상북도,0,0,0,0,0,0,0,0,0,0,0,0,0,0,0,0,0,0,0,0,0,0,0,0,0,0,0,0,0,0,0,0,0,0,0,0,0,0,
대구광역시,0,0,0,0,0,0,0,0,0,0,0,0,0,0,0,0,0,0,0,0,0,0,0,0,0,0,0,0,0,0,0,0,0,0,0,0,0,0,
경상남도,0,0,0,0,0,0,0,0,0,0,0,0,0,0,0,0,0,0,0,0,0,0,0,0,0,0,0,0,0,0,0,0,0,0,0,0,0,0,
울산광역시,0,0,0,0,0,0,0,0,0,0,0,0,0,0,0,0,0,0,0,0,0,0,0,0,0,0,0,0,0,0,0,0,0,0,0,0,0,0,
부산광역시,0,0,0,0,0,0,0,0,0,0,0,0,0,0,0,0,0,0,0,0,0,0,0,0,0,0,0,0,0,0,0,0,0,0,0,0,0,0,
제주특별자치도,0,0,0,0,0,0,0,0,0,0,0,0,0,0,0,0,0,0,0,0,0,0,0,0,0,0,0,0,0,0,0,0,0,0,0,0,0,0,
