세종특별자치시_2015,2708,1.893,100.6,34.94,210884,6.3
경기도 수원시_2015,12036,1.292,101.4,1.06,1184624,6.6
경기도 성남시_2015,8864,1.159,98.8,-0.26,971424,5.7
경기도 안양시_2015,5160,1.177,99.0,-0.47,597789,7.1
경기도 부천시_2015,6909,1.072,99.9,-0.64,848987,5.0
경기도 광명시_2015,3364,1.235,98.5,-0.88,344978,6.2
경기도 평택시_2015,4462,1.469,103.9,2.67,460532,5.4
경기도 안산시_2015,5880,1.219,105.1,-1.05,697885,9.6
경기도 과천시_2015,492,1.099,94.5,-1.74,68946,13.8
경기도 오산시_2015,2537,1.458,105.1,-0.42,206828,8.1
경기도 시흥시_2015,3346,1.306,110.4,1.21,398256,11.6
경기도 군포시_2015,3191,1.422,98.9,-0.16,287519,6.4
경기도 의왕시_2015,1357,1.209,99.8,-0.48,157740,8.0
경기도 하남시_2015,1212,1.076,103.1,11.83,166713,8.7
경기도 용인시_2015,9296,1.316,98.7,1.59,975746,6.2
경기도 이천시_2015,2036,1.47,103.2,0.11,204935,4.7
경기도 안성시_2015,1509,1.335,104.1,-0.79,180199,7.4
경기도 김포시_2015,3757,1.461,101.0,3.06,349990,6.9
경기도 화성시_2015,6726,1.555,106.7,10.02,596525,10.6
경기도 광주시_2015,3253,1.45,105.7,4.64,312579,9.3
경기도 여주시_2015,822,1.336,102.4,0.67,111033,6.1
경기도 양평군_2015,602,1.18,102.1,2.82,108316,6.6
경기도 의정부시_2015,3178,1.104,97.7,0.69,433937,4.4
경기도 동두천시_2015,759,1.292,99.2,0.52,97974,5.9
경기도 고양시_2015,8131,1.161,96.8,2.14,1027546,8.1
경기도 구리시_2015,1505,1.159,99.4,-0.02,186721,8.7
경기도 남양주시_2015,5588,1.255,99.8,2.72,653454,4.0
경기도 파주시_2015,4078,1.443,103.1,2.98,423321,10.1
경기도 양주시_2015,1624,1.318,103.0,1.4,205184,7.4
경기도 포천시_2015,1085,1.354,110.4,-0.32,155192,6.7
경기도 연천군_2015,376,1.729,109.7,1.0,45725,8.3
경기도 가평군_2015,360,1.27,105.1,1.28,62008,6.1
강원특별자치도 춘천시_2015,2057,1.202,97.1,0.78,277997,8.8
강원특별자치도 원주시_2015,2605,1.255,98.9,1.79,332995,4.3
강원특별자치도 강릉시_2015,1402,1.234,98.6,-0.52,214560,5.4
강원특별자치도 동해시_2015,667,1.34,102.4,-0.68,93895,10.5
강원특별자치도 태백시_2015,300,1.276,103.2,-1.58,47501,9.0
강원특별자치도 속초시_2015,645,1.486,97.0,-0.26,81992,7.9
강원특별자치도 삼척시_2015,421,1.307,103.3,-1.93,70839,4.1
강원특별자치도 홍천군_2015,474,1.479,104.3,-0.14,70336,5.4
강원특별자치도 횡성군_2015,230,1.214,103.3,0.97,45777,6.1
강원특별자치도 영월군_2015,166,1.092,106.0,0.02,40216,6.3
강원특별자치도 평창군_2015,208,1.12,104.3,-0.16,43500,7.1
강원특별자치도 정선군_2015,196,1.097,106.9,-0.63,39197,7.0
강원특별자치도 철원군_2015,402,1.724,113.8,2.54,48799,7.2
강원특별자치도 화천군_2015,267,1.926,128.1,-0.44,27020,7.2
강원특별자치도 양구군_2015,228,1.748,116.0,0.77,24089,5.7
강원특별자치도 인제군_2015,379,2.161,118.3,2.41,33255,6.2
강원특별자치도 고성군_2015,148,1.264,113.5,-0.85,30060,4.5
강원특별자치도 양양군_2015,134,1.224,103.3,-0.08,27479,8.5
경상남도 창원시_2015,9526,1.345,103.3,-0.43,1070064,4.5
경상남도 진주시_2015,2687,1.29,98.0,1.24,344426,4.0
경상남도 통영시_2015,1233,1.484,102.3,0.16,139168,9.9
경상남도 사천시_2015,968,1.518,100.7,-0.89,115452,5.7
경상남도 김해시_2015,5182,1.495,102.1,0.44,528865,7.4
경상남도 밀양시_2015,617,1.268,95.8,0.4,107896,3.4
경상남도 거제시_2015,3533,1.911,112.2,3.38,255828,8.6
경상남도 양산시_2015,3079,1.504,101.3,3.17,301291,7.4
경상남도 의령군_2015,141,1.317,92.3,-2.25,28544,6.4
경상남도 함안군_2015,510,1.45,101.7,0.79,69156,4.7
경상남도 창녕군_2015,374,1.42,98.2,0.81,63817,4.3
경상남도 고성군_2015,315,1.307,100.5,-0.84,55284,3.5
경상남도 남해군_2015,182,1.238,91.2,-1.46,45865,6.9
경상남도 하동군_2015,240,1.341,97.4,2.18,50259,5.4
경상남도 산청군_2015,234,1.888,95.7,0.8,36071,4.7
경상남도 함양군_2015,209,1.404,91.6,-0.7,40339,5.3
경상남도 거창군_2015,338,1.234,94.2,0.12,63232,6.1
경상남도 합천군_2015,169,0.98,91.0,-2.69,49145,4.7
경상북도 포항시_2015,4604,1.475,102.4,0.07,519584,6.8
경상북도 경주시_2015,1743,1.294,100.3,-0.36,259773,5.4
경상북도 김천시_2015,1012,1.419,99.8,3.52,140132,5.7
경상북도 안동시_2015,1475,1.619,97.4,0.29,169221,4.6
경상북도 구미시_2015,4760,1.44,104.5,-0.17,419915,8.8
경상북도 영주시_2015,654,1.357,98.7,-0.89,109735,6.9
경상북도 영천시_2015,723,1.554,101.3,0.21,100648,8.8
경상북도 상주시_2015,564,1.391,95.8,-0.51,102374,4.8
경상북도 문경시_2015,526,1.571,96.1,-0.17,75784,5.1
경상북도 경산시_2015,2477,1.457,101.3,1.29,256888,4.8
대구광역시 군위군_2015,97,1.239,100.2,-0.12,24126,8.0
경상북도 의성군_2015,249,1.505,95.2,-1.17,54477,4.9
경상북도 청송군_2015,137,1.548,97.9,-0.44,26384,6.8
경상북도 영양군_2015,90,1.517,96.8,-1.54,17898,7.1
경상북도 영덕군_2015,215,1.542,90.6,-0.88,39191,4.3
경상북도 청도군_2015,175,1.081,95.7,-0.33,43724,3.4
경상북도 고령군_2015,255,1.71,103.9,-1.12,34594,5.5
경상북도 성주군_2015,319,1.674,105.1,0.34,45029,6.4
경상북도 칠곡군_2015,1361,1.583,107.4,0.69,122829,10.6
경상북도 예천군_2015,252,1.544,96.1,-0.89,44674,5.3
경상북도 봉화군_2015,193,1.623,98.5,-0.64,33808,3.9
경상북도 울진군_2015,374,1.647,99.0,-0.4,51885,5.6
경상북도 울릉군_2015,55,1.164,115.2,-1.12,10153,6.6
광주광역시 동구_2015,679,1.072,99.9,-1.91,98784,4.0
광주광역시 서구_2015,2233,1.03,96.7,-1.69,305028,7.5
광주광역시 남구_2015,1600,1.089,93.8,0.73,221318,5.5
광주광역시 북구_2015,3841,1.235,98.9,-0.26,446316,3.5
광주광역시 광산구_2015,4088,1.427,100.9,1.1,400753,4.0
대구광역시 중구_2015,664,1.157,95.3,2.67,80928,8.0
대구광역시 동구_2015,3082,1.322,99.3,0.53,349728,5.3
대구광역시 서구_2015,1219,0.985,102.4,-2.17,206028,4.8
대구광역시 남구_2015,1015,0.934,94.9,-1.54,160852,3.7
대구광역시 북구_2015,3900,1.349,100.3,-0.28,443119,5.6
대구광역시 수성구_2015,2603,1.013,95.7,-1.03,451786,3.1
대구광역시 달서구_2015,5049,1.26,99.0,-0.6,602641,5.3
대구광역시 달성군_2015,1906,1.535,104.4,4.4,192747,4.2
대전광역시 동구_2015,1997,1.258,102.4,-2.32,239579,4.9
대전광역시 중구_2015,1952,1.165,99.1,-1.86,256186,3.7
대전광역시 서구_2015,4483,1.223,97.2,-1.05,490859,5.2
대전광역시 유성구_2015,3820,1.463,101.7,2.45,335312,5.2
대전광역시 대덕구_2015,1522,1.216,103.4,-2.24,196839,4.6
부산광역시 중구_2015,257,0.925,96.5,-1.51,45816,6.6
부산광역시 서구_2015,599,0.899,96.7,-1.74,115963,7.8
부산광역시 동구_2015,482,0.929,98.6,-2.64,92069,5.8
부산광역시 영도구_2015,634,0.899,98.6,-2.03,129385,3.6
부산광역시 부산진구_2015,3029,1.079,96.1,-1.47,381572,4.2
부산광역시 동래구_2015,1833,1.026,96.8,-1.12,272837,7.7
부산광역시 남구_2015,1940,1.049,97.0,-1.26,283101,4.5
부산광역시 북구_2015,2397,1.209,99.0,1.15,310484,4.4
부산광역시 해운대구_2015,3022,1.081,94.8,-0.13,422818,4.4
부산광역시 사하구_2015,2696,1.199,100.0,-1.62,337781,5.0
부산광역시 금정구_2015,1540,1.009,96.7,-1.34,246026,3.7
부산광역시 강서구_2015,1365,1.982,107.6,17.77,94608,8.4
부산광역시 연제구_2015,1513,1.075,96.5,1.29,210718,4.5
부산광역시 수영구_2015,1374,1.045,91.8,0.77,179795,3.7
부산광역시 사상구_2015,2001,1.241,103.6,-2.07,237711,3.5
부산광역시 기장군_2015,1963,1.771,98.0,5.83,153093,15.2
서울특별시 종로구_2015,906,0.813,97.6,-0.92,154986,9.4
서울특별시 중구_2015,950,0.946,99.4,-1.39,125733,6.9
서울특별시 용산구_2015,1967,1.005,94.2,-0.8,233342,7.1
서울특별시 성동구_2015,2753,1.095,98.8,0.39,297003,6.6
서울특별시 광진구_2015,2951,0.903,96.4,-0.58,360369,7.5
서울특별시 동대문구_2015,2687,0.96,100.5,-0.66,360153,5.9
서울특별시 중랑구_2015,3368,1.051,99.6,-1.13,413909,6.3
서울특별시 성북구_2015,3514,0.991,96.0,-1.34,459275,6.8
서울특별시 강북구_2015,2164,0.922,97.1,-1.18,330873,6.1
서울특별시 도봉구_2015,2481,1.01,97.1,-0.69,351242,8.8
서울특별시 노원구_2015,4462,1.096,95.0,-1.34,574583,6.5
서울특별시 은평구_2015,3870,1.003,95.3,-0.13,497920,4.5
서울특별시 서대문구_2015,2175,0.913,94.9,0.7,312141,8.3
서울특별시 마포구_2015,3626,0.986,92.7,0.64,387643,5.5
서울특별시 양천구_2015,3526,1.034,98.1,-0.35,484532,6.0
서울특별시 강서구_2015,5812,1.129,95.6,0.68,589074,4.2
서울특별시 구로구_2015,4257,1.169,99.4,-0.55,422092,5.4
서울특별시 금천구_2015,1885,1.086,104.3,-0.72,236284,9.3
서울특별시 영등포구_2015,3611,1.085,100.2,-0.86,378504,6.5
서울특별시 동작구_2015,3643,1.012,96.2,-1.55,400641,6.9
서울특별시 관악구_2015,3960,0.833,102.1,-0.55,509663,6.0
서울특별시 서초구_2015,4078,1.012,92.5,-0.67,446764,8.2
서울특별시 강남구_2015,4595,0.857,92.1,-0.29,576495,8.3
서울특별시 송파구_2015,5899,1.008,95.4,-0.64,660302,6.0
서울특별시 강동구_2015,3865,1.036,99.5,-3.74,458658,5.1
울산광역시 중구_2015,2081,1.327,104.5,2.32,244481,5.4
울산광역시 남구_2015,3176,1.356,104.3,-1.14,343598,6.6
울산광역시 동구_2015,2157,1.622,112.9,-1.3,174963,6.0
울산광역시 북구_2015,2258,1.695,107.1,1.33,191063,5.5
울산광역시 울주군_2015,2060,1.579,106.1,2.57,219429,10.5
인천광역시 강화군_2015,274,1.081,100.5,0.94,67667,5.9
인천광역시 옹진군_2015,121,1.339,130.8,1.37,20962,10.8
인천광역시 중구_2015,1020,1.299,107.6,2.23,114493,11.4
인천광역시 동구_2015,624,1.325,101.8,-1.97,72571,8.0
인천광역시 미추홀구_2015,3191,1.127,102.1,-0.78,404893,7.4
인천광역시 연수구_2015,2646,1.215,99.7,2.95,319052,7.6
인천광역시 남동구_2015,4883,1.24,99.5,3.16,531395,5.4
인천광역시 부평구_2015,4918,1.177,99.2,-0.06,555844,7.4
인천광역시 계양구_2015,2763,1.126,100.5,-1.52,334332,5.9
인천광역시 서구_2015,5051,1.35,102.1,1.24,504606,7.9
전라남도 목포시_2015,1930,1.304,99.6,-0.22,238382,3.7
전라남도 여수시_2015,2503,1.55,102.8,-0.13,290168,5.0
전라남도 순천시_2015,2134,1.34,99.7,0.61,278765,5.5
전라남도 나주시_2015,809,1.639,101.6,8.18,98182,4.0
전라남도 광양시_2015,1680,1.835,105.4,0.94,153587,5.7
전라남도 담양군_2015,334,1.599,101.4,-0.35,47009,5.8
전라남도 곡성군_2015,158,1.437,95.1,-0.12,30672,4.5
전라남도 구례군_2015,156,1.57,94.6,0.53,27308,4.9
전라남도 고흥군_2015,236,1.091,92.8,-1.42,68601,8.7
전라남도 보성군_2015,295,1.7,93.6,-1.09,45349,4.6
전라남도 화순군_2015,372,1.219,96.6,-1.41,65848,6.1
전라남도 장흥군_2015,212,1.204,94.1,0.82,43513,3.6
전라남도 강진군_2015,301,1.755,91.4,-2.7,38758,7.7
전라남도 해남군_2015,839,2.464,94.6,-0.85,76194,4.4
전라남도 영암군_2015,602,2.107,104.5,0.0,58137,5.5
전라남도 무안군_2015,641,1.444,99.9,0.78,82236,5.1
전라남도 함평군_2015,202,1.63,97.7,-0.67,34876,4.0
전라남도 영광군_2015,415,1.652,99.0,-0.87,56267,5.2
전라남도 장성군_2015,440,2.101,101.9,0.21,46360,3.4
전라남도 완도군_2015,379,1.767,99.4,0.1,53014,6.8
전라남도 진도군_2015,206,1.697,94.8,-0.2,32476,8.9
전라남도 신안군_2015,217,1.539,111.5,-0.81,43294,5.5
전북특별자치도 전주시_2015,5370,1.255,97.2,-0.05,652282,11.2
전북특별자치도 군산시_2015,2440,1.495,103.1,0.22,278398,3.5
전북특별자치도 익산시_2015,2297,1.341,99.5,-0.65,302061,4.5
전북특별자치도 정읍시_2015,692,1.338,97.8,-0.97,115977,4.6
전북특별자치도 남원시_2015,514,1.383,96.3,-0.82,84856,3.4
전북특별자치도 김제시_2015,476,1.268,98.2,-1.36,88721,3.7
전북특별자치도 완주군_2015,902,1.697,105.3,5.33,95303,5.9
전북특별자치도 진안군_2015,194,1.821,100.2,-0.99,26203,5.4
전북특별자치도 무주군_2015,144,1.46,98.0,-0.57,25220,4.8
전북특별자치도 장수군_2015,128,1.388,98.0,-0.11,23277,6.2
전북특별자치도 임실군_2015,189,1.634,103.1,1.07,30271,4.9
전북특별자치도 순창군_2015,186,1.475,94.3,-0.31,30248,5.2
전북특별자치도 고창군_2015,288,1.278,97.7,-0.03,60046,4.2
전북특별자치도 부안군_2015,267,1.178,98.0,-1.03,56848,5.3
제주특별자치도 제주시_2015,4364,1.494,100.2,2.72,459876,9.781897586302577
제주특별자치도 서귀포시_2015,1236,1.417,102.3,4.5,164519,4.1181024136974225
충청남도 천안시_2015,6412,1.38,103.3,1.29,605776,5.1
충청남도 공주시_2015,634,1.147,101.2,-2.02,111261,5.4
충청남도 보령시_2015,636,1.303,102.3,0.54,104754,6.7
충청남도 아산시_2015,3760,1.692,105.2,1.24,297737,7.3
충청남도 서산시_2015,1667,1.752,105.4,1.64,170099,4.3
충청남도 논산시_2015,815,1.384,100.1,-0.27,124232,6.2
충청남도 계룡시_2015,313,1.305,98.5,2.96,41730,10.2
충청남도 당진시_2015,1945,1.949,109.9,1.41,165122,7.5
충청남도 금산군_2015,292,1.29,102.4,-0.16,54879,5.7
충청남도 부여군_2015,346,1.311,98.5,-0.75,71143,6.2
충청남도 서천군_2015,251,1.213,97.1,-1.24,56910,4.5
충청남도 청양군_2015,170,1.497,99.9,0.85,32485,6.8
충청남도 홍성군_2015,613,1.354,99.7,3.02,94553,7.3
충청남도 예산군_2015,410,1.16,100.6,-1.6,83484,6.1
충청남도 태안군_2015,340,1.321,102.1,1.57,63484,4.7
충청북도 청주시_2015,8529,1.444,100.7,0.11,831912,10.3
충청북도 충주시_2015,1430,1.26,101.4,-0.11,207913,6.1
충청북도 제천시_2015,891,1.301,100.2,-0.49,136138,5.5
충청북도 보은군_2015,185,1.536,99.9,0.23,34296,6.1
충청북도 옥천군_2015,279,1.254,101.0,-0.08,52404,4.7
충청북도 영동군_2015,245,1.21,99.4,-0.21,50693,6.6
충청북도 증평군_2015,390,1.832,105.2,5.38,36671,7.5
충청북도 진천군_2015,590,1.62,108.0,4.72,67981,6.1
충청북도 괴산군_2015,128,0.98,103.5,1.22,38787,3.8
충청북도 음성군_2015,756,1.517,110.7,1.48,96396,4.3
충청북도 단양군_2015,140,1.226,101.5,-0.57,30761,5.0
세종특별자치시_2016,3297,1.821,100.0,15.13,243048,4.6
경기도 수원시_2016,10940,1.19,101.4,0.76,1194041,8.2
경기도 성남시_2016,8312,1.11,98.4,0.25,974580,4.9
경기도 안양시_2016,4776,1.112,98.8,-0.13,597414,7.2
경기도 부천시_2016,6426,1.019,99.7,0.3,851380,10.6
경기도 광명시_2016,2905,1.126,98.2,-1.52,339484,6.8
경기도 평택시_2016,4179,1.366,104.3,2.42,470832,7.4
경기도 안산시_2016,5131,1.106,105.0,-1.23,689859,6.7
경기도 과천시_2016,414,0.982,94.7,-7.52,63778,15.2
경기도 오산시_2016,2261,1.375,105.4,0.83,208656,8.3
경기도 시흥시_2016,3069,1.202,110.4,1.03,402888,13.0
경기도 군포시_2016,2887,1.339,98.9,-0.97,284890,7.4
경기도 의왕시_2016,1218,1.13,99.8,-0.71,156763,7.9
경기도 하남시_2016,1600,1.152,101.8,26.4,211101,6.8
경기도 용인시_2016,8288,1.205,98.7,1.57,991126,6.3
경기도 이천시_2016,1879,1.36,103.6,2.73,210359,4.6
경기도 안성시_2016,1400,1.285,104.3,1.74,182896,8.2
경기도 김포시_2016,3346,1.296,101.0,3.95,363443,6.4
경기도 화성시_2016,7262,1.555,106.8,7.25,640890,11.1
경기도 광주시_2016,3044,1.323,105.6,4.87,327723,8.4
경기도 여주시_2016,781,1.303,102.4,0.51,111563,6.3
경기도 양평군_2016,629,1.22,102.2,2.82,111367,8.1
경기도 의정부시_2016,2967,1.049,97.5,1.04,438457,8.6
경기도 동두천시_2016,714,1.261,99.3,0.35,98277,6.1
경기도 고양시_2016,7507,1.071,96.6,1.17,1039684,7.0
경기도 구리시_2016,1340,1.034,99.0,3.72,193763,7.7
경기도 남양주시_2016,5218,1.19,99.8,1.37,662154,8.1
경기도 파주시_2016,3876,1.375,103.0,1.84,430781,8.4
경기도 양주시_2016,1525,1.279,102.9,0.18,205513,7.8
경기도 포천시_2016,983,1.258,110.6,-0.05,154763,10.8
경기도 연천군_2016,403,1.863,110.4,0.58,45907,7.7
경기도 가평군_2016,363,1.283,105.0,0.68,62448,8.2
강원특별자치도 춘천시_2016,1993,1.168,97.0,1.05,280707,6.3
강원특별자치도 원주시_2016,2468,1.188,98.7,1.52,337979,4.4
강원특별자치도 강릉시_2016,1236,1.137,98.7,-0.28,213846,5.0
강원특별자치도 동해시_2016,662,1.387,102.2,-0.63,93297,11.2
강원특별자치도 태백시_2016,244,1.12,103.1,-0.93,47070,23.7
강원특별자치도 속초시_2016,517,1.238,97.1,-0.37,81793,8.1
강원특별자치도 삼척시_2016,381,1.262,102.6,-1.63,69599,4.7
강원특별자치도 홍천군_2016,403,1.323,104.1,-0.28,70076,4.6
강원특별자치도 횡성군_2016,208,1.147,103.6,0.45,45991,5.2
강원특별자치도 영월군_2016,163,1.116,106.3,-0.32,40073,5.9
강원특별자치도 평창군_2016,186,1.052,104.4,-0.45,43318,4.9
강원특별자치도 정선군_2016,176,1.057,106.6,-1.29,38718,6.9
강원특별자치도 철원군_2016,377,1.656,112.6,-1.46,48013,9.9
강원특별자치도 화천군_2016,221,1.63,124.3,-2.72,26264,7.8
강원특별자치도 양구군_2016,208,1.631,116.5,-0.27,24010,6.7
강원특별자치도 인제군_2016,335,1.97,117.5,-1.6,32720,6.9
강원특별자치도 고성군_2016,147,1.282,111.8,0.82,30114,4.6
강원특별자치도 양양군_2016,133,1.261,103.4,-0.9,27218,6.9
경상남도 창원시_2016,8574,1.261,103.1,-0.62,1063907,5.6
경상남도 진주시_2016,2624,1.268,98.3,0.7,346739,3.5
경상남도 통영시_2016,1059,1.328,102.0,-0.89,138160,8.8
경상남도 사천시_2016,871,1.451,100.8,-0.44,114912,6.3
경상남도 김해시_2016,4700,1.403,102.1,0.09,529422,6.8
경상남도 밀양시_2016,638,1.343,95.7,0.63,108354,3.2
경상남도 거제시_2016,3233,1.773,111.8,0.18,257183,8.2
경상남도 양산시_2016,2901,1.401,101.2,5.19,317037,5.9
경상남도 의령군_2016,123,1.198,93.2,-1.56,28111,4.1
경상남도 함안군_2016,474,1.416,102.1,-0.36,68937,5.7
경상남도 창녕군_2016,389,1.495,98.4,0.54,63982,4.0
경상남도 고성군_2016,273,1.208,100.7,-1.33,54703,4.0
경상남도 남해군_2016,140,0.994,91.5,-1.53,45129,6.0
경상남도 하동군_2016,228,1.269,97.2,-1.41,49622,4.6
경상남도 산청군_2016,207,1.732,95.8,0.13,36098,4.1
경상남도 함양군_2016,178,1.221,91.7,-0.28,40241,6.6
경상남도 거창군_2016,352,1.321,94.4,0.19,63308,7.5
경상남도 합천군_2016,174,1.106,90.6,-2.26,48026,4.4
경상북도 포항시_2016,4088,1.352,102.1,-0.5,516775,7.0
경상북도 경주시_2016,1627,1.258,100.3,-0.02,259452,6.7
경상북도 김천시_2016,1123,1.515,100.2,1.6,142256,5.8
경상북도 안동시_2016,1330,1.526,97.5,-0.27,168798,5.7
경상북도 구미시_2016,4286,1.343,104.5,-0.07,419891,12.8
경상북도 영주시_2016,611,1.322,98.6,-0.32,109247,6.4
경상북도 영천시_2016,631,1.412,101.5,-0.06,100521,7.0
경상북도 상주시_2016,510,1.302,95.9,-0.55,101799,4.5
경상북도 문경시_2016,442,1.382,95.7,-1.35,74702,5.5
경상북도 경산시_2016,2509,1.521,101.6,0.72,258037,7.5
대구광역시 군위군_2016,101,1.333,101.2,0.34,24171,6.4
경상북도 의성군_2016,265,1.652,95.1,-0.93,54014,4.8
경상북도 청송군_2016,118,1.38,97.9,-0.24,26301,6.2
경상북도 영양군_2016,74,1.277,97.1,-1.08,17713,5.2
경상북도 영덕군_2016,163,1.225,91.0,0.03,39052,4.5
경상북도 청도군_2016,163,1.083,95.5,-0.33,43564,3.8
경상북도 고령군_2016,205,1.46,104.3,-1.02,34257,4.8
경상북도 성주군_2016,303,1.64,105.1,0.47,45205,6.0
경상북도 칠곡군_2016,1307,1.541,108.1,0.29,123199,10.9
경상북도 예천군_2016,238,1.431,96.4,3.4,46166,9.2
경상북도 봉화군_2016,181,1.6,98.8,-0.82,33539,4.4
경상북도 울진군_2016,303,1.43,99.8,-0.24,51738,6.3
경상북도 울릉군_2016,38,0.87,118.8,-1.29,10001,6.6
광주광역시 동구_2016,559,0.939,99.7,-2.85,95791,4.0
광주광역시 서구_2016,2205,1.054,96.8,1.48,309579,6.1
광주광역시 남구_2016,1416,1.002,93.7,-0.7,219729,4.5
광주광역시 북구_2016,3437,1.152,98.9,-1.13,441066,3.3
광주광역시 광산구_2016,3963,1.426,101.0,0.83,403049,4.2
대구광역시 중구_2016,700,1.211,94.5,-1.51,79712,6.9
대구광역시 동구_2016,2806,1.239,98.9,0.47,351352,4.4
대구광역시 서구_2016,1113,0.973,102.0,-3.13,199507,6.2
대구광역시 남구_2016,879,0.875,94.8,-2.71,156433,6.1
대구광역시 북구_2016,3575,1.295,100.1,-0.59,440383,5.8
대구광역시 수성구_2016,2400,0.99,95.5,-1.04,447011,4.6
대구광역시 달서구_2016,4504,1.185,98.8,-1.79,591891,5.0
대구광역시 달성군_2016,2321,1.667,103.8,13.11,218268,7.4
대전광역시 동구_2016,1666,1.131,102.5,-1.78,234959,5.5
대전광역시 중구_2016,1689,1.068,98.6,-1.48,252490,4.1
대전광역시 서구_2016,4069,1.141,97.2,0.04,491011,5.2
대전광역시 유성구_2016,3647,1.379,101.7,2.41,343222,4.3
대전광역시 대덕구_2016,1365,1.16,103.2,-2.04,192688,4.7
부산광역시 중구_2016,211,0.801,96.3,-0.9,45208,6.6
부산광역시 서구_2016,574,0.912,96.5,-2.45,112973,5.3
부산광역시 동구_2016,436,0.885,98.2,-2.29,89826,4.3
부산광역시 영도구_2016,619,0.938,98.2,-2.3,126362,3.4
부산광역시 부산진구_2016,2692,1.003,95.8,-1.3,376526,5.6
부산광역시 동래구_2016,1737,1.014,96.4,-0.02,272745,9.9
부산광역시 남구_2016,1718,0.987,96.8,-1.35,278779,3.8
부산광역시 북구_2016,2417,1.234,98.9,0.01,310202,6.1
부산광역시 해운대구_2016,2845,1.047,94.3,-0.71,419853,4.3
부산광역시 사하구_2016,2398,1.119,100.0,-0.95,334603,4.8
부산광역시 금정구_2016,1275,0.868,96.7,-0.35,244624,2.9
부산광역시 강서구_2016,1601,1.924,107.0,14.09,108909,8.6
부산광역시 연제구_2016,1478,1.07,95.7,-1.63,207268,5.3
부산광역시 수영구_2016,1263,0.975,91.3,-0.23,179324,4.7
부산광역시 사상구_2016,1682,1.102,103.5,-1.9,232800,3.6
부산광역시 기장군_2016,1960,1.696,97.8,3.52,158527,10.4
서울특별시 종로구_2016,846,0.784,97.0,-1.16,152737,11.8
서울특별시 중구_2016,959,0.974,98.7,0.06,125249,7.1
서울특별시 용산구_2016,1708,0.907,94.1,-1.13,230241,8.6
서울특별시 성동구_2016,2531,1.013,98.3,0.69,299259,7.8
서울특별시 광진구_2016,2767,0.867,95.8,-0.82,357215,9.5
서울특별시 동대문구_2016,2383,0.889,100.1,-0.94,355069,8.3
서울특별시 중랑구_2016,3085,0.995,99.4,-0.7,411005,5.8
서울특별시 성북구_2016,3060,0.909,95.5,-1.69,450355,6.4
서울특별시 강북구_2016,1965,0.878,96.7,-1.11,327195,7.6
서울특별시 도봉구_2016,2249,0.947,96.8,-0.84,348220,10.4
서울특별시 노원구_2016,4176,1.068,94.9,-1.21,567581,5.2
서울특별시 은평구_2016,3522,0.943,94.8,-1.32,491476,4.9
서울특별시 서대문구_2016,2201,0.934,94.3,0.86,314194,9.6
서울특별시 마포구_2016,3392,0.945,92.1,-1.87,379892,6.1
서울특별시 양천구_2016,3334,1.008,97.9,-1.47,477739,6.4
서울특별시 강서구_2016,5456,1.059,95.2,1.08,595485,4.5
서울특별시 구로구_2016,3736,1.07,98.9,-1.1,417551,7.6
서울특별시 금천구_2016,1595,0.944,103.8,-0.59,235386,8.6
서울특별시 영등포구_2016,3282,1.011,99.9,-2.64,370613,7.2
서울특별시 동작구_2016,3184,0.912,95.9,0.11,400997,9.4
서울특별시 관악구_2016,3561,0.777,102.2,-0.65,506851,6.2
서울특별시 서초구_2016,3629,0.928,92.3,0.05,447192,9.4
서울특별시 강남구_2016,4122,0.802,91.9,-1.65,567115,9.2
서울특별시 송파구_2016,5500,0.958,95.0,-0.38,657831,6.5
서울특별시 강동구_2016,3293,0.938,99.1,-3.21,444168,7.8
울산광역시 중구_2016,2107,1.356,104.1,-0.83,242536,5.2
울산광역시 남구_2016,2840,1.261,104.3,-0.9,340714,8.4
울산광역시 동구_2016,2013,1.583,111.9,-1.03,174514,4.8
울산광역시 북구_2016,2122,1.604,107.3,2.14,195285,4.5
울산광역시 울주군_2016,1828,1.442,106.1,-0.45,219255,7.7
인천광역시 강화군_2016,276,1.114,101.0,0.54,68010,5.6
인천광역시 옹진군_2016,121,1.395,132.2,1.79,21351,13.0
인천광역시 중구_2016,915,1.19,108.0,0.55,115249,9.3
인천광역시 동구_2016,527,1.185,101.9,-2.2,71014,7.0
인천광역시 미추홀구_2016,2998,1.068,101.8,3.07,417103,7.8
인천광역시 연수구_2016,2542,1.135,99.3,3.22,328627,6.1
인천광역시 남동구_2016,4521,1.163,99.4,-0.16,530982,5.4
인천광역시 부평구_2016,4537,1.113,98.9,-0.94,549716,7.4
인천광역시 계양구_2016,2455,1.047,100.2,-1.22,330284,7.1
인천광역시 서구_2016,4717,1.28,102.2,1.17,510733,6.4
전라남도 목포시_2016,1823,1.268,99.3,-0.27,237739,3.7
전라남도 여수시_2016,2286,1.464,102.9,-0.35,288988,4.4
전라남도 순천시_2016,1961,1.247,99.5,-0.07,278548,5.8
전라남도 나주시_2016,902,1.589,101.3,6.49,104376,5.1
전라남도 광양시_2016,1447,1.586,105.9,1.33,155580,6.0
전라남도 담양군_2016,314,1.514,100.9,0.57,47229,4.3
전라남도 곡성군_2016,144,1.348,94.7,-0.81,30400,6.6
전라남도 구례군_2016,145,1.476,94.8,0.38,27412,5.3
전라남도 고흥군_2016,270,1.323,92.8,-1.33,67656,3.9
전라남도 보성군_2016,244,1.492,93.6,-1.79,44469,5.6
전라남도 화순군_2016,332,1.126,96.8,-0.75,65303,6.0
전라남도 장흥군_2016,163,1.013,93.7,-6.38,40669,4.8
전라남도 강진군_2016,270,1.717,92.4,-2.57,37753,5.7
전라남도 해남군_2016,786,2.423,94.7,-1.3,75121,2.6
전라남도 영암군_2016,504,1.902,105.3,-2.69,57045,5.7
전라남도 무안군_2016,612,1.413,100.5,0.03,82109,6.0
전라남도 함평군_2016,205,1.701,98.3,-1.24,34397,3.5
전라남도 영광군_2016,403,1.656,99.4,-1.12,55618,5.4
전라남도 장성군_2016,385,1.887,102.0,-0.5,46104,3.3
전라남도 완도군_2016,386,1.828,99.6,-0.08,52668,6.7
전라남도 진도군_2016,181,1.546,95.9,0.14,32078,8.9
전라남도 신안군_2016,217,1.573,112.2,-1.47,42652,5.2
전북특별자치도 전주시_2016,4797,1.149,97.1,0.02,651744,5.7
전북특별자치도 군산시_2016,2104,1.324,103.0,-0.31,277551,6.4
전북특별자치도 익산시_2016,2010,1.213,99.3,-0.44,300479,6.1
전북특별자치도 정읍시_2016,646,1.318,98.0,-0.69,115173,6.8
전북특별자치도 남원시_2016,520,1.467,96.5,-0.77,84188,3.5
전북특별자치도 김제시_2016,454,1.257,98.4,-0.96,87782,4.5
전북특별자치도 완주군_2016,809,1.509,105.2,0.23,95480,5.7
전북특별자치도 진안군_2016,173,1.75,100.0,-0.43,26069,5.5
전북특별자치도 무주군_2016,124,1.324,98.4,-1.03,24949,5.4
전북특별자치도 장수군_2016,126,1.38,97.8,1.41,23628,4.7
전북특별자치도 임실군_2016,162,1.432,103.9,-0.19,30197,5.8
전북특별자치도 순창군_2016,252,2.017,92.9,-0.97,29949,6.1
전북특별자치도 고창군_2016,253,1.116,97.6,1.0,60597,3.9
전북특별자치도 부안군_2016,268,1.204,98.4,0.33,57005,5.8
제주특별자치도 제주시_2016,4228,1.435,100.5,2.67,470665,9.078163947000233
제주특별자치도 서귀포시_2016,1266,1.422,102.6,4.27,170932,3.821836052999766
충청남도 천안시_2016,6021,1.298,103.4,2.08,617955,5.6
충청남도 공주시_2016,547,1.049,100.9,-1.07,109931,4.6
충청남도 보령시_2016,627,1.328,102.3,-0.73,103873,6.5
충청남도 아산시_2016,3441,1.569,105.7,2.07,302929,13.4
충청남도 서산시_2016,1564,1.668,105.7,0.6,170788,7.0
충청남도 논산시_2016,713,1.246,100.4,-0.56,123213,8.2
충청남도 계룡시_2016,371,1.661,98.4,2.19,42634,11.8
충청남도 당진시_2016,1717,1.767,110.3,0.95,166630,8.7
충청남도 금산군_2016,289,1.295,101.9,-0.14,54612,7.1
충청남도 부여군_2016,292,1.15,98.5,-1.24,70187,5.7
충청남도 서천군_2016,226,1.147,96.7,-1.57,56012,4.0
충청남도 청양군_2016,135,1.196,100.2,0.87,32753,7.1
충청남도 홍성군_2016,691,1.436,99.1,5.82,99971,9.6
충청남도 예산군_2016,316,0.96,100.8,-2.21,81339,14.5
충청남도 태안군_2016,352,1.372,102.0,0.69,63900,4.4
충청북도 청주시_2016,7797,1.352,100.8,0.47,835197,7.4
충청북도 충주시_2016,1428,1.314,101.4,0.52,208350,7.8
충청북도 제천시_2016,891,1.334,100.5,0.35,136517,4.8
충청북도 보은군_2016,185,1.55,99.8,-0.14,34221,6.4
충청북도 옥천군_2016,274,1.277,100.9,-0.28,52267,4.4
충청북도 영동군_2016,228,1.192,99.8,-0.28,50552,8.7
충청북도 증평군_2016,402,1.802,105.0,1.98,37308,5.9
충청북도 진천군_2016,533,1.412,108.4,3.36,69950,7.5
충청북도 괴산군_2016,120,0.931,103.0,0.69,38973,4.4
충청북도 음성군_2016,772,1.561,110.7,2.02,97787,4.6
충청북도 단양군_2016,112,0.985,101.5,-0.81,30503,4.4
세종특별자치시_2017,3504,1.668,99.5,15.17,280100,5.2
경기도 수원시_2017,9497,1.044,101.5,0.75,1202628,6.2
경기도 성남시_2017,7368,1.005,98.1,-0.78,967510,9.6
경기도 안양시_2017,4125,0.985,98.6,-1.65,587764,8.2
경기도 부천시_2017,6059,0.977,99.5,-0.01,850329,5.8
경기도 광명시_2017,2374,0.978,98.2,-1.96,332790,8.6
경기도 평택시_2017,3870,1.254,105.0,2.47,481530,5.4
경기도 안산시_2017,4381,0.983,105.3,-1.73,677710,41.8
경기도 과천시_2017,317,0.855,95.4,-9.8,57527,13.6
경기도 오산시_2017,1959,1.21,105.6,2.38,213437,6.5
경기도 시흥시_2017,2812,1.083,110.1,4.03,419664,10.6
경기도 군포시_2017,2266,1.105,98.7,-1.26,281205,7.6
경기도 의왕시_2017,941,0.912,99.6,-0.66,155767,9.2
경기도 하남시_2017,1850,1.095,101.1,10.19,232487,6.0
경기도 용인시_2017,6997,1.039,98.8,1.29,1004081,7.8
경기도 이천시_2017,1725,1.234,104.3,1.47,213142,5.7
경기도 안성시_2017,1236,1.178,104.9,0.36,182786,6.7
경기도 김포시_2017,3172,1.175,100.8,7.65,392092,8.0
경기도 화성시_2017,7004,1.391,107.1,7.7,691086,5.7
경기도 광주시_2017,2842,1.187,105.4,5.45,345947,8.3
경기도 여주시_2017,628,1.073,102.3,0.76,111984,9.6
경기도 양평군_2017,618,1.163,101.5,3.38,115105,7.5
경기도 의정부시_2017,2669,0.947,97.5,0.77,441584,11.8
경기도 동두천시_2017,583,1.078,99.2,-1.12,97071,6.9
경기도 고양시_2017,6681,0.96,96.4,0.22,1041983,10.4
경기도 구리시_2017,1306,0.979,98.7,3.23,200042,8.1
경기도 남양주시_2017,4422,1.043,99.7,0.51,665321,7.7
경기도 파주시_2017,3409,1.199,103.1,1.7,437848,10.9
경기도 양주시_2017,1402,1.188,103.0,3.03,212146,10.6
경기도 포천시_2017,875,1.152,110.8,-1.18,152925,8.1
경기도 연천군_2017,338,1.59,109.9,-1.02,45431,9.1
경기도 가평군_2017,362,1.307,105.1,0.79,62973,7.3
강원특별자치도 춘천시_2017,1742,1.032,97.1,0.08,280514,8.8
강원특별자치도 원주시_2017,2291,1.106,98.9,1.02,341337,4.2
강원특별자치도 강릉시_2017,1084,1.025,98.7,0.06,213952,4.8
강원특별자치도 동해시_2017,561,1.236,102.8,-0.32,92851,9.7
강원특별자치도 태백시_2017,242,1.183,102.2,-2.52,45888,11.1
강원특별자치도 속초시_2017,383,0.908,97.1,0.66,82273,10.1
강원특별자치도 삼척시_2017,337,1.158,102.2,-1.47,68514,7.5
강원특별자치도 홍천군_2017,378,1.27,104.0,0.46,70340,3.9
강원특별자치도 횡성군_2017,174,0.999,103.5,0.54,46281,7.2
강원특별자치도 영월군_2017,142,1.01,106.2,-0.01,40067,5.5
강원특별자치도 평창군_2017,185,1.095,104.5,-0.43,43092,4.7
강원특별자치도 정선군_2017,150,0.968,107.2,-1.45,38173,7.1
강원특별자치도 철원군_2017,349,1.591,111.6,-1.6,47185,9.1
강원특별자치도 화천군_2017,199,1.484,122.2,-0.89,26022,6.0
강원특별자치도 양구군_2017,201,1.623,115.4,-0.68,23835,7.6
강원특별자치도 인제군_2017,310,1.833,117.2,-0.48,32582,7.8
강원특별자치도 고성군_2017,135,1.176,111.3,0.4,30029,4.8
강원특별자치도 양양군_2017,95,0.939,103.7,-0.09,27207,11.1
경상남도 창원시_2017,7515,1.141,102.9,-0.69,1057032,4.0
경상남도 진주시_2017,2296,1.139,98.2,0.08,346681,3.2
경상남도 통영시_2017,845,1.137,101.8,-2.08,135833,11.7
경상남도 사천시_2017,738,1.298,101.2,-0.58,114252,7.4
경상남도 김해시_2017,3995,1.234,102.2,0.53,532132,10.9
경상남도 밀양시_2017,627,1.36,95.4,-0.26,107898,4.9
경상남도 거제시_2017,2614,1.524,110.7,-3.02,254073,7.7
경상남도 양산시_2017,3005,1.376,101.0,6.65,338535,5.3
경상남도 의령군_2017,132,1.376,93.8,-0.89,27849,5.6
경상남도 함안군_2017,387,1.21,102.0,-1.13,68207,4.3
경상남도 창녕군_2017,385,1.522,98.7,0.38,64101,4.0
경상남도 고성군_2017,229,1.057,100.3,-1.67,54060,3.1
경상남도 남해군_2017,125,0.953,91.6,-1.13,44642,6.6
경상남도 하동군_2017,188,1.083,97.3,-1.53,48831,4.5
경상남도 산청군_2017,191,1.614,95.9,0.74,36340,3.7
경상남도 함양군_2017,160,1.124,91.9,-0.21,40175,8.4
경상남도 거창군_2017,294,1.147,94.4,-0.83,62763,7.2
경상남도 합천군_2017,123,0.839,91.3,-2.05,47000,4.4
경상북도 포항시_2017,3511,1.217,102.0,-0.54,513832,7.0
경상북도 경주시_2017,1364,1.093,100.4,-0.31,257903,7.2
경상북도 김천시_2017,1066,1.432,100.3,0.56,142908,4.9
경상북도 안동시_2017,1185,1.42,97.6,-1.41,166272,6.5
경상북도 구미시_2017,3727,1.201,104.8,0.41,421799,9.4
경상북도 영주시_2017,535,1.182,98.4,-0.74,108371,9.6
경상북도 영천시_2017,584,1.353,102.2,0.53,100615,7.7
경상북도 상주시_2017,447,1.176,95.6,-0.82,100947,4.6
경상북도 문경시_2017,390,1.304,96.0,-1.9,73294,5.0
경상북도 경산시_2017,2091,1.3,101.6,0.82,259485,5.1
대구광역시 군위군_2017,100,1.36,102.3,-0.03,24215,9.0
경상북도 의성군_2017,221,1.404,95.4,-1.17,53474,4.9
경상북도 청송군_2017,128,1.531,98.3,-1.32,26006,7.8
경상북도 영양군_2017,80,1.485,97.3,-1.3,17479,5.3
경상북도 영덕군_2017,208,1.631,91.0,-1.25,38529,9.4
경상북도 청도군_2017,143,0.975,95.9,-0.53,43346,3.9
경상북도 고령군_2017,171,1.306,103.8,-1.51,33768,5.9
경상북도 성주군_2017,273,1.541,105.7,-0.09,45138,10.1
경상북도 칠곡군_2017,1039,1.292,108.2,-1.96,120864,8.5
경상북도 예천군_2017,231,1.272,97.0,6.64,49253,8.8
경상북도 봉화군_2017,167,1.566,99.0,-0.73,33259,4.4
경상북도 울진군_2017,264,1.255,99.8,-1.2,50974,6.7
경상북도 울릉군_2017,32,0.745,120.0,-0.2,9975,7.1
광주광역시 동구_2017,524,0.925,99.4,-0.27,95448,4.1
광주광역시 서구_2017,2011,0.977,96.8,-0.86,306957,5.3
광주광역시 남구_2017,1298,0.951,93.5,-0.6,218454,5.7
광주광역시 북구_2017,3035,1.051,98.7,-0.48,438780,3.5
광주광역시 광산구_2017,3252,1.211,101.1,0.56,404131,4.7
대구광역시 중구_2017,577,1.04,94.6,-0.92,78986,7.5
대구광역시 동구_2017,2441,1.123,98.4,-0.55,349379,5.5
대구광역시 서구_2017,864,0.819,101.7,-3.76,191992,6.0
대구광역시 남구_2017,707,0.753,94.2,-2.28,152845,9.2
대구광역시 북구_2017,3022,1.14,99.9,0.22,441375,5.9
대구광역시 수성구_2017,1977,0.849,95.0,-1.74,439211,5.3
대구광역시 달서구_2017,3706,1.04,98.5,-2.33,578068,4.7
대구광역시 달성군_2017,2652,1.634,103.7,11.32,243375,5.5
대전광역시 동구_2017,1409,1.031,102.2,-1.72,230516,5.2
대전광역시 중구_2017,1427,0.946,98.4,-1.42,248933,6.7
대전광역시 서구_2017,3522,1.012,97.2,-0.73,487448,5.4
대전광역시 유성구_2017,3375,1.274,101.8,1.55,348428,5.2
대전광역시 대덕구_2017,1118,1.012,103.2,-2.99,186902,4.5
부산광역시 중구_2017,174,0.687,96.0,-2.25,44218,8.5
부산광역시 서구_2017,458,0.758,95.9,-2.48,110039,5.3
부산광역시 동구_2017,373,0.791,97.7,-1.06,88868,4.6
부산광역시 영도구_2017,469,0.75,98.1,-2.28,123521,3.4
부산광역시 부산진구_2017,2288,0.883,95.4,-1.28,371703,3.7
부산광역시 동래구_2017,1458,0.887,96.1,-0.73,270727,3.5
부산광역시 남구_2017,1439,0.881,96.6,-1.33,273854,5.5
부산광역시 북구_2017,2113,1.106,98.5,-2.26,302924,5.9
부산광역시 해운대구_2017,2275,0.884,94.0,-1.86,412039,4.3
부산광역시 사하구_2017,2065,1.005,99.7,-0.45,333301,6.0
부산광역시 금정구_2017,1204,0.849,96.7,0.0,244469,3.9
부산광역시 강서구_2017,1731,1.829,107.0,7.27,117382,8.3
부산광역시 연제구_2017,1278,0.945,94.8,-0.25,206742,6.7
부산광역시 수영구_2017,1082,0.852,91.0,0.38,179996,6.2
부산광역시 사상구_2017,1437,0.996,103.2,-1.47,229219,4.2
부산광역시 기장군_2017,1636,1.456,98.1,1.88,161651,8.5
서울특별시 종로구_2017,689,0.646,96.4,1.44,154770,11.7
서울특별시 중구_2017,808,0.824,98.1,0.14,125709,6.2
서울특별시 용산구_2017,1464,0.793,93.7,-0.27,229161,9.6
서울특별시 성동구_2017,2462,0.972,97.4,1.81,304808,7.9
서울특별시 광진구_2017,2347,0.749,95.2,0.05,357703,11.6
서울특별시 동대문구_2017,2117,0.822,100.0,-1.16,350647,8.5
서울특별시 중랑구_2017,2744,0.906,99.2,-0.7,408226,5.7
서울특별시 성북구_2017,2631,0.818,95.2,-1.35,444055,6.9
서울특별시 강북구_2017,1772,0.825,96.0,-0.82,324479,9.7
서울특별시 도봉구_2017,1906,0.833,96.2,-1.15,344166,9.8
서울특별시 노원구_2017,3494,0.938,94.6,-2.3,554403,4.4
서울특별시 은평구_2017,2930,0.814,94.4,-0.95,486794,4.9
서울특별시 서대문구_2017,1911,0.823,93.5,-0.26,312800,14.2
서울특별시 마포구_2017,2812,0.806,91.3,-1.31,374915,6.2
서울특별시 양천구_2017,2876,0.898,97.4,-1.42,471154,6.0
서울특별시 강서구_2017,4800,0.925,94.9,1.02,601691,4.6
서울특별시 구로구_2017,3139,0.943,98.7,-1.79,410742,8.7
서울특별시 금천구_2017,1498,0.901,103.3,-0.46,235154,9.1
서울특별시 영등포구_2017,2805,0.884,99.7,-1.17,368550,7.7
서울특별시 동작구_2017,2814,0.831,95.2,-1.15,396217,9.8
서울특별시 관악구_2017,2931,0.662,101.6,-0.89,503297,6.9
서울특별시 서초구_2017,3039,0.799,91.9,-1.35,441102,11.3
서울특별시 강남구_2017,3456,0.706,92.0,-1.94,556164,9.4
서울특별시 송파구_2017,4976,0.871,94.7,0.94,664496,6.9
서울특별시 강동구_2017,2968,0.884,98.8,-1.81,436223,7.1
울산광역시 중구_2017,1801,1.196,103.8,-1.67,238652,4.9
울산광역시 남구_2017,2409,1.115,104.2,-1.69,335439,6.8
울산광역시 동구_2017,1717,1.437,110.4,-3.48,169605,5.8
울산광역시 북구_2017,1861,1.385,107.3,2.7,200718,4.9
울산광역시 울주군_2017,1593,1.312,106.5,0.31,220718,13.4
인천광역시 강화군_2017,242,0.989,100.8,1.1,68754,6.1
인천광역시 옹진군_2017,104,1.186,130.8,1.02,21573,11.8
인천광역시 중구_2017,790,1.047,108.3,2.01,117999,9.9
인천광역시 동구_2017,430,1.039,101.8,-2.12,69487,5.9
인천광역시 미추홀구_2017,2893,1.027,101.9,0.64,419267,7.4
인천광역시 연수구_2017,2440,1.064,99.2,2.39,335142,7.0
인천광역시 남동구_2017,3850,1.008,99.3,1.05,536578,6.8
인천광역시 부평구_2017,3845,0.977,98.6,-1.51,539941,6.4
인천광역시 계양구_2017,1984,0.882,100.0,-1.94,323784,6.2
인천광역시 서구_2017,3867,1.058,102.1,1.07,516017,7.6
전라남도 목포시_2017,1431,1.038,99.3,-1.38,234379,3.8
전라남도 여수시_2017,2023,1.334,102.7,-0.86,286382,8.0
전라남도 순천시_2017,1852,1.18,99.3,0.28,279331,9.3
전라남도 나주시_2017,943,1.504,101.2,5.54,110110,3.0
전라남도 광양시_2017,1300,1.45,106.3,0.14,155857,4.9
전라남도 담양군_2017,292,1.423,100.9,0.07,47285,4.6
전라남도 곡성군_2017,115,1.144,94.5,-0.74,30131,5.6
전라남도 구례군_2017,118,1.247,94.8,0.47,27525,5.4
전라남도 고흥군_2017,227,1.153,92.7,-1.22,66736,5.0
전라남도 보성군_2017,228,1.478,93.6,-1.59,43755,4.2
전라남도 화순군_2017,304,1.072,96.9,-0.9,64680,7.6
전라남도 장흥군_2017,161,1.112,94.5,-1.33,40136,4.1
전라남도 강진군_2017,222,1.527,92.7,-2.24,36868,7.8
전라남도 해남군_2017,640,2.099,95.0,-2.01,73604,2.9
전라남도 영암군_2017,436,1.777,105.1,-4.18,55616,7.5
전라남도 무안군_2017,502,1.178,100.2,0.93,82872,6.0
전라남도 함평군_2017,160,1.371,98.2,-0.17,34328,4.3
전라남도 영광군_2017,360,1.544,99.3,-1.32,54774,6.1
전라남도 장성군_2017,329,1.641,102.1,0.09,46111,3.2
전라남도 완도군_2017,331,1.634,100.3,-0.84,52109,7.2
전라남도 진도군_2017,174,1.533,96.4,-1.22,31765,11.0
전라남도 신안군_2017,206,1.595,112.8,-1.24,42070,6.1
전북특별자치도 전주시_2017,4298,1.054,96.9,-0.34,648964,6.0
전북특별자치도 군산시_2017,1799,1.177,102.6,-0.98,274997,5.5
전북특별자치도 익산시_2017,1874,1.158,99.3,0.11,300187,7.6
전북특별자치도 정읍시_2017,536,1.125,98.2,-1.12,113776,6.1
전북특별자치도 남원시_2017,433,1.266,96.4,-1.04,83281,4.2
전북특별자치도 김제시_2017,417,1.2,98.4,-0.97,86926,4.5
전북특별자치도 완주군_2017,712,1.379,105.5,0.73,95975,4.8
전북특별자치도 진안군_2017,155,1.625,100.2,0.81,26271,4.9
전북특별자치도 무주군_2017,104,1.208,98.2,-0.59,24809,4.8
전북특별자치도 장수군_2017,98,1.14,98.4,-2.63,23003,5.3
전북특별자치도 임실군_2017,178,1.581,104.2,0.01,30162,6.7
전북특별자치도 순창군_2017,219,1.795,93.5,-0.84,29698,5.5
전북특별자치도 고창군_2017,235,1.044,98.0,-0.17,60472,3.6
전북특별자치도 부안군_2017,290,1.361,98.8,-1.63,56086,4.6
제주특별자치도 제주시_2017,3819,1.301,100.9,1.88,478700,10.13376440595375
제주특별자치도 서귀포시_2017,1218,1.318,102.7,4.78,178383,4.26623559404625
충청남도 천안시_2017,5439,1.164,103.7,2.3,631531,6.0
충청남도 공주시_2017,569,1.147,100.8,-1.27,108432,5.2
충청남도 보령시_2017,539,1.17,102.4,-0.47,103198,8.7
충청남도 아산시_2017,3031,1.397,106.3,3.17,311453,10.8
충청남도 서산시_2017,1396,1.525,106.0,0.58,171678,6.1
충청남도 논산시_2017,659,1.191,100.3,-0.65,122240,8.2
충청남도 계룡시_2017,334,1.441,98.6,3.12,43967,7.3
충청남도 당진시_2017,1585,1.654,110.8,0.55,167439,8.5
충청남도 금산군_2017,233,1.157,101.8,-0.94,53894,6.6
충청남도 부여군_2017,262,1.086,98.4,-1.5,69086,3.9
충청남도 서천군_2017,214,1.137,97.1,-1.41,55175,4.5
충청남도 청양군_2017,121,1.098,101.3,0.31,32837,9.1
충청남도 홍성군_2017,698,1.371,99.0,1.66,101570,6.3
충청남도 예산군_2017,318,1.054,100.6,-1.05,80338,12.9
충청남도 태안군_2017,272,1.092,102.3,0.18,63932,4.7
충청북도 청주시_2017,6948,1.227,100.9,0.11,835590,6.2
충청북도 충주시_2017,1234,1.144,101.6,0.13,208316,7.7
충청북도 제천시_2017,760,1.17,100.6,-0.13,136432,6.7
충청북도 보은군_2017,174,1.507,99.8,-0.42,34053,5.9
충청북도 옥천군_2017,209,1.026,101.3,-1.01,51766,5.3
충청북도 영동군_2017,299,1.621,98.7,-0.6,50240,8.6
충청북도 증평군_2017,367,1.669,106.0,1.21,37783,11.0
충청북도 진천군_2017,513,1.346,108.3,5.29,73677,5.9
충청북도 괴산군_2017,128,1.023,103.4,0.27,39054,4.3
충청북도 음성군_2017,670,1.374,110.8,-0.34,97306,4.6
충청북도 단양군_2017,92,0.835,101.2,-0.97,30215,6.8
세종특별자치시_2018,3703,1.566,99.7,12.26,314126,5.2
경기도 수원시_2018,8832,0.985,101.5,0.14,1201166,6.2
경기도 성남시_2018,6453,0.91,98.1,-1.24,954347,7.2
경기도 안양시_2018,4066,1.006,98.2,-1.76,576831,7.2
경기도 부천시_2018,5447,0.896,99.2,-0.41,843768,5.5
경기도 광명시_2018,2123,0.925,98.0,-1.63,326841,9.8
경기도 평택시_2018,3586,1.144,105.4,3.14,495642,5.5
경기도 안산시_2018,3747,0.879,105.3,-1.96,660343,20.4
경기도 과천시_2018,281,0.796,95.6,1.02,58142,12.6
경기도 오산시_2018,1847,1.13,106.0,3.45,220070,10.3
경기도 시흥시_2018,3185,1.14,109.8,7.0,448687,15.0
경기도 군포시_2018,2081,1.058,98.7,-1.43,276916,9.3
경기도 의왕시_2018,869,0.885,99.7,-1.19,153932,8.4
경기도 하남시_2018,1892,1.02,101.0,9.43,254415,6.8
경기도 용인시_2018,6598,0.981,98.7,3.18,1035126,7.7
경기도 이천시_2018,1525,1.106,105.3,0.71,214206,5.2
경기도 안성시_2018,1043,1.026,105.2,0.78,183579,7.5
경기도 김포시_2018,3238,1.094,100.8,7.94,423170,8.9
경기도 화성시_2018,7178,1.309,107.4,9.69,758722,6.6
경기도 광주시_2018,2827,1.127,105.0,5.15,363782,12.1
경기도 여주시_2018,627,1.118,102.6,-0.37,111525,10.5
경기도 양평군_2018,520,0.994,101.2,0.83,116095,8.5
경기도 의정부시_2018,2559,0.905,97.2,1.31,447026,8.0
경기도 동두천시_2018,464,0.879,99.5,-0.7,96226,6.2
경기도 고양시_2018,5816,0.846,96.3,0.25,1044189,6.6
경기도 구리시_2018,1318,0.955,98.6,1.75,203553,5.2
경기도 남양주시_2018,4120,0.988,99.5,2.51,681828,5.8
경기도 파주시_2018,3227,1.112,103.0,3.25,451848,17.4
경기도 양주시_2018,1304,1.09,102.8,2.27,216951,7.2
경기도 포천시_2018,772,1.056,111.1,-1.13,150676,5.3
경기도 연천군_2018,329,1.613,109.9,-1.73,44633,6.9
경기도 가평군_2018,301,1.093,105.4,-0.12,62918,8.9
강원특별자치도 춘천시_2018,1705,1.024,97.1,0.29,280640,8.4
강원특별자치도 원주시_2018,2041,0.984,98.9,0.81,344070,4.1
강원특별자치도 강릉시_2018,1036,1.004,98.5,-0.29,212957,6.4
강원특별자치도 동해시_2018,472,1.096,102.6,-1.62,91272,9.6
강원특별자치도 태백시_2018,228,1.193,101.6,-2.23,44858,13.7
강원특별자치도 속초시_2018,416,1.031,97.1,-0.62,81682,8.7
강원특별자치도 삼척시_2018,341,1.191,102.5,-0.32,68326,6.4
강원특별자치도 홍천군_2018,361,1.255,104.1,-0.54,69949,3.8
강원특별자치도 횡성군_2018,149,0.858,104.1,0.91,46726,7.8
강원특별자치도 영월군_2018,122,0.907,106.5,-0.82,39730,7.2
강원특별자치도 평창군_2018,142,0.88,104.5,-1.31,42610,9.9
강원특별자치도 정선군_2018,136,0.927,108.2,-1.21,37700,6.9
강원특별자치도 철원군_2018,334,1.538,110.9,-1.63,46413,10.8
강원특별자치도 화천군_2018,202,1.567,118.5,-3.47,25084,5.5
강원특별자치도 양구군_2018,164,1.358,113.8,-1.79,23408,7.5
강원특별자치도 인제군_2018,262,1.579,117.3,-1.36,32136,7.7
강원특별자치도 고성군_2018,106,1.014,109.8,-5.68,28144,4.5
강원특별자치도 양양군_2018,134,1.343,103.4,0.59,27347,11.5
경상남도 창원시_2018,6922,1.087,102.8,-0.35,1053601,4.2
경상남도 진주시_2018,2161,1.097,98.1,-0.13,345987,17.2
경상남도 통영시_2018,641,0.928,101.3,-1.44,133720,7.1
경상남도 사천시_2018,610,1.135,101.6,-0.13,113888,7.2
경상남도 김해시_2018,3433,1.082,102.2,0.29,533672,6.8
경상남도 밀양시_2018,468,1.063,95.6,-0.93,106744,5.2
경상남도 거제시_2018,2030,1.255,109.6,-1.97,250516,7.2
경상남도 양산시_2018,3033,1.331,101.0,2.99,348639,6.1
경상남도 의령군_2018,111,1.18,94.2,-0.69,27667,5.7
경상남도 함안군_2018,307,1.012,102.5,-1.67,67025,4.4
경상남도 창녕군_2018,334,1.363,98.7,-0.63,63396,4.4
경상남도 고성군_2018,207,1.068,100.4,-1.76,53243,3.7
경상남도 남해군_2018,107,0.847,91.7,-1.44,43990,6.7
경상남도 하동군_2018,176,1.119,98.1,-2.64,47533,3.8
경상남도 산청군_2018,143,1.253,95.8,-0.93,35952,4.4
경상남도 함양군_2018,150,1.071,91.9,-0.3,40044,9.0
경상남도 거창군_2018,266,1.079,94.5,-0.52,62455,6.4
경상남도 합천군_2018,125,0.935,92.0,-2.28,45916,5.0
경상북도 포항시_2018,3109,1.117,102.2,-0.63,510013,7.1
경상북도 경주시_2018,1251,1.036,100.6,0.03,256864,7.5
경상북도 김천시_2018,1017,1.414,100.3,-1.09,141104,5.8
경상북도 안동시_2018,947,1.201,97.8,-2.4,162180,4.6
경상북도 구미시_2018,3360,1.11,105.0,-0.13,421494,4.8
경상북도 영주시_2018,506,1.214,98.3,-1.36,106801,6.6
경상북도 영천시_2018,499,1.18,102.6,0.78,101595,9.7
경상북도 상주시_2018,456,1.241,95.7,-0.61,100297,5.7
경상북도 문경시_2018,301,1.084,95.8,-1.87,71874,6.7
경상북도 경산시_2018,1859,1.182,101.5,1.26,261093,6.1
대구광역시 군위군_2018,81,1.179,103.9,-1.27,23919,8.8
경상북도 의성군_2018,240,1.63,95.3,-0.93,52944,7.6
경상북도 청송군_2018,84,1.09,98.8,-1.22,25678,8.3
경상북도 영양군_2018,63,1.17,97.5,-0.76,17356,5.3
경상북도 영덕군_2018,152,1.219,90.5,-0.94,38108,5.3
경상북도 청도군_2018,146,1.056,96.2,-0.53,43057,4.8
경상북도 고령군_2018,141,1.156,104.1,-2.4,32969,7.7
경상북도 성주군_2018,252,1.486,106.2,-1.12,44672,7.2
경상북도 칠곡군_2018,876,1.185,108.8,-1.64,118828,9.5
경상북도 예천군_2018,310,1.527,96.6,8.08,53274,6.3
경상북도 봉화군_2018,153,1.512,99.8,-1.22,32843,4.6
경상북도 울진군_2018,244,1.21,99.7,-1.53,50036,6.9
경상북도 울릉군_2018,32,0.767,118.3,-1.11,9832,9.3
광주광역시 동구_2018,460,0.831,98.6,-0.45,94475,6.1
광주광역시 서구_2018,1749,0.873,96.7,-0.88,304172,5.6
광주광역시 남구_2018,1165,0.88,93.1,-0.94,216369,5.1
광주광역시 북구_2018,2796,0.992,98.6,0.25,439773,3.2
광주광역시 광산구_2018,2935,1.119,101.2,0.29,404547,4.3
대구광역시 중구_2018,546,1.001,94.1,0.58,79401,7.5
대구광역시 동구_2018,2202,1.024,98.1,0.56,351291,4.2
대구광역시 서구_2018,667,0.694,101.3,-3.9,184372,5.1
대구광역시 남구_2018,613,0.683,93.4,-1.39,150501,7.2
대구광역시 북구_2018,2785,1.075,99.6,-0.36,439489,5.6
대구광역시 수성구_2018,1714,0.763,94.8,-1.44,432759,4.7
대구광역시 달서구_2018,3041,0.895,98.2,-0.7,573413,5.0
대구광역시 달성군_2018,2832,1.615,103.4,3.0,250543,9.4
대전광역시 동구_2018,1182,0.903,102.1,-0.4,229071,5.5
대전광역시 중구_2018,1264,0.882,98.1,-1.78,244421,4.7
대전광역시 서구_2018,3078,0.903,97.0,-0.54,484663,4.0
대전광역시 유성구_2018,2876,1.083,101.7,0.41,349790,4.2
대전광역시 대덕구_2018,937,0.906,103.3,-2.61,181991,3.8
부산광역시 중구_2018,163,0.698,96.3,-2.64,42795,7.8
부산광역시 서구_2018,426,0.736,95.4,0.6,110534,3.4
부산광역시 동구_2018,321,0.702,97.2,-1.93,86912,5.5
부산광역시 영도구_2018,404,0.707,97.9,-2.72,120109,3.5
부산광역시 부산진구_2018,2018,0.811,94.8,-2.45,362357,6.3
부산광역시 동래구_2018,1297,0.813,95.7,-1.55,266515,5.1
부산광역시 남구_2018,1295,0.816,96.5,2.43,279917,4.0
부산광역시 북구_2018,1797,0.992,98.3,-1.8,296952,5.1
부산광역시 해운대구_2018,2084,0.841,93.6,-0.61,409347,4.2
부산광역시 사하구_2018,1828,0.925,99.8,-1.59,327791,7.8
부산광역시 금정구_2018,1080,0.788,96.4,-0.48,242956,3.2
부산광역시 강서구_2018,1607,1.611,106.8,4.53,122957,5.7
부산광역시 연제구_2018,1264,0.936,94.2,0.53,207840,4.0
부산광역시 수영구_2018,955,0.77,90.8,-2.04,176246,5.5
부산광역시 사상구_2018,1245,0.919,102.8,-2.39,223361,4.8
부산광역시 기장군_2018,1368,1.241,98.0,1.99,164864,6.7
서울특별시 종로구_2018,644,0.606,95.6,-0.75,153065,11.2
서울특별시 중구_2018,733,0.737,97.1,0.77,125725,6.4
서울특별시 용산구_2018,1377,0.747,93.5,0.26,228999,8.2
서울특별시 성동구_2018,2346,0.909,96.5,1.2,308221,7.6
서울특별시 광진구_2018,2197,0.713,94.5,-0.33,355559,11.0
서울특별시 동대문구_2018,1886,0.753,99.5,-0.46,348052,7.9
서울특별시 중랑구_2018,2446,0.825,98.8,-1.12,403209,6.1
서울특별시 성북구_2018,2264,0.737,94.6,-1.7,435868,6.9
서울특별시 강북구_2018,1344,0.647,95.7,-1.55,319164,10.3
서울특별시 도봉구_2018,1707,0.774,95.9,-1.32,339413,9.3
서울특별시 노원구_2018,2851,0.809,94.3,-1.78,543752,5.5
서울특별시 은평구_2018,2703,0.772,93.7,-0.72,483197,6.2
서울특별시 서대문구_2018,1647,0.727,93.0,-0.6,310313,9.7
서울특별시 마포구_2018,2528,0.733,90.6,0.15,375077,5.3
서울특별시 양천구_2018,2387,0.771,97.1,-1.45,464185,5.0
서울특별시 강서구_2018,4260,0.826,94.5,-0.76,596949,4.4
서울특별시 구로구_2018,2658,0.838,98.2,-0.7,404497,5.9
서울특별시 금천구_2018,1314,0.796,103.4,0.21,233917,6.8
서울특별시 영등포구_2018,2698,0.851,99.3,0.39,367778,6.8
서울특별시 동작구_2018,2417,0.737,94.5,0.22,396203,9.5
서울특별시 관악구_2018,2582,0.597,100.9,-0.17,501957,6.6
서울특별시 서초구_2018,2919,0.8,91.9,-1.63,433951,8.9
서울특별시 강남구_2018,2940,0.631,91.8,-2.42,542364,8.3
서울특별시 송파구_2018,4567,0.8,94.3,0.35,666635,9.7
서울특별시 강동구_2018,2659,0.82,98.2,-1.92,427573,8.3
울산광역시 중구_2018,1453,1.029,103.4,-2.79,231973,6.0
울산광역시 남구_2018,2077,1.0,103.9,-1.34,330732,5.8
울산광역시 동구_2018,1312,1.183,109.7,-3.07,164642,4.0
울산광역시 북구_2018,1826,1.327,107.1,2.77,206434,5.2
울산광역시 울주군_2018,1481,1.236,106.7,0.43,221842,4.9
인천광역시 강화군_2018,258,1.064,100.6,0.26,68896,6.9
인천광역시 옹진군_2018,109,1.341,131.0,-2.36,21036,10.9
인천광역시 중구_2018,794,1.018,108.3,3.84,122499,11.0
인천광역시 동구_2018,382,1.005,101.9,-4.58,66233,5.8
인천광역시 미추홀구_2018,2637,0.951,101.8,-0.5,416542,6.1
인천광역시 연수구_2018,2480,1.059,99.0,3.8,346359,7.2
인천광역시 남동구_2018,3782,1.006,99.1,0.17,537161,6.4
인천광역시 부평구_2018,3576,0.954,98.4,-2.54,524640,5.3
인천광역시 계양구_2018,1921,0.904,99.7,-3.36,312680,4.8
인천광역시 서구_2018,4148,1.119,102.1,4.43,538596,8.3
전라남도 목포시_2018,1318,0.992,99.3,-0.77,232327,3.6
전라남도 여수시_2018,1744,1.192,103.1,-0.92,283300,4.7
전라남도 순천시_2018,1722,1.108,99.2,0.07,279389,8.9
전라남도 나주시_2018,889,1.36,101.3,3.52,113839,3.4
전라남도 광양시_2018,1171,1.333,107.1,0.48,156564,5.3
전라남도 담양군_2018,273,1.384,101.9,-0.79,46917,5.1
전라남도 곡성군_2018,130,1.336,94.8,-1.47,29624,6.5
전라남도 구례군_2018,72,0.74,94.7,-1.51,27117,5.7
전라남도 고흥군_2018,219,1.168,93.5,-1.29,65777,3.6
전라남도 보성군_2018,170,1.195,93.9,-2.15,42803,4.5
전라남도 화순군_2018,269,0.99,97.1,-1.22,63933,7.2
전라남도 장흥군_2018,176,1.248,94.4,-1.9,39312,6.6
전라남도 강진군_2018,194,1.412,92.3,-1.9,36144,6.9
전라남도 해남군_2018,533,1.886,96.2,-2.25,71901,2.8
전라남도 영암군_2018,368,1.594,105.7,-1.01,54731,5.5
전라남도 무안군_2018,448,1.054,100.5,-1.14,81991,5.1
전라남도 함평군_2018,146,1.289,99.2,-2.53,33420,3.9
전라남도 영광군_2018,411,1.816,99.5,-1.11,54127,4.7
전라남도 장성군_2018,344,1.778,102.7,-0.76,45795,3.2
전라남도 완도군_2018,310,1.616,100.7,-0.8,51477,6.9
전라남도 진도군_2018,133,1.217,96.5,-1.14,31219,11.0
전라남도 신안군_2018,198,1.593,113.3,-1.87,41263,6.2
전북특별자치도 전주시_2018,3827,0.954,97.0,0.45,651091,6.4
전북특별자치도 군산시_2018,1529,1.038,102.3,-0.68,272645,4.9
전북특별자치도 익산시_2018,1597,1.03,99.3,-1.97,294062,7.2
전북특별자치도 정읍시_2018,527,1.143,98.0,-1.05,112169,4.4
전북특별자치도 남원시_2018,450,1.337,96.3,-0.82,82554,3.2
전북특별자치도 김제시_2018,353,1.052,98.6,-1.74,85331,4.5
전북특별자치도 완주군_2018,561,1.136,105.4,-0.63,94444,5.5
전북특별자치도 진안군_2018,160,1.714,100.8,-1.12,25963,4.3
전북특별자치도 무주군_2018,79,0.915,98.6,-0.93,24589,6.0
전북특별자치도 장수군_2018,87,1.049,98.7,0.93,23221,4.7
전북특별자치도 임실군_2018,156,1.397,103.4,-0.43,30072,5.4
전북특별자치도 순창군_2018,216,1.816,94.0,-1.65,29209,6.7
전북특별자치도 고창군_2018,244,1.147,97.9,-5.52,57041,4.5
전북특별자치도 부안군_2018,215,1.06,98.7,-2.83,54441,3.9
제주특별자치도 제주시_2018,3745,1.264,100.8,1.91,485946,9.35965740272117
제주특별자치도 서귀포시_2018,1036,1.081,102.5,2.08,181245,3.940342597278829
충청남도 천안시_2018,5213,1.105,103.8,2.42,646075,6.4
충청남도 공주시_2018,513,1.068,100.7,-0.67,107581,3.8
충청남도 보령시_2018,455,1.028,102.3,-1.06,101990,6.4
충청남도 아산시_2018,2693,1.268,106.8,0.79,312822,7.5
충청남도 서산시_2018,1341,1.467,106.4,1.62,174162,7.7
충청남도 논산시_2018,629,1.179,100.0,-1.5,120230,7.5
충청남도 계룡시_2018,269,1.19,98.3,-0.54,43731,6.9
충청남도 당진시_2018,1380,1.494,111.4,0.42,167770,8.0
충청남도 금산군_2018,211,1.087,101.7,-0.6,53222,5.5
충청남도 부여군_2018,210,0.909,98.1,-1.48,68078,3.0
충청남도 서천군_2018,205,1.178,97.5,-2.01,53922,4.2
충청남도 청양군_2018,110,1.055,101.5,-1.54,32296,9.5
충청남도 홍성군_2018,627,1.258,98.8,-0.38,101082,6.3
충청남도 예산군_2018,256,0.87,100.6,-0.25,80083,9.8
충청남도 태안군_2018,268,1.105,102.2,-1.07,63238,4.8
충청북도 청주시_2018,6429,1.163,101.4,0.4,837749,6.9
충청북도 충주시_2018,1155,1.088,101.9,1.17,210504,5.7
충청북도 제천시_2018,755,1.188,100.3,-0.73,135386,6.4
충청북도 보은군_2018,178,1.585,99.9,-1.01,33680,5.8
충청북도 옥천군_2018,172,0.894,101.4,-0.49,51465,6.0
충청북도 영동군_2018,285,1.575,98.4,-0.94,49715,8.0
충청북도 증평군_2018,324,1.506,106.3,-1.02,37317,10.0
충청북도 진천군_2018,545,1.331,109.3,6.33,78218,6.4
충청북도 괴산군_2018,101,0.847,103.7,0.45,39133,5.3
충청북도 음성군_2018,538,1.158,111.6,-0.9,95830,6.3
충청북도 단양군_2018,104,0.999,101.5,0.09,30255,6.1
세종특별자치시_2019,3819,1.472,99.5,8.53,340575,6.2
경기도 수원시_2019,7791,0.89,101.4,-0.58,1194465,7.3
경기도 성남시_2019,5808,0.852,98.0,-1.23,942724,5.6
경기도 안양시_2019,3830,0.98,98.0,-1.67,567044,12.3
경기도 부천시_2019,4747,0.807,98.8,-1.43,829996,6.2
경기도 광명시_2019,1827,0.84,97.7,-3.19,316552,7.6
경기도 평택시_2019,3562,1.102,106.0,3.56,513027,5.6
경기도 안산시_2019,3621,0.887,105.2,-1.36,650918,17.9
경기도 과천시_2019,282,0.78,96.6,0.23,58289,27.9
경기도 오산시_2019,1709,1.04,106.8,2.86,226379,9.2
경기도 시흥시_2019,3309,1.081,109.7,5.18,473682,11.5
경기도 군포시_2019,1985,1.046,98.5,-0.36,275852,16.7
경기도 의왕시_2019,923,0.924,99.4,4.68,161153,8.4
경기도 하남시_2019,1981,0.975,101.1,7.0,272455,7.6
경기도 용인시_2019,6463,0.936,98.6,2.38,1059609,7.6
경기도 이천시_2019,1359,0.991,106.4,0.8,215834,32.5
경기도 안성시_2019,1001,1.002,105.7,0.13,183405,5.7
경기도 김포시_2019,3160,1.016,100.9,3.28,437221,7.4
경기도 화성시_2019,7158,1.199,107.5,7.25,815396,8.4
경기도 광주시_2019,2662,1.043,104.9,2.34,372654,8.3
경기도 여주시_2019,591,1.083,103.2,-0.36,111083,14.8
경기도 양평군_2019,530,1.024,100.7,0.6,116874,7.3
경기도 의정부시_2019,2418,0.847,97.1,1.16,451868,5.4
경기도 동두천시_2019,426,0.854,99.7,-1.33,94768,14.8
경기도 고양시_2019,5538,0.802,96.2,2.08,1066351,7.1
경기도 구리시_2019,1176,0.872,98.7,-2.06,199265,8.1
경기도 남양주시_2019,3855,0.908,99.3,2.95,701830,7.4
경기도 파주시_2019,3077,1.05,103.1,0.54,454040,18.5
경기도 양주시_2019,1256,1.03,103.0,2.47,222314,8.3
경기도 포천시_2019,617,0.889,111.5,-1.12,148379,31.5
경기도 연천군_2019,275,1.413,110.1,-1.68,43824,13.8
경기도 가평군_2019,261,0.971,105.5,-0.74,62415,10.1
강원특별자치도 춘천시_2019,1675,1.017,97.3,0.2,281291,8.1
강원특별자치도 원주시_2019,2146,1.03,98.7,1.57,349215,5.0
강원특별자치도 강릉시_2019,964,0.959,98.5,0.31,213442,4.5
강원특별자치도 동해시_2019,422,1.046,102.6,-0.74,90522,5.6
강원특별자치도 태백시_2019,176,1.006,102.2,-2.19,43866,17.1
강원특별자치도 속초시_2019,414,1.046,97.7,0.16,81786,8.2
강원특별자치도 삼척시_2019,366,1.344,102.6,-1.61,67228,4.5
강원특별자치도 홍천군_2019,308,1.125,104.6,-1.17,69150,5.7
강원특별자치도 횡성군_2019,179,1.053,104.4,-0.18,46575,13.3
강원특별자치도 영월군_2019,121,0.92,106.1,-1.48,39127,12.2
강원특별자치도 평창군_2019,144,0.944,104.8,-1.03,42106,5.9
강원특별자치도 정선군_2019,154,1.112,108.1,-1.03,37271,7.8
강원특별자치도 철원군_2019,349,1.652,108.9,-1.79,45584,6.0
강원특별자치도 화천군_2019,195,1.565,118.1,-0.64,24917,21.8
강원특별자치도 양구군_2019,171,1.473,113.1,-2.59,22764,5.9
강원특별자치도 인제군_2019,255,1.642,118.0,-1.46,31672,12.3
강원특별자치도 고성군_2019,127,1.248,107.4,-2.49,27260,7.5
강원특별자치도 양양군_2019,117,1.182,103.5,1.37,27726,20.2
경상남도 창원시_2019,6249,1.009,102.7,-0.86,1044740,4.7
경상남도 진주시_2019,1972,1.01,97.9,0.42,347334,16.0
경상남도 통영시_2019,536,0.836,101.1,-1.57,131404,6.3
경상남도 사천시_2019,497,0.974,101.8,-1.59,111925,7.0
경상남도 김해시_2019,3431,1.083,102.3,1.65,542455,6.1
경상남도 밀양시_2019,457,1.104,95.7,-0.87,105552,6.6
경상남도 거제시_2019,1618,1.061,110.2,-0.55,248276,15.3
경상남도 양산시_2019,2678,1.178,100.8,0.66,350759,5.6
경상남도 의령군_2019,88,0.975,95.1,-1.73,27168,5.8
경상남도 함안군_2019,291,1.058,102.2,-2.02,65700,8.5
경상남도 창녕군_2019,316,1.326,99.0,-1.48,62331,3.5
경상남도 고성군_2019,158,0.869,100.5,-1.77,52276,12.6
경상남도 남해군_2019,118,0.977,92.7,-0.75,43622,6.9
경상남도 하동군_2019,185,1.273,98.8,-2.04,46574,4.1
경상남도 산청군_2019,145,1.324,95.7,-1.65,35417,4.3
경상남도 함양군_2019,136,1.03,93.0,-0.79,39637,5.5
경상남도 거창군_2019,238,0.999,95.3,-0.37,62179,29.0
경상남도 합천군_2019,137,1.11,92.0,-1.42,45204,10.8
경상북도 포항시_2019,2701,1.014,102.1,-0.55,507025,6.1
경상북도 경주시_2019,1112,0.942,100.4,-0.36,255402,7.7
경상북도 김천시_2019,878,1.271,100.4,0.1,141229,6.1
경상북도 안동시_2019,868,1.17,98.1,-1.33,160052,8.8
경상북도 구미시_2019,2891,0.984,105.2,-0.46,419742,6.0
경상북도 영주시_2019,395,0.995,98.2,-1.67,105067,8.9
경상북도 영천시_2019,654,1.549,103.4,0.72,102470,17.3
경상북도 상주시_2019,437,1.238,96.2,0.44,100688,23.7
경상북도 문경시_2019,313,1.19,96.0,0.52,72242,5.4
경상북도 경산시_2019,1639,1.065,101.6,1.04,263185,4.6
대구광역시 군위군_2019,79,1.233,104.2,-0.34,23843,13.4
경상북도 의성군_2019,255,1.761,95.7,-0.64,52595,13.9
경상북도 청송군_2019,116,1.623,99.8,-1.0,25416,6.9
경상북도 영양군_2019,74,1.437,98.2,-2.07,16993,16.7
경상북도 영덕군_2019,180,1.488,90.8,-1.91,37361,7.9
경상북도 청도군_2019,134,1.009,96.4,-0.4,42910,5.0
경상북도 고령군_2019,116,1.037,104.6,-1.59,32373,6.2
경상북도 성주군_2019,211,1.314,106.7,-1.32,44015,5.9
경상북도 칠곡군_2019,662,0.964,109.1,-1.39,117047,8.6
경상북도 예천군_2019,337,1.541,96.3,3.44,55100,4.4
경상북도 봉화군_2019,141,1.48,100.9,-2.07,32150,4.4
경상북도 울진군_2019,235,1.236,100.0,-1.41,49314,4.4
경상북도 울릉군_2019,44,1.17,119.2,-2.29,9617,9.0
광주광역시 동구_2019,459,0.803,98.0,4.31,98585,14.0
광주광역시 서구_2019,1589,0.826,96.3,-1.05,300975,6.5
광주광역시 남구_2019,1120,0.861,92.9,0.84,218060,5.2
광주광역시 북구_2019,2538,0.922,98.6,-1.33,433533,2.8
광주광역시 광산구_2019,2658,1.028,101.3,0.31,405315,3.8
대구광역시 중구_2019,483,0.886,93.4,-2.5,77421,16.2
대구광역시 동구_2019,2001,0.963,97.6,-1.64,345469,4.0
대구광역시 서구_2019,541,0.616,100.9,-4.84,175277,15.9
대구광역시 남구_2019,569,0.663,93.0,-1.42,148113,9.5
대구광역시 북구_2019,2438,0.961,99.4,-0.38,437710,4.5
대구광역시 수성구_2019,1568,0.722,94.3,-0.94,428614,12.3
대구광역시 달서구_2019,2927,0.889,97.8,-0.53,568887,4.7
대구광역시 달성군_2019,2706,1.517,103.3,2.43,256540,5.8
대전광역시 동구_2019,1100,0.867,101.9,-0.76,226771,5.2
대전광역시 중구_2019,1110,0.812,97.7,-1.61,240473,3.9
대전광역시 서구_2019,2803,0.839,96.9,-0.63,481222,4.8
대전광역시 유성구_2019,2582,0.987,102.0,-0.13,349373,6.0
대전광역시 대덕구_2019,815,0.849,103.5,-2.63,177031,4.7
부산광역시 중구_2019,112,0.504,96.3,-1.78,41910,10.9
부산광역시 서구_2019,386,0.689,94.6,-2.02,108229,3.4
부산광역시 동구_2019,334,0.727,96.6,1.5,88165,5.2
부산광역시 영도구_2019,346,0.639,97.5,-2.74,116711,3.2
부산광역시 부산진구_2019,1695,0.712,94.0,-1.17,357880,5.5
부산광역시 동래구_2019,1291,0.819,95.2,1.78,271247,6.3
부산광역시 남구_2019,1203,0.77,96.1,-1.83,274480,3.4
부산광역시 북구_2019,1468,0.852,98.2,-1.96,291132,5.9
부산광역시 해운대구_2019,1948,0.811,93.3,-0.79,406102,3.3
부산광역시 사하구_2019,1526,0.816,99.5,-2.05,321004,8.9
부산광역시 금정구_2019,1000,0.761,96.0,-1.56,239062,2.8
부산광역시 강서구_2019,1449,1.442,107.0,5.06,129566,6.6
부산광역시 연제구_2019,1214,0.909,93.6,0.77,209395,5.4
부산광역시 수영구_2019,854,0.711,90.3,-0.08,176148,8.7
부산광역시 사상구_2019,1015,0.797,102.3,-2.41,218094,3.8
부산광역시 기장군_2019,1208,1.151,98.1,-0.13,164716,6.0
서울특별시 종로구_2019,673,0.648,95.1,-0.71,151290,10.9
서울특별시 중구_2019,783,0.78,96.3,0.63,126171,6.5
서울특별시 용산구_2019,1314,0.713,93.3,0.04,228670,6.7
서울특별시 성동구_2019,2191,0.855,95.9,-2.36,300889,6.8
서울특별시 광진구_2019,1957,0.652,94.0,-1.1,351350,10.3
서울특별시 동대문구_2019,1884,0.765,98.9,-0.36,346194,6.7
서울특별시 중랑구_2019,2244,0.777,98.5,-1.5,397015,5.6
서울특별시 성북구_2019,2147,0.707,94.0,1.58,442650,6.9
서울특별시 강북구_2019,1227,0.617,95.3,-1.62,313954,7.8
서울특별시 도봉구_2019,1483,0.697,95.7,-1.76,333362,9.9
서울특별시 노원구_2019,2604,0.776,93.8,-1.98,532905,6.1
서울특별시 은평구_2019,2407,0.697,93.2,-0.64,480032,4.5
서울특별시 서대문구_2019,1521,0.685,92.5,0.03,309397,6.4
서울특별시 마포구_2019,2334,0.681,89.7,-0.11,374035,4.2
서울특별시 양천구_2019,2222,0.742,96.7,-1.25,458165,4.9
서울특별시 강서구_2019,3841,0.76,93.9,-0.88,591796,4.5
서울특별시 구로구_2019,2460,0.794,97.7,0.2,406664,6.8
서울특별시 금천구_2019,1154,0.709,103.1,-0.87,232810,6.5
서울특별시 영등포구_2019,2633,0.829,98.5,-0.65,367678,5.9
서울특별시 동작구_2019,2227,0.697,94.1,-0.12,395963,9.0
서울특별시 관악구_2019,2245,0.536,100.8,-0.52,500094,5.5
서울특별시 서초구_2019,2512,0.715,91.7,-0.7,430826,6.9
서울특별시 강남구_2019,2749,0.612,91.7,0.5,545169,9.1
서울특별시 송파구_2019,4424,0.77,93.8,1.37,675961,8.5
서울특별시 강동구_2019,2437,0.758,97.6,1.96,436067,14.9
울산광역시 중구_2019,1170,0.894,103.2,-3.62,223581,5.0
울산광역시 남구_2019,1860,0.934,104.0,-2.04,323819,6.1
울산광역시 동구_2019,1091,1.076,109.3,-2.79,159656,3.5
울산광역시 북구_2019,1970,1.374,107.0,5.49,217796,5.0
울산광역시 울주군_2019,1448,1.226,106.6,0.61,223167,4.4
인천광역시 강화군_2019,299,1.251,100.4,0.45,69178,6.4
인천광역시 옹진군_2019,99,1.293,131.4,-2.05,20566,10.4
인천광역시 중구_2019,856,0.993,107.7,10.17,135135,12.2
인천광역시 동구_2019,344,0.995,102.0,-2.68,64427,28.2
인천광역시 미추홀구_2019,2359,0.878,101.7,-1.64,408862,6.2
인천광역시 연수구_2019,2517,1.013,99.0,6.26,366550,10.5
인천광역시 남동구_2019,3333,0.915,99.0,-0.83,532704,6.4
인천광역시 부평구_2019,2977,0.839,98.1,-2.23,511577,4.9
인천광역시 계양구_2019,1654,0.829,99.8,-2.88,303471,4.2
인천광역시 서구_2019,4084,1.077,102.0,1.11,544556,7.0
전라남도 목포시_2019,1208,0.948,99.4,-0.95,229861,3.8
전라남도 여수시_2019,1572,1.108,103.5,-0.14,282786,5.8
전라남도 순천시_2019,1792,1.16,99.3,0.12,279598,8.9
전라남도 나주시_2019,820,1.25,101.2,0.69,114664,3.3
전라남도 광양시_2019,1111,1.272,107.9,0.17,156750,5.1
전라남도 담양군_2019,238,1.268,104.0,-0.87,46535,4.9
전라남도 곡성군_2019,88,1.0,95.5,-2.46,28887,5.2
전라남도 구례군_2019,105,1.136,94.8,-2.07,26563,8.5
전라남도 고흥군_2019,252,1.438,94.0,-1.18,64913,10.9
전라남도 보성군_2019,154,1.159,93.9,-3.2,41420,4.5
전라남도 화순군_2019,281,1.107,98.1,-1.83,62737,6.4
전라남도 장흥군_2019,205,1.51,94.0,-1.9,38563,11.4
전라남도 강진군_2019,189,1.429,92.4,-2.34,35286,12.1
전라남도 해남군_2019,490,1.893,97.0,-2.01,70354,5.1
전라남도 영암군_2019,342,1.542,105.5,0.69,54593,5.0
전라남도 무안군_2019,414,1.038,100.5,-1.03,81105,20.6
전라남도 함평군_2019,123,1.181,99.7,-1.58,32861,4.1
전라남도 영광군_2019,570,2.538,99.3,-0.44,53852,5.8
전라남도 장성군_2019,267,1.429,105.6,-0.14,45739,3.8
전라남도 완도군_2019,282,1.567,100.9,-1.11,50689,10.4
전라남도 진도군_2019,160,1.529,96.6,-1.22,30715,22.6
전라남도 신안군_2019,169,1.437,113.4,-2.22,40274,4.9
전북특별자치도 전주시_2019,3502,0.883,97.0,0.61,654394,7.1
전북특별자치도 군산시_2019,1357,0.971,102.0,-0.76,270131,6.0
전북특별자치도 익산시_2019,1341,0.908,99.3,-2.15,287771,5.8
전북특별자치도 정읍시_2019,463,1.063,98.1,-1.19,110541,3.4
전북특별자치도 남원시_2019,427,1.324,96.0,-1.32,81441,4.6
전북특별자치도 김제시_2019,297,0.923,98.5,-1.61,83895,8.7
전북특별자치도 완주군_2019,474,1.04,105.3,-2.03,92220,5.5
전북특별자치도 진안군_2019,151,1.685,101.8,-0.92,25697,4.8
전북특별자치도 무주군_2019,73,0.888,99.0,-1.17,24303,5.3
전북특별자치도 장수군_2019,96,1.204,99.0,-3.32,22441,14.6
전북특별자치도 임실군_2019,151,1.416,102.9,-3.94,28902,5.1
전북특별자치도 순창군_2019,181,1.639,94.1,-2.66,28382,10.8
전북특별자치도 고창군_2019,232,1.226,97.6,-2.67,55504,4.0
전북특별자치도 부안군_2019,226,1.211,98.7,-1.79,53295,4.8
제주특별자치도 제주시_2019,3419,1.15,100.7,0.83,489405,7.952190124116484
제주특별자치도 서귀포시_2019,1081,1.13,102.3,0.24,181584,3.347809875883516
충청남도 천안시_2019,4834,1.017,104.0,0.96,652258,5.7
충청남도 공주시_2019,548,1.187,100.4,-0.96,106474,11.7
충청남도 보령시_2019,461,1.099,102.4,-0.69,101114,12.1
충청남도 아산시_2019,2362,1.154,107.2,0.86,314395,8.7
충청남도 서산시_2019,1193,1.314,107.1,0.3,174690,7.8
충청남도 논산시_2019,607,1.175,99.9,-1.06,118842,12.1
충청남도 계룡시_2019,223,1.076,98.6,-1.7,42971,24.3
충청남도 당진시_2019,1247,1.394,112.1,-0.3,167042,6.7
충청남도 금산군_2019,207,1.149,101.4,-1.58,52257,16.9
충청남도 부여군_2019,186,0.853,98.1,-1.83,66740,15.9
충청남도 서천군_2019,169,1.047,97.8,-1.96,52805,3.3
충청남도 청양군_2019,104,1.025,101.8,-1.67,31717,12.7
충청남도 홍성군_2019,574,1.189,98.9,-0.48,100423,6.3
충청남도 예산군_2019,296,1.047,100.9,-0.97,79238,6.8
충청남도 태안군_2019,217,0.932,102.2,-0.72,62743,4.3
충청북도 청주시_2019,5460,0.999,101.5,0.28,839566,6.3
충청북도 충주시_2019,1100,1.054,102.3,0.1,210737,6.0
충청북도 제천시_2019,675,1.086,100.4,-0.49,134617,8.3
충청북도 보은군_2019,102,0.975,100.7,-2.15,32949,9.0
충청북도 옥천군_2019,178,0.957,101.5,-0.92,51023,6.4
충청북도 영동군_2019,221,1.325,98.5,-1.44,48738,13.2
충청북도 증평군_2019,268,1.303,107.2,0.29,37392,11.3
충청북도 진천군_2019,619,1.426,109.5,3.43,81084,5.0
충청북도 괴산군_2019,112,0.945,104.5,0.29,39163,4.4
충청북도 음성군_2019,503,1.152,112.4,-0.64,94982,6.9
충청북도 단양군_2019,95,0.92,102.4,-1.66,29756,7.1
세종특별자치시_2020,3468,1.277,99.6,4.23,355831,4.9
경기도 수원시_2020,6814,0.796,101.4,-1.06,1186078,10.7
경기도 성남시_2020,5110,0.767,98.1,-0.53,940064,6.5
경기도 안양시_2020,3276,0.87,97.8,-3.11,550027,5.9
경기도 부천시_2020,4243,0.745,98.5,-1.51,818383,3.1
경기도 광명시_2020,1667,0.823,97.3,-6.02,298599,6.2
경기도 평택시_2020,3597,1.061,106.9,4.35,537307,4.2
경기도 안산시_2020,3539,0.869,105.2,-0.17,654915,8.7
경기도 과천시_2020,393,0.993,96.6,8.44,63231,11.9
경기도 오산시_2020,1506,0.919,107.1,1.22,229725,20.1
경기도 시흥시_2020,3211,0.979,109.4,4.9,500895,8.9
경기도 군포시_2020,1682,0.912,98.5,-1.0,273791,11.3
경기도 의왕시_2020,942,0.886,99.0,1.55,163795,13.1
경기도 하남시_2020,1958,0.887,101.0,7.6,293452,9.1
경기도 용인시_2020,6252,0.907,98.4,1.14,1074176,5.7
경기도 이천시_2020,1261,0.921,107.1,0.93,218388,3.8
경기도 안성시_2020,831,0.842,106.3,1.55,187012,7.5
경기도 김포시_2020,3164,0.976,100.4,7.7,473970,5.2
경기도 화성시_2020,6842,1.088,107.9,4.32,855248,4.2
경기도 광주시_2020,2441,0.959,104.6,2.16,382054,9.2
경기도 여주시_2020,554,1.053,103.2,0.61,111897,9.5
경기도 양평군_2020,493,0.967,100.5,1.52,118810,5.8
경기도 의정부시_2020,2302,0.795,97.0,2.12,461710,4.3
경기도 동두천시_2020,393,0.809,99.4,-0.57,94353,5.0
경기도 고양시_2020,5544,0.788,96.0,1.1,1079216,6.6
경기도 구리시_2020,1015,0.784,98.4,-0.95,197454,4.2
경기도 남양주시_2020,3683,0.868,99.2,1.57,713321,4.5
경기도 파주시_2020,2691,0.917,102.8,2.29,465617,8.8
경기도 양주시_2020,1243,0.987,103.1,3.3,230359,7.7
경기도 포천시_2020,582,0.868,112.3,-1.39,147274,8.8
경기도 연천군_2020,243,1.281,110.0,-0.91,43516,10.0
경기도 가평군_2020,265,1.025,106.4,-0.13,62377,7.5
강원특별자치도 춘천시_2020,1592,0.975,97.5,0.32,282765,5.3
강원특별자치도 원주시_2020,2076,0.978,98.6,1.37,354376,6.6
강원특별자치도 강릉시_2020,950,0.945,98.4,-0.14,213321,3.8
강원특별자치도 동해시_2020,404,1.055,103.1,0.04,90593,5.1
강원특별자치도 태백시_2020,161,1.001,102.7,-2.67,42719,6.4
강원특별자치도 속초시_2020,415,1.063,98.2,1.03,82665,9.2
강원특별자치도 삼척시_2020,358,1.361,102.4,-3.03,65243,3.8
강원특별자치도 홍천군_2020,295,1.102,106.2,-0.02,69242,3.0
강원특별자치도 횡성군_2020,159,0.992,105.2,-0.34,46472,6.9
강원특별자치도 영월군_2020,123,1.009,107.0,-1.28,38662,6.1
강원특별자치도 평창군_2020,109,0.757,104.7,-1.05,41681,8.4
강원특별자치도 정선군_2020,133,1.027,108.4,-1.17,36870,6.2
강원특별자치도 철원군_2020,342,1.656,108.1,-2.1,44699,6.7
강원특별자치도 화천군_2020,150,1.235,118.3,-0.4,24857,4.1
강원특별자치도 양구군_2020,159,1.428,113.2,-2.28,22278,8.8
강원특별자치도 인제군_2020,222,1.439,116.9,-0.07,31694,7.6
강원특별자치도 고성군_2020,98,1.02,106.5,-1.84,26757,5.0
강원특별자치도 양양군_2020,89,0.924,103.6,0.75,27946,13.7
경상남도 창원시_2020,5376,0.895,102.7,-0.91,1036738,11.9
경상남도 진주시_2020,1822,0.942,97.8,0.06,348096,3.6
경상남도 통영시_2020,468,0.776,101.1,-2.51,128293,10.7
경상남도 사천시_2020,523,1.068,101.7,-1.14,111105,12.1
경상남도 김해시_2020,2995,0.952,102.3,-0.4,542338,13.2
경상남도 밀양시_2020,373,0.941,96.0,-0.93,104831,5.1
경상남도 거제시_2020,1446,1.015,110.4,-1.63,245754,8.8
경상남도 양산시_2020,2370,1.066,100.6,0.26,352229,4.6
경상남도 의령군_2020,87,1.044,96.2,-1.49,26800,4.2
경상남도 함안군_2020,207,0.806,103.0,-2.8,64182,3.7
경상남도 창녕군_2020,242,1.11,98.7,-2.28,61301,4.6
경상남도 고성군_2020,137,0.825,100.6,-1.93,51361,4.1
경상남도 남해군_2020,105,0.897,93.1,-1.67,42958,6.3
경상남도 하동군_2020,136,1.049,99.7,-3.92,44785,5.5
경상남도 산청군_2020,86,0.852,96.4,-1.65,34857,5.7
경상남도 함양군_2020,105,0.861,93.2,-1.58,39080,5.3
경상남도 거창군_2020,238,1.046,95.7,-1.15,61502,8.6
경상남도 합천군_2020,107,0.927,93.0,-2.66,44006,8.1
경상북도 포항시_2020,2461,0.956,102.2,-0.84,502916,9.7
경상북도 경주시_2020,1103,0.971,100.3,-1.31,253502,6.7
경상북도 김천시_2020,842,1.254,100.7,-0.6,140548,9.7
경상북도 안동시_2020,726,1.017,98.0,-0.81,158907,7.1
경상북도 구미시_2020,2695,0.944,105.5,-0.88,416328,11.6
경상북도 영주시_2020,362,0.966,98.1,-2.03,103119,8.9
경상북도 영천시_2020,570,1.358,103.2,-0.8,102015,14.2
경상북도 상주시_2020,358,1.066,96.0,-3.48,97228,7.2
경상북도 문경시_2020,327,1.291,96.1,-1.18,71406,7.7
경상북도 경산시_2020,1340,0.888,101.4,-0.28,263728,2.8
대구광역시 군위군_2020,59,1.014,104.6,-2.6,23256,15.6
경상북도 의성군_2020,226,1.598,95.5,-1.77,51724,4.5
경상북도 청송군_2020,78,1.184,99.4,-1.56,25044,8.0
경상북도 영양군_2020,52,1.078,98.0,-1.83,16692,7.7
경상북도 영덕군_2020,151,1.36,90.0,-2.89,36313,9.0
경상북도 청도군_2020,112,0.903,96.7,-1.64,42263,7.7
경상북도 고령군_2020,100,0.977,105.1,-3.61,31361,7.8
경상북도 성주군_2020,188,1.264,107.3,-1.63,43414,4.5
경상북도 칠곡군_2020,464,0.741,108.9,-2.19,114758,11.1
경상북도 예천군_2020,314,1.38,96.8,0.9,55613,10.0
경상북도 봉화군_2020,108,1.302,101.4,-2.01,31494,3.9
경상북도 울진군_2020,207,1.118,100.7,-1.39,48716,7.4
경상북도 울릉군_2020,30,0.86,120.3,-5.7,9077,6.2
광주광역시 동구_2020,493,0.802,97.5,3.99,102897,13.6
광주광역시 서구_2020,1336,0.712,96.1,-1.47,296576,15.8
광주광역시 남구_2020,951,0.753,92.8,-1.63,214579,4.0
광주광역시 북구_2020,2220,0.827,98.5,-0.84,430431,2.8
광주광역시 광산구_2020,2318,0.9,101.5,-0.29,405579,3.6
대구광역시 중구_2020,413,0.788,92.6,-1.22,76547,22.7
대구광역시 동구_2020,1649,0.82,97.1,-1.06,341920,16.5
대구광역시 서구_2020,405,0.497,100.5,-2.74,170700,19.6
대구광역시 남구_2020,484,0.567,92.5,-0.94,146632,10.4
대구광역시 북구_2020,2198,0.875,99.2,0.45,440263,20.1
대구광역시 수성구_2020,1342,0.628,93.7,-1.01,424314,22.8
대구광역시 달서구_2020,2373,0.743,97.4,-1.88,558631,19.7
대구광역시 달성군_2020,2329,1.321,103.2,0.8,259339,13.9
대전광역시 동구_2020,950,0.787,101.6,-1.98,223021,3.1
대전광역시 중구_2020,918,0.697,97.4,-2.07,235550,3.5
대전광역시 서구_2020,2580,0.785,96.8,-0.81,477880,3.0
대전광역시 유성구_2020,2332,0.906,102.0,0.34,351047,4.8
대전광역시 대덕구_2020,701,0.752,103.5,-0.51,176384,3.4
부산광역시 중구_2020,94,0.445,95.5,-1.03,41523,15.8
부산광역시 서구_2020,359,0.661,93.8,-0.25,108135,3.1
부산광역시 동구_2020,347,0.728,95.9,0.68,88901,4.2
부산광역시 영도구_2020,289,0.577,97.1,-2.92,113342,2.5
부산광역시 부산진구_2020,1468,0.621,93.5,0.46,359886,18.3
부산광역시 동래구_2020,1270,0.801,94.8,-0.2,270745,7.0
부산광역시 남구_2020,998,0.675,95.9,-2.73,267731,14.2
부산광역시 북구_2020,1272,0.771,98.0,-2.53,283952,3.9
부산광역시 해운대구_2020,1728,0.736,92.8,-1.09,402169,16.0
부산광역시 사하구_2020,1327,0.758,99.2,-2.98,311757,4.1
부산광역시 금정구_2020,782,0.625,95.4,-3.01,232666,3.0
부산광역시 강서구_2020,1312,1.259,106.8,5.71,137957,11.9
부산광역시 연제구_2020,1058,0.793,92.8,-0.14,209157,2.2
부산광역시 수영구_2020,787,0.656,89.6,0.39,176894,14.5
부산광역시 사상구_2020,823,0.679,102.1,-2.84,212586,3.1
부산광역시 기장군_2020,1144,1.086,98.1,5.82,174545,4.3
서울특별시 종로구_2020,529,0.522,94.6,-1.77,149384,13.7
서울특별시 중구_2020,690,0.688,95.6,-1.36,125240,12.8
서울특별시 용산구_2020,1176,0.634,92.8,-0.22,230040,16.2
서울특별시 성동구_2020,1945,0.783,95.5,-2.74,293556,16.0
서울특별시 광진구_2020,1532,0.527,93.3,-1.87,346682,22.2
서울특별시 동대문구_2020,1702,0.699,98.1,-1.66,342837,14.7
서울특별시 중랑구_2020,1873,0.66,97.8,-0.61,394702,15.3
서울특별시 성북구_2020,2041,0.676,93.1,-1.69,437153,18.6
서울특별시 강북구_2020,1049,0.55,95.1,-1.93,308055,16.3
서울특별시 도봉구_2020,1218,0.601,95.2,-2.46,325257,17.3
서울특별시 노원구_2020,2252,0.695,93.2,-1.91,523037,4.5
서울특별시 은평구_2020,2144,0.623,92.3,-0.1,479835,15.6
서울특별시 서대문구_2020,1533,0.685,91.7,-0.07,312173,16.0
서울특별시 마포구_2020,2015,0.594,89.0,-1.05,371890,14.6
서울특별시 양천구_2020,1875,0.644,96.3,-0.97,454251,16.4
서울특별시 강서구_2020,3345,0.675,93.3,-2.07,580185,16.5
서울특별시 구로구_2020,2269,0.737,97.5,-1.57,404408,16.1
서울특별시 금천구_2020,1092,0.668,102.4,-1.58,231733,15.7
서울특별시 영등포구_2020,2296,0.705,97.8,1.59,379480,15.5
서울특별시 동작구_2020,2044,0.655,93.6,-1.8,391220,7.2
서울특별시 관악구_2020,1905,0.474,100.7,-1.46,495060,17.2
서울특별시 서초구_2020,2238,0.656,91.7,-1.4,425126,16.9
서울특별시 강남구_2020,2356,0.537,91.7,-1.12,539231,18.7
서울특별시 송파구_2020,3791,0.665,93.2,-1.29,667960,5.1
서울특별시 강동구_2020,2535,0.748,96.8,5.36,459970,15.2
울산광역시 중구_2020,937,0.77,102.6,-2.75,217595,3.0
울산광역시 남구_2020,1701,0.876,104.0,-1.34,320064,3.9
울산광역시 동구_2020,819,0.882,109.6,-1.94,156806,3.5
울산광역시 북구_2020,1826,1.254,107.4,0.45,219014,3.5
울산광역시 울주군_2020,1334,1.157,106.8,-0.77,222538,4.6
인천광역시 강화군_2020,313,1.312,100.2,-0.02,69203,5.7
인천광역시 옹진군_2020,80,1.125,132.1,-0.58,20455,8.4
인천광역시 중구_2020,776,0.816,107.8,3.06,139729,6.9
인천광역시 동구_2020,219,0.697,102.0,-3.01,62542,8.5
인천광역시 미추홀구_2020,2065,0.798,101.5,-1.25,404343,5.4
인천광역시 연수구_2020,2525,0.946,98.8,5.3,387450,7.6
인천광역시 남동구_2020,2831,0.808,98.7,-1.5,525354,5.0
인천광역시 부평구_2020,2399,0.713,97.8,-3.28,494962,4.4
인천광역시 계양구_2020,1261,0.669,99.5,-2.25,296750,4.1
인천광역시 서구_2020,3571,0.95,102.1,-0.63,542040,6.9
전라남도 목포시_2020,963,0.801,99.2,-2.57,224044,9.7
전라남도 여수시_2020,1471,1.067,104.2,-0.91,280242,10.8
전라남도 순천시_2020,1608,1.041,99.5,0.89,282189,7.8
전라남도 나주시_2020,733,1.109,101.3,0.69,115613,6.0
전라남도 광양시_2020,1024,1.232,109.0,-3.22,151769,12.3
전라남도 담양군_2020,240,1.332,103.2,-0.7,46280,9.3
전라남도 곡성군_2020,68,0.811,95.6,-2.93,28039,6.6
전라남도 구례군_2020,88,1.047,94.8,-3.21,25719,4.2
전라남도 고흥군_2020,243,1.459,94.5,-1.59,63922,7.0
전라남도 보성군_2020,127,1.057,95.0,-2.36,40482,5.6
전라남도 화순군_2020,262,1.091,97.8,-0.45,62522,8.5
전라남도 장흥군_2020,233,1.774,94.7,-2.1,37800,6.9
전라남도 강진군_2020,129,1.063,93.5,-1.96,34597,10.6
전라남도 해남군_2020,395,1.668,97.5,-2.21,68806,8.5
전라남도 영암군_2020,285,1.375,105.7,-2.1,53699,8.1
전라남도 무안군_2020,422,1.012,100.9,5.92,86132,9.8
전라남도 함평군_2020,132,1.345,100.5,-2.61,32050,7.0
전라남도 영광군_2020,558,2.455,99.4,-1.36,53099,6.4
전라남도 장성군_2020,260,1.509,105.1,-2.94,44464,4.9
전라남도 완도군_2020,244,1.439,101.1,-1.38,49916,8.0
전라남도 진도군_2020,110,1.073,97.7,1.32,31227,8.9
전라남도 신안군_2020,143,1.338,114.3,-3.41,38938,5.5
전북특별자치도 전주시_2020,3207,0.811,96.9,0.46,657432,12.9
전북특별자치도 군산시_2020,1296,0.954,102.1,-0.93,267859,2.0
전북특별자치도 익산시_2020,1199,0.851,99.2,-2.02,282276,3.1
전북특별자치도 정읍시_2020,368,0.866,98.3,-1.92,108508,3.0
전북특별자치도 남원시_2020,381,1.215,96.2,-1.03,80662,2.3
전북특별자치도 김제시_2020,293,0.969,98.2,-1.86,82450,4.8
전북특별자치도 완주군_2020,396,0.923,105.7,-1.09,91609,7.4
전북특별자치도 진안군_2020,138,1.637,102.1,-1.3,25394,7.5
전북특별자치도 무주군_2020,89,1.111,99.0,-1.16,24036,4.2
전북특별자치도 장수군_2020,95,1.279,99.2,-1.67,22085,4.6
전북특별자치도 임실군_2020,165,1.749,104.6,-5.61,27314,4.5
전북특별자치도 순창군_2020,166,1.66,94.6,-2.13,27810,5.4
전북특별자치도 고창군_2020,203,1.145,97.8,-1.85,54529,8.3
전북특별자치도 부안군_2020,169,0.953,98.8,-2.22,52140,3.7
제주특별자치도 제주시_2020,3075,1.035,100.3,0.28,492466,8.23368357983742
제주특별자치도 서귀포시_2020,914,0.977,102.1,-0.26,182169,3.466316420162578
충청남도 천안시_2020,4646,0.98,104.2,0.66,658808,3.8
충청남도 공주시_2020,454,1.024,100.1,-1.93,104545,6.3
충청남도 보령시_2020,407,0.987,102.8,-1.03,100229,7.6
충청남도 아산시_2020,1969,0.99,108.0,0.01,316129,5.8
충청남도 서산시_2020,1106,1.255,108.6,0.29,175591,4.9
충청남도 논산시_2020,488,0.984,99.9,-1.98,116675,10.2
충청남도 계룡시_2020,183,0.91,99.4,-0.36,42822,10.6
충청남도 당진시_2020,1058,1.254,113.0,-0.77,166249,10.7
충청남도 금산군_2020,185,1.07,101.7,-1.9,51413,11.7
충청남도 부여군_2020,167,0.809,98.2,-2.22,65354,6.5
충청남도 서천군_2020,170,1.123,97.6,-1.96,51866,5.6
충청남도 청양군_2020,92,0.978,102.8,-2.44,30948,6.9
충청남도 홍성군_2020,560,1.204,99.0,-0.4,100102,4.6
충청남도 예산군_2020,247,0.921,100.6,-1.69,78084,4.5
충청남도 태안군_2020,218,1.002,101.7,-0.81,62214,3.9
충청북도 청주시_2020,5197,0.959,101.6,0.45,844993,5.3
충청북도 충주시_2020,1042,1.019,102.3,-0.51,210186,5.8
충청북도 제천시_2020,612,1.014,100.6,-1.26,133018,5.8
충청북도 보은군_2020,112,1.184,101.1,-1.62,32412,7.8
충청북도 옥천군_2020,177,1.0,101.8,-1.09,50527,4.5
충청북도 영동군_2020,216,1.364,99.0,-2.71,47475,5.1
충청북도 증평군_2020,199,1.005,108.2,-1.42,36807,7.9
충청북도 진천군_2020,525,1.174,109.9,2.53,83718,4.9
충청북도 괴산군_2020,78,0.672,105.5,0.5,39393,4.8
충청북도 음성군_2020,375,0.911,112.8,-2.48,93153,4.6
충청북도 단양군_2020,74,0.781,102.8,-2.11,29155,4.2
세종특별자치시_2021,3570,1.277,99.7,4.4,371895,7.8
경기도 수원시_2021,6508,0.768,101.4,-0.4,1183714,10.2
경기도 성남시_2021,5024,0.763,98.2,-1.07,930948,12.2
경기도 안양시_2021,3277,0.885,97.8,-0.6,547178,11.1
경기도 부천시_2021,3912,0.707,98.3,-1.54,806067,6.5
경기도 광명시_2021,1663,0.867,97.2,-2.18,292893,7.3
경기도 평택시_2021,3714,1.025,108.7,4.92,564288,4.2
경기도 안산시_2021,3398,0.836,105.2,-0.86,652726,14.2
경기도 과천시_2021,497,1.057,96.9,15.98,73345,16.7
경기도 오산시_2021,1403,0.869,108.0,-0.16,229983,7.4
경기도 시흥시_2021,3341,0.979,109.3,1.92,512030,8.6
경기도 군포시_2021,1529,0.852,98.5,-2.12,268535,13.2
경기도 의왕시_2021,1008,0.921,98.7,-0.3,163356,21.2
경기도 하남시_2021,2213,0.911,100.1,9.02,320087,17.9
경기도 용인시_2021,5990,0.873,98.4,0.25,1077508,5.5
경기도 이천시_2021,1216,0.878,107.7,1.97,223177,4.2
경기도 안성시_2021,847,0.855,106.8,1.1,189534,8.2
경기도 김포시_2021,3360,0.968,100.1,2.33,486508,9.5
경기도 화성시_2021,6551,1.006,108.1,3.27,887015,4.4
경기도 광주시_2021,2249,0.883,104.2,1.08,387289,13.9
경기도 여주시_2021,457,0.893,103.4,-0.04,112150,11.5
경기도 양평군_2021,474,0.945,100.8,1.97,121230,10.1
경기도 의정부시_2021,2288,0.781,97.2,0.4,463661,10.6
경기도 동두천시_2021,352,0.738,99.6,-0.85,93592,18.2
경기도 고양시_2021,5591,0.786,95.8,-0.04,1079353,6.6
경기도 구리시_2021,926,0.732,98.3,-2.77,191948,12.4
경기도 남양주시_2021,3596,0.834,99.0,2.83,733798,5.4
경기도 파주시_2021,2542,0.837,102.9,3.62,483245,7.7
경기도 양주시_2021,1218,0.939,102.8,2.4,236368,8.3
경기도 포천시_2021,536,0.805,112.7,0.51,148939,4.5
경기도 연천군_2021,217,1.188,110.2,-1.98,42721,12.1
경기도 가평군_2021,242,0.969,106.6,-0.18,62264,19.4
강원특별자치도 춘천시_2021,1487,0.902,97.6,0.64,284594,5.7
강원특별자치도 원주시_2021,2035,0.942,98.4,0.94,357757,6.0
강원특별자치도 강릉시_2021,892,0.904,98.5,-0.13,212965,3.4
강원특별자치도 동해시_2021,422,1.102,103.4,-0.75,90081,4.7
강원특별자치도 태백시_2021,131,0.874,102.3,-4.31,40844,8.3
강원특별자치도 속초시_2021,380,0.964,98.5,0.18,82791,9.1
강원특별자치도 삼척시_2021,287,1.187,102.1,-2.84,63429,3.9
강원특별자치도 홍천군_2021,265,1.029,106.0,-1.33,68365,3.9
강원특별자치도 횡성군_2021,150,0.992,105.5,0.14,46481,4.9
강원특별자치도 영월군_2021,91,0.798,107.4,-1.94,37904,6.5
강원특별자치도 평창군_2021,106,0.817,106.0,-1.59,40996,6.2
강원특별자치도 정선군_2021,128,1.102,108.5,-3.22,35675,6.1
강원특별자치도 철원군_2021,277,1.394,107.5,-3.03,43340,7.2
강원특별자치도 화천군_2021,138,1.201,118.8,-2.62,24195,4.6
강원특별자치도 양구군_2021,161,1.518,111.5,-1.98,21748,6.4
강원특별자치도 인제군_2021,230,1.472,118.8,1.62,32165,6.2
강원특별자치도 고성군_2021,93,0.962,106.0,2.02,27249,3.9
강원특별자치도 양양군_2021,84,0.855,104.3,-0.16,27913,11.7
경상남도 창원시_2021,5213,0.887,102.7,-0.44,1032741,10.5
경상남도 진주시_2021,1751,0.912,97.8,-0.33,347097,5.0
경상남도 통영시_2021,424,0.764,100.8,-2.33,125383,5.9
경상남도 사천시_2021,462,1.002,101.7,-1.01,109953,9.6
경상남도 김해시_2021,2802,0.909,102.3,-0.99,537673,11.5
경상남도 밀양시_2021,342,0.902,96.5,-1.33,103525,8.6
경상남도 거제시_2021,1198,0.909,109.9,-2.29,241216,9.0
경상남도 양산시_2021,2096,0.96,100.4,0.65,354726,9.6
경상남도 의령군_2021,73,0.932,97.1,-1.8,26322,3.9
경상남도 함안군_2021,171,0.717,103.5,-2.82,62547,4.4
경상남도 창녕군_2021,215,1.052,99.2,-2.16,60129,4.5
경상남도 고성군_2021,120,0.79,100.5,-1.9,50478,5.7
경상남도 남해군_2021,91,0.805,93.7,-1.65,42266,6.2
경상남도 하동군_2021,127,1.129,99.7,-3.02,43449,3.7
경상남도 산청군_2021,89,0.992,97.1,-1.58,34360,5.8
경상남도 함양군_2021,99,0.886,93.7,-2.1,38310,6.6
경상남도 거창군_2021,203,0.92,96.3,-0.68,61073,12.3
경상남도 합천군_2021,86,0.805,93.7,-2.42,42935,7.5
경상북도 포항시_2021,2221,0.883,102.7,0.17,503852,3.9
경상북도 경주시_2021,1062,0.951,100.1,-0.84,251889,5.6
경상북도 김천시_2021,809,1.231,100.5,-0.11,140239,8.9
경상북도 안동시_2021,737,1.042,97.7,-1.21,156972,7.5
경상북도 구미시_2021,2409,0.872,105.7,-0.91,412581,6.7
경상북도 영주시_2021,375,1.028,98.5,-1.23,101942,6.9
경상북도 영천시_2021,539,1.322,103.2,-0.36,101888,12.7
경상북도 상주시_2021,314,0.988,96.2,-1.68,95566,6.4
경상북도 문경시_2021,300,1.219,96.4,-0.41,71154,7.3
경상북도 경산시_2021,1409,0.934,101.1,1.72,268369,3.5
대구광역시 군위군_2021,54,1.06,105.2,-1.59,22945,7.7
경상북도 의성군_2021,178,1.375,96.0,-2.2,50632,6.1
경상북도 청송군_2021,88,1.385,99.9,-1.97,24539,6.7
경상북도 영양군_2021,40,0.858,99.6,-1.83,16320,8.4
경상북도 영덕군_2021,105,1.003,90.5,-2.73,35314,7.3
경상북도 청도군_2021,93,0.8,96.7,-0.94,41891,7.8
경상북도 고령군_2021,100,1.064,105.8,-2.71,30626,5.2
경상북도 성주군_2021,184,1.309,107.7,-1.54,42842,6.4
경상북도 칠곡군_2021,443,0.756,108.6,-0.82,113822,5.4
경상북도 예천군_2021,293,1.303,96.6,0.13,55739,6.5
경상북도 봉화군_2021,70,0.93,102.2,-2.33,30762,4.9
경상북도 울진군_2021,196,1.102,100.8,-1.65,47858,9.0
경상북도 울릉군_2021,26,0.811,120.8,-2.36,8867,12.1
광주광역시 동구_2021,639,0.986,97.4,0.54,103470,6.8
광주광역시 서구_2021,1302,0.725,96.1,-1.81,291231,4.9
광주광역시 남구_2021,1039,0.843,92.4,0.46,215575,5.0
광주광역시 북구_2021,2508,0.95,98.6,-0.8,427114,2.4
광주광역시 광산구_2021,2468,0.972,101.6,-0.37,404221,13.1
대구광역시 중구_2021,404,0.783,92.5,-2.27,74791,15.9
대구광역시 동구_2021,1630,0.814,96.7,-0.17,341436,16.0
대구광역시 서구_2021,364,0.47,99.9,-3.66,164528,18.1
대구광역시 남구_2021,451,0.549,92.5,-2.19,143175,13.0
대구광역시 북구_2021,2011,0.808,99.0,-0.74,437008,6.1
대구광역시 수성구_2021,1390,0.676,93.6,-1.7,417097,7.3
대구광역시 달서구_2021,2231,0.725,97.1,-2.44,544926,15.6
대구광역시 달성군_2021,2180,1.247,103.0,1.06,262451,11.1
대전광역시 동구_2021,958,0.819,101.5,-0.43,222222,3.9
대전광역시 중구_2021,922,0.727,97.2,-2.23,230341,3.8
대전광역시 서구_2021,2453,0.755,96.7,-0.88,473365,14.1
대전광역시 유성구_2021,2332,0.909,102.1,0.2,351277,5.7
대전광역시 대덕구_2021,749,0.806,103.4,-0.8,175046,3.6
부산광역시 중구_2021,83,0.381,95.1,-2.35,40524,12.5
부산광역시 서구_2021,344,0.647,93.6,-2.64,105164,5.9
부산광역시 동구_2021,380,0.777,95.7,-1.47,87679,5.7
부산광역시 영도구_2021,266,0.549,97.0,-2.35,110638,2.9
부산광역시 부산진구_2021,1564,0.655,93.0,-1.86,353159,3.3
부산광역시 동래구_2021,1216,0.778,94.5,-1.45,266866,6.1
부산광역시 남구_2021,963,0.687,95.4,-2.1,262069,2.3
부산광역시 북구_2021,1236,0.764,97.5,-0.32,283211,4.6
부산광역시 해운대구_2021,1577,0.687,92.6,-1.41,396438,13.6
부산광역시 사하구_2021,1153,0.687,99.0,-1.91,306003,5.2
부산광역시 금정구_2021,749,0.629,95.7,-1.9,228049,3.1
부산광역시 강서구_2021,1294,1.17,107.5,3.25,142918,12.6
부산광역시 연제구_2021,1005,0.764,92.9,-1.0,207144,4.8
부산광역시 수영구_2021,775,0.641,89.3,-0.98,175095,10.9
부산광역시 사상구_2021,765,0.66,101.7,-2.01,208298,10.2
부산광역시 기장군_2021,1076,0.995,98.1,1.45,177125,4.4
서울특별시 종로구_2021,528,0.531,94.2,-3.27,144683,9.8
서울특별시 중구_2021,627,0.634,94.8,-2.12,122499,13.3
서울특별시 용산구_2021,1234,0.664,92.6,-3.01,222953,8.0
서울특별시 성동구_2021,1833,0.764,95.1,-2.61,285990,14.9
서울특별시 광진구_2021,1484,0.525,93.2,-2.08,339996,9.2
서울특별시 동대문구_2021,1585,0.66,97.6,-1.4,337400,15.4
서울특별시 중랑구_2021,1825,0.65,97.4,-1.92,387350,4.8
서울특별시 성북구_2021,1939,0.656,93.1,-1.55,430528,17.1
서울특별시 강북구_2021,994,0.541,94.9,-2.89,299182,8.5
서울특별시 도봉구_2021,1136,0.579,94.8,-2.44,317366,16.7
서울특별시 노원구_2021,2225,0.701,92.9,-2.29,510956,4.2
서울특별시 은평구_2021,2076,0.604,91.7,-1.42,473307,13.8
서울특별시 서대문구_2021,1426,0.635,91.6,-2.26,304819,12.5
서울특별시 마포구_2021,1959,0.587,88.8,-0.83,368905,4.5
서울특별시 양천구_2021,1827,0.645,96.1,-1.59,447302,13.4
서울특별시 강서구_2021,3006,0.617,92.7,-1.05,574315,6.7
서울특별시 구로구_2021,2229,0.737,97.2,-2.62,396754,13.7
서울특별시 금천구_2021,1012,0.612,102.0,-1.19,230811,12.4
서울특별시 영등포구_2021,2402,0.713,97.4,-1.59,376837,4.7
서울특별시 동작구_2021,1831,0.602,93.7,-1.79,385483,17.6
서울특별시 관악구_2021,1707,0.437,100.9,-2.03,485699,6.1
서울특별시 서초구_2021,2163,0.666,91.5,-3.0,412279,7.0
서울특별시 강남구_2021,2204,0.523,91.7,-1.15,533042,13.4
서울특별시 송파구_2021,3469,0.623,93.1,-1.48,658338,5.3
서울특별시 강동구_2021,2810,0.797,96.3,0.53,462664,11.9
울산광역시 중구_2021,904,0.773,102.5,-2.22,212883,3.3
울산광역시 남구_2021,1659,0.872,104.1,-2.01,313819,4.6
울산광역시 동구_2021,749,0.866,109.1,-1.81,154096,3.2
울산광역시 북구_2021,1584,1.108,107.4,-0.2,218735,4.0
울산광역시 울주군_2021,1231,1.098,106.9,-0.33,222059,5.6
인천광역시 강화군_2021,277,1.166,100.1,0.62,69693,10.4
인천광역시 옹진군_2021,74,1.05,132.6,-0.65,20342,7.6
인천광역시 중구_2021,807,0.822,108.3,2.7,143633,7.9
인천광역시 동구_2021,206,0.688,101.7,-1.68,61486,15.4
인천광역시 미추홀구_2021,1842,0.713,101.5,0.8,407464,5.5
인천광역시 연수구_2021,2478,0.902,98.6,0.56,389644,7.8
인천광역시 남동구_2021,2446,0.723,98.7,-1.44,518272,4.9
인천광역시 부평구_2021,2165,0.667,97.5,-1.64,486765,4.9
인천광역시 계양구_2021,1278,0.685,99.3,-0.37,295696,4.4
인천광역시 서구_2021,3374,0.893,102.0,2.31,555380,11.4
전라남도 목포시_2021,792,0.7,99.1,-2.44,218589,16.5
전라남도 여수시_2021,1356,1.009,104.0,-1.01,276762,6.4
전라남도 순천시_2021,1563,1.0,99.6,-0.24,281436,7.4
전라남도 나주시_2021,701,1.054,101.9,0.94,116726,6.4
전라남도 광양시_2021,892,1.111,109.3,-0.85,150531,13.1
전라남도 담양군_2021,155,0.903,103.0,-0.32,46180,3.5
전라남도 곡성군_2021,44,0.544,96.7,-1.98,27535,4.8
전라남도 구례군_2021,87,1.138,94.9,-1.94,25235,4.0
전라남도 고흥군_2021,191,1.245,95.0,-1.87,62762,4.3
전라남도 보성군_2021,91,0.814,95.4,-2.77,39375,6.3
전라남도 화순군_2021,191,0.808,97.5,0.06,62624,7.4
전라남도 장흥군_2021,161,1.337,94.8,-3.38,36547,4.4
전라남도 강진군_2021,102,0.907,94.0,-2.48,33753,8.1
전라남도 해남군_2021,295,1.361,98.2,-2.51,67166,4.2
전라남도 영암군_2021,228,1.161,108.0,-1.4,52937,6.9
전라남도 무안군_2021,458,0.967,100.9,5.77,91107,4.7
전라남도 함평군_2021,83,0.924,101.2,-2.44,31274,5.2
전라남도 영광군_2021,413,1.869,99.7,-2.15,51985,4.3
전라남도 장성군_2021,153,0.953,104.9,-2.57,43365,5.5
전라남도 완도군_2021,203,1.295,101.3,-2.6,48631,7.9
전라남도 진도군_2021,129,1.273,98.4,-3.89,30066,8.7
전라남도 신안군_2021,142,1.501,115.2,-1.89,38217,4.6
전북특별자치도 전주시_2021,3134,0.786,96.9,0.0,657269,6.0
전북특별자치도 군산시_2021,1134,0.86,102.5,-0.92,265304,2.6
전북특별자치도 익산시_2021,1068,0.791,99.1,-1.54,278113,3.8
전북특별자치도 정읍시_2021,357,0.889,98.7,-2.04,106487,7.8
전북특별자치도 남원시_2021,343,1.161,96.3,-1.59,79431,2.7
전북특별자치도 김제시_2021,269,0.918,98.7,-1.98,80913,7.4
전북특별자치도 완주군_2021,344,0.822,105.8,-0.72,91142,4.9
전북특별자치도 진안군_2021,120,1.562,102.8,-1.64,24987,4.0
전북특별자치도 무주군_2021,62,0.83,99.2,-1.29,23748,6.9
전북특별자치도 장수군_2021,72,1.05,99.3,-1.86,21695,6.0
전북특별자치도 임실군_2021,150,1.803,105.0,-2.18,26730,5.3
전북특별자치도 순창군_2021,85,0.946,96.5,-3.54,26855,4.6
전북특별자치도 고창군_2021,169,1.019,98.6,-2.21,53386,2.9
전북특별자치도 부안군_2021,168,1.009,98.9,-2.57,50795,4.3
제주특별자치도 제주시_2021,2890,0.969,100.0,-0.1,493096,7.670696668395546
제주특별자치도 서귀포시_2021,838,0.891,101.9,0.22,183663,3.2293033316044535
충청남도 천안시_2021,4409,0.935,104.6,-0.08,658486,3.9
충청남도 공주시_2021,373,0.873,99.6,-1.35,103145,5.6
충청남도 보령시_2021,368,0.958,103.0,-1.77,98408,5.8
충청남도 아산시_2021,1810,0.904,108.5,2.36,324580,7.5
충청남도 서산시_2021,1031,1.179,109.0,0.46,176645,5.2
충청남도 논산시_2021,454,0.957,99.7,-1.95,114483,12.0
충청남도 계룡시_2021,169,0.83,99.1,1.14,43331,13.4
충청남도 당진시_2021,953,1.178,113.8,0.29,167092,9.4
충청남도 금산군_2021,149,0.92,101.8,-2.13,50477,5.3
충청남도 부여군_2021,129,0.68,98.4,-2.38,63774,9.1
충청남도 서천군_2021,160,1.1,97.7,-2.12,50745,6.0
충청남도 청양군_2021,90,1.047,103.4,-1.61,30440,10.9
충청남도 홍성군_2021,508,1.124,99.1,-0.86,99324,6.5
충청남도 예산군_2021,206,0.78,100.9,-1.63,76801,6.4
충청남도 태안군_2021,175,0.875,101.8,-1.09,61526,5.0
충청북도 청주시_2021,5100,0.941,101.7,0.39,848482,5.5
충청북도 충주시_2021,954,0.952,102.4,-0.5,209358,5.0
충청북도 제천시_2021,574,1.002,101.1,-1.06,131591,7.7
충청북도 보은군_2021,71,0.818,101.7,-1.61,31878,10.1
충청북도 옥천군_2021,153,0.918,101.6,-0.84,50093,4.2
충청북도 영동군_2021,159,1.114,99.3,-3.47,45773,4.6
충청북도 증평군_2021,181,0.951,108.9,-0.95,36426,9.9
충청북도 진천군_2021,505,1.118,110.5,1.44,85176,4.9
충청북도 괴산군_2021,83,0.781,106.0,-3.48,38122,5.2
충청북도 음성군_2021,341,0.867,112.9,-1.26,92197,4.8
충청북도 단양군_2021,69,0.806,102.8,-2.83,28331,3.7
