세종특별자치시_2015,3.333634781804432,D
경기도 수원시_2015,4.421850330675927,D
경기도 성남시_2015,2.417350443071441,D
경기도 안양시_2015,2.8188522413958963,D
경기도 부천시_2015,2.9333219329782816,D
경기도 광명시_2015,2.52598892233238,D
경기도 평택시_2015,2.160819079793824,D
경기도 안산시_2015,4.634025584497635,D
경기도 과천시_2015,1.9306425794600288,D
경기도 오산시_2015,5.336184782631133,D
경기도 시흥시_2015,4.974503124317034,D
경기도 군포시_2015,3.0974965451465275,D
경기도 의왕시_2015,2.471767943509892,D
경기도 하남시_2015,2.318406663490741,D
경기도 용인시_2015,2.6927401408249017,D
경기도 이천시_2015,1.6932241785483333,D
경기도 안성시_2015,0.9552066815703866,C
경기도 김포시_2015,2.3847195089215667,D
경기도 화성시_2015,4.468961816399332,D
경기도 광주시_2015,2.6154622288839704,D
경기도 여주시_2015,0.6674322266808987,C
경기도 양평군_2015,0.5513845430961003,B
경기도 의정부시_2015,1.809732492231082,D
경기도 동두천시_2015,0.8412484708503774,C
경기도 고양시_2015,2.680214332545797,D
경기도 구리시_2015,2.673484826869082,D
경기도 남양주시_2015,2.362166415926008,D
경기도 파주시_2015,1.9366955281775635,D
경기도 양주시_2015,1.586111851090338,D
경기도 포천시_2015,0.7490193703750927,C
경기도 연천군_2015,0.3423102748695844,B
경기도 가평군_2015,0.4258470612535009,B
강원특별자치도 춘천시_2015,1.0994316806439794,C
강원특별자치도 원주시_2015,1.7153964530143109,D
강원특별자치도 강릉시_2015,0.6239108106623947,C
강원특별자치도 동해시_2015,0.7083592595657736,C
강원특별자치도 태백시_2015,0.3385845158269358,B
강원특별자치도 속초시_2015,0.8427035815022093,C
강원특별자치도 삼척시_2015,0.2305345326378197,B
강원특별자치도 홍천군_2015,0.3203397827172921,B
강원특별자치도 횡성군_2015,0.3224230587219117,B
강원특별자치도 영월군_2015,0.254017359603204,B
강원특별자치도 평창군_2015,0.260274625062739,B
강원특별자치도 정선군_2015,0.2219611837705075,B
강원특별자치도 철원군_2015,0.5890043719829263,C
강원특별자치도 화천군_2015,0.3570751970672426,B
강원특별자치도 양구군_2015,0.5852383693967742,C
강원특별자치도 인제군_2015,0.6393717566701675,C
강원특별자치도 고성군_2015,0.1875000995839813,B
강원특별자치도 양양군_2015,0.2030228604889806,B
경상남도 창원시_2015,2.2368250666408382,D
경상남도 진주시_2015,1.2505832921398297,C
경상남도 통영시_2015,0.8814825132934564,C
경상남도 사천시_2015,0.4363687645105516,B
경상남도 김해시_2015,3.685819424678916,D
경상남도 밀양시_2015,0.2880868739869541,B
경상남도 거제시_2015,4.179102596792757,D
경상남도 양산시_2015,2.4090986449213725,D
경상남도 의령군_2015,0.0,A
경상남도 함안군_2015,0.4414867582719849,B
경상남도 창녕군_2015,0.2541644678472324,B
경상남도 고성군_2015,0.107733702321091,A
경상남도 남해군_2015,0.0026085997831196,A
경상남도 하동군_2015,0.3398246139288148,B
경상남도 산청군_2015,0.197995749679711,B
경상남도 함양군_2015,0.1099164673348293,A
경상남도 거창군_2015,0.3254871603731216,B
경상남도 합천군_2015,0.0,A
경상북도 포항시_2015,1.3590305506258058,D
경상북도 경주시_2015,0.4797385942786771,B
경상북도 김천시_2015,0.6257131218810944,C
경상북도 안동시_2015,0.4438218622772092,B
경상북도 구미시_2015,5.847614630678478,D
경상북도 영주시_2015,0.2391633257051284,B
경상북도 영천시_2015,0.2377582938001661,B
경상북도 상주시_2015,0.1533124034436744,A
경상북도 문경시_2015,0.2137969157883736,B
경상북도 경산시_2015,1.2962890492808394,C
경상북도 의성군_2015,0.0136272368794747,A
경상북도 청송군_2015,0.1283754729779099,A
경상북도 영양군_2015,0.0,A
경상북도 영덕군_2015,0.0477614381763845,A
경상북도 청도군_2015,0.1078789443701482,A
경상북도 고령군_2015,0.0700694463124178,A
경상북도 성주군_2015,0.1907526008582882,B
경상북도 칠곡군_2015,1.5566164149400403,D
경상북도 예천군_2015,0.0289112535975964,A
경상북도 봉화군_2015,0.0990189921098213,A
경상북도 울진군_2015,0.1938912248930138,B
경상북도 울릉군_2015,0.2279141704889121,B
광주광역시 동구_2015,0.4064905747509779,B
광주광역시 서구_2015,2.31007050794567,D
광주광역시 남구_2015,1.3522928600314068,D
광주광역시 북구_2015,2.0037487375010583,D
광주광역시 광산구_2015,5.058368083251393,D
대구광역시 중구_2015,0.7427790291293993,C
대구광역시 동구_2015,0.9089624498250626,C
대구광역시 서구_2015,0.6549635449903378,C
대구광역시 남구_2015,0.5260261522404586,B
대구광역시 북구_2015,2.0892042636036683,D
대구광역시 수성구_2015,1.792096797170832,D
대구광역시 달서구_2015,2.680683813542956,D
대구광역시 달성군_2015,2.003096156218731,D
대전광역시 동구_2015,0.835404541449332,C
대전광역시 중구_2015,0.9588376628197705,C
대전광역시 서구_2015,3.2822403104425444,D
대전광역시 유성구_2015,6.013181861662981,D
대전광역시 대덕구_2015,1.8517003283002496,D
부산광역시 중구_2015,0.3010238156275302,B
부산광역시 서구_2015,0.3251638190002764,B
부산광역시 동구_2015,0.1796704159146527,B
부산광역시 영도구_2015,0.2288098320561287,B
부산광역시 부산진구_2015,0.915081082940735,C
부산광역시 동래구_2015,1.1303816112128957,C
부산광역시 남구_2015,0.83500406411167,C
부산광역시 북구_2015,1.879010368735781,D
부산광역시 해운대구_2015,1.5295411797998826,D
부산광역시 사하구_2015,1.1937342244505806,C
부산광역시 금정구_2015,0.8612065514330272,C
부산광역시 강서구_2015,2.258737379392752,D
부산광역시 연제구_2015,1.1171549262567364,C
부산광역시 수영구_2015,0.9125055853358393,C
부산광역시 사상구_2015,1.3003119516320307,C
부산광역시 기장군_2015,1.7665661011602038,D
서울특별시 종로구_2015,0.9668910352245528,C
서울특별시 중구_2015,0.8436422732145479,C
서울특별시 용산구_2015,1.0900241361912202,C
서울특별시 성동구_2015,1.7319638508895785,D
서울특별시 광진구_2015,2.6143361725284127,D
서울특별시 동대문구_2015,1.1615103722978248,C
서울특별시 중랑구_2015,1.4625886858766284,D
서울특별시 성북구_2015,1.342951990661072,D
서울특별시 강북구_2015,0.8759298057550254,C
서울특별시 도봉구_2015,1.2935657312685476,C
서울특별시 노원구_2015,1.8403437722606857,D
서울특별시 은평구_2015,1.3760664101490592,D
서울특별시 서대문구_2015,1.2590933178034118,C
서울특별시 마포구_2015,2.104351660798661,D
서울특별시 양천구_2015,2.727172867188379,D
서울특별시 강서구_2015,2.246331843668901,D
서울특별시 구로구_2015,1.6564135510025224,D
서울특별시 금천구_2015,1.4214325993206336,D
서울특별시 영등포구_2015,1.473837510611323,D
서울특별시 동작구_2015,1.536514323979847,D
서울특별시 관악구_2015,1.8711148488837823,D
서울특별시 서초구_2015,2.73372228390025,D
서울특별시 강남구_2015,3.3374597942130824,D
서울특별시 송파구_2015,2.98029976545642,D
서울특별시 강동구_2015,1.9454754403407528,D
울산광역시 중구_2015,2.6226539241737834,D
울산광역시 남구_2015,4.35771298478758,D
울산광역시 동구_2015,4.030839555645279,D
울산광역시 북구_2015,7.161515038047316,D
울산광역시 울주군_2015,1.939033286065616,D
인천광역시 강화군_2015,0.2544838426941899,B
인천광역시 옹진군_2015,0.2736742312025436,B
인천광역시 중구_2015,1.3329294412559811,D
인천광역시 동구_2015,0.49455991208452,B
인천광역시 미추홀구_2015,1.216975718565153,C
인천광역시 연수구_2015,4.785205611521492,D
인천광역시 남동구_2015,3.133397232163686,D
인천광역시 부평구_2015,2.4107727601025046,D
인천광역시 계양구_2015,3.9056919879938254,D
인천광역시 서구_2015,4.582645829427933,D
전라남도 목포시_2015,1.3282919971285092,C
전라남도 여수시_2015,0.7976930156795098,C
전라남도 순천시_2015,1.4138957885192274,D
전라남도 나주시_2015,0.636493240793141,C
전라남도 광양시_2015,2.226345411226049,D
전라남도 담양군_2015,0.1271758466230762,A
전라남도 곡성군_2015,0.1430364282836992,A
전라남도 구례군_2015,0.219245104796222,B
전라남도 고흥군_2015,0.0103465025435883,A
전라남도 보성군_2015,0.0154364105080236,A
전라남도 화순군_2015,0.1800373907484231,B
전라남도 장흥군_2015,0.215535206053176,B
전라남도 강진군_2015,0.0,A
전라남도 해남군_2015,0.0288737664554697,A
전라남도 영암군_2015,0.1292222376570698,A
전라남도 무안군_2015,0.513932664301234,B
전라남도 함평군_2015,0.0872778509372439,A
전라남도 영광군_2015,0.1156339960759402,A
전라남도 장성군_2015,0.1790835447798139,B
전라남도 완도군_2015,0.1389305932009247,A
전라남도 진도군_2015,0.0662657608771602,A
전라남도 신안군_2015,0.0318601019634686,A
전북특별자치도 전주시_2015,1.8243472398317209,D
전북특별자치도 군산시_2015,0.934026043452818,C
전북특별자치도 익산시_2015,0.8224477568462696,C
전북특별자치도 정읍시_2015,0.1863696732785884,B
전북특별자치도 남원시_2015,0.2002720317006278,B
전북특별자치도 김제시_2015,0.070317229489113,A
전북특별자치도 완주군_2015,0.7913203947137987,C
전북특별자치도 진안군_2015,0.059286801832779,A
전북특별자치도 무주군_2015,0.0825251547150109,A
전북특별자치도 장수군_2015,0.1572041685044471,A
전북특별자치도 임실군_2015,0.2191400459934981,B
전북특별자치도 순창군_2015,0.136377081323048,A
전북특별자치도 고창군_2015,0.1689146238156742,B
전북특별자치도 부안군_2015,0.0826006655615298,A
제주특별자치도 제주시_2015,1.722251909989231,D
제주특별자치도 서귀포시_2015,0.8317692020679924,C
충청남도 천안시_2015,3.66441971080309,D
충청남도 공주시_2015,0.1971921318104126,B
충청남도 보령시_2015,0.3627010901359951,B
충청남도 아산시_2015,1.9529343361561835,D
충청남도 서산시_2015,0.8510037242212019,C
충청남도 논산시_2015,0.2915297236465347,B
충청남도 계룡시_2015,3.912474323463607,D
충청남도 당진시_2015,0.7440730053155037,C
충청남도 금산군_2015,0.1664499022459119,B
충청남도 부여군_2015,0.104862602057986,A
충청남도 서천군_2015,0.0309691070105782,A
충청남도 청양군_2015,0.2416842326448112,B
충청남도 홍성군_2015,0.5882767312581592,C
충청남도 예산군_2015,0.0371400636045384,A
충청남도 태안군_2015,0.3296457668133521,B
세종특별자치시_2016,3.3475163146185056,D
경기도 수원시_2016,4.04339574942411,D
경기도 성남시_2016,2.28763718901751,D
경기도 안양시_2016,2.6240291818106054,D
경기도 부천시_2016,2.693350123244936,D
경기도 광명시_2016,2.209883063772637,D
경기도 평택시_2016,2.086489717417375,D
경기도 안산시_2016,4.1614196558306,D
경기도 과천시_2016,1.3896326257478533,D
경기도 오산시_2016,5.020793537914268,D
경기도 시흥시_2016,4.5256979113949285,D
경기도 군포시_2016,2.694367104529654,D
경기도 의왕시_2016,2.1986749564479373,D
경기도 하남시_2016,2.9217676370163383,D
경기도 용인시_2016,2.5185053847074026,D
경기도 이천시_2016,1.833202230754144,D
경기도 안성시_2016,1.0794436140671269,C
경기도 김포시_2016,2.2987883320718407,D
경기도 화성시_2016,4.472124456855936,D
경기도 광주시_2016,2.4977109437361125,D
경기도 여주시_2016,0.6195251419151536,C
경기도 양평군_2016,0.5325897120146721,B
경기도 의정부시_2016,1.693619701351901,D
경기도 동두천시_2016,0.766416663909435,C
경기도 고양시_2016,2.4494756744039314,D
경기도 구리시_2016,2.701054938586899,D
경기도 남양주시_2016,2.08758924795366,D
경기도 파주시_2016,1.8035430165782544,D
경기도 양주시_2016,1.3835495788453671,D
경기도 포천시_2016,0.7052181077233276,C
경기도 연천군_2016,0.2920780222984234,B
경기도 가평군_2016,0.3792254021974566,B
강원특별자치도 춘천시_2016,1.0868765076610252,C
강원특별자치도 원주시_2016,1.6260416055660072,D
강원특별자치도 강릉시_2016,0.596853875139251,C
강원특별자치도 동해시_2016,0.6524257318216993,C
강원특별자치도 태백시_2016,0.3429137868638426,B
강원특별자치도 속초시_2016,0.7975680808159028,C
강원특별자치도 삼척시_2016,0.2244103590795173,B
강원특별자치도 홍천군_2016,0.2934358759420431,B
강원특별자치도 횡성군_2016,0.277018174361137,B
강원특별자치도 영월군_2016,0.1930522427649032,B
강원특별자치도 평창군_2016,0.2435617914582036,B
강원특별자치도 정선군_2016,0.1373675096895921,A
강원특별자치도 철원군_2016,0.2498506698932585,B
강원특별자치도 화천군_2016,0.2002540650834395,B
강원특별자치도 양구군_2016,0.4528629270089078,B
강원특별자치도 인제군_2016,0.3309058100285725,B
강원특별자치도 고성군_2016,0.2287741293753657,B
강원특별자치도 양양군_2016,0.132013054998576,A
경상남도 창원시_2016,1.9281212407931656,D
경상남도 진주시_2016,1.1393448999846345,C
경상남도 통영시_2016,0.7515314536389724,C
경상남도 사천시_2016,0.4194686998010526,B
경상남도 김해시_2016,3.279388941775714,D
경상남도 밀양시_2016,0.2950465193058388,B
경상남도 거제시_2016,3.715205887853224,D
경상남도 양산시_2016,2.3665678382538804,D
경상남도 의령군_2016,0.020009720135204,A
경상남도 함안군_2016,0.3444603273814777,B
경상남도 창녕군_2016,0.2083863632289089,B
경상남도 고성군_2016,0.1026727549700504,A
경상남도 남해군_2016,0.0200422301962149,A
경상남도 하동군_2016,0.0702440288733694,A
경상남도 산청군_2016,0.1615632340886764,B
경상남도 함양군_2016,0.1571074188457321,A
경상남도 거창군_2016,0.2822941494680906,B
경상남도 합천군_2016,0.0,A
경상북도 포항시_2016,1.1320089752048066,C
경상북도 경주시_2016,0.4776959130936539,B
경상북도 김천시_2016,0.5032829843800948,B
경상북도 안동시_2016,0.3786505164251292,B
경상북도 구미시_2016,5.216373757052696,D
경상북도 영주시_2016,0.2636884941283768,B
경상북도 영천시_2016,0.2246263186977856,B
경상북도 상주시_2016,0.153589368250438,A
경상북도 문경시_2016,0.087679006893148,A
경상북도 경산시_2016,1.1376602950110448,C
경상북도 의성군_2016,0.0711868793922394,A
경상북도 청송군_2016,0.1174908019916093,A
경상북도 영양군_2016,0.0434921715026928,A
경상북도 영덕군_2016,0.1322552195780686,A
경상북도 청도군_2016,0.1221763506333933,A
경상북도 고령군_2016,0.0937988408909889,A
경상북도 성주군_2016,0.2082427762229088,B
경상북도 칠곡군_2016,1.4525831176160264,D
경상북도 예천군_2016,0.4541763227284371,B
경상북도 봉화군_2016,0.0638585960112541,A
경상북도 울진군_2016,0.2117253490381413,B
경상북도 울릉군_2016,0.1650004840178181,B
광주광역시 동구_2016,0.2996986609486535,B
광주광역시 서구_2016,2.317246854388829,D
광주광역시 남구_2016,1.1024215009629632,C
광주광역시 북구_2016,1.6707133234916998,D
광주광역시 광산구_2016,4.713492985396646,D
대구광역시 중구_2016,0.4766039278012212,B
대구광역시 동구_2016,0.8346708629611764,C
대구광역시 서구_2016,0.4037257304027738,B
대구광역시 남구_2016,0.3699457468297248,B
대구광역시 북구_2016,1.8252474460578527,D
대구광역시 수성구_2016,1.5829943912231004,D
대구광역시 달서구_2016,2.1788123173536293,D
대구광역시 달성군_2016,2.5509058268237075,D
대전광역시 동구_2016,0.7720187028534264,C
대전광역시 중구_2016,0.884168394047574,C
대전광역시 서구_2016,3.006158959340937,D
대전광역시 유성구_2016,5.629019253782486,D
대전광역시 대덕구_2016,1.5678330484266625,D
부산광역시 중구_2016,0.3087427067709806,B
부산광역시 서구_2016,0.2101495562039234,B
부산광역시 동구_2016,0.1394173520892837,A
부산광역시 영도구_2016,0.147175970397221,A
부산광역시 부산진구_2016,0.7964332318354436,C
부산광역시 동래구_2016,1.0600117971122718,C
부산광역시 남구_2016,0.6956536100323061,C
부산광역시 북구_2016,1.5272610796112405,D
부산광역시 해운대구_2016,1.3143977740931136,C
부산광역시 사하구_2016,1.0471738656693703,C
부산광역시 금정구_2016,0.7992584852791992,C
부산광역시 강서구_2016,2.4590178126797486,D
부산광역시 연제구_2016,0.8579023418212581,C
부산광역시 수영구_2016,0.778908358403999,C
부산광역시 사상구_2016,1.0579992977117991,C
부산광역시 기장군_2016,1.553016366651199,D
서울특별시 종로구_2016,0.8868912477685253,C
서울특별시 중구_2016,0.8945272653332406,C
서울특별시 용산구_2016,1.0232797037007628,C
서울특별시 성동구_2016,1.6758926211739948,D
서울특별시 광진구_2016,2.3770317909629064,D
서울특별시 동대문구_2016,1.0318719153626357,C
서울특별시 중랑구_2016,1.3279276228216654,C
서울특별시 성북구_2016,1.2055424712392402,C
서울특별시 강북구_2016,0.7830345386134135,C
서울특별시 도봉구_2016,1.1162269045265576,C
서울특별시 노원구_2016,1.6613161772046836,D
서울특별시 은평구_2016,1.181498995391734,C
서울특별시 서대문구_2016,1.22712536152708,C
서울특별시 마포구_2016,1.9116089074845992,D
서울특별시 양천구_2016,2.352528666481712,D
서울특별시 강서구_2016,2.115547147873236,D
서울특별시 구로구_2016,1.4516189472508672,D
서울특별시 금천구_2016,1.3009832867345514,C
서울특별시 영등포구_2016,1.329380278962376,D
서울특별시 동작구_2016,1.5339219349989526,D
서울특별시 관악구_2016,1.7261746801419595,D
서울특별시 서초구_2016,2.569250193969713,D
서울특별시 강남구_2016,2.9327942593720406,D
서울특별시 송파구_2016,2.7224226307015145,D
서울특별시 강동구_2016,1.695499125201958,D
울산광역시 중구_2016,2.011705775479266,D
울산광역시 남구_2016,3.7318002455470536,D
울산광역시 동구_2016,3.460750568819501,D
울산광역시 북구_2016,6.487422567120393,D
울산광역시 울주군_2016,1.5792905004469284,D
인천광역시 강화군_2016,0.2347639676769118,B
인천광역시 옹진군_2016,0.3106774572618408,B
인천광역시 중구_2016,1.2066273039486073,C
인천광역시 동구_2016,0.4176483575681584,B
인천광역시 미추홀구_2016,1.402964644469571,D
인천광역시 연수구_2016,4.559381750540624,D
인천광역시 남동구_2016,2.616322852320419,D
인천광역시 부평구_2016,2.112601278287044,D
인천광역시 계양구_2016,3.376758176546553,D
인천광역시 서구_2016,4.175811616320489,D
전라남도 목포시_2016,1.2053617323567871,C
전라남도 여수시_2016,0.7004949543649623,C
전라남도 순천시_2016,1.2483971345931275,C
전라남도 나주시_2016,0.6165655815659654,C
전라남도 광양시_2016,2.107890347550896,D
전라남도 담양군_2016,0.20665049007503,B
전라남도 곡성군_2016,0.0671526792124041,A
전라남도 구례군_2016,0.2024525747044396,B
전라남도 고흥군_2016,0.0116121821660507,A
전라남도 보성군_2016,0.0,A
전라남도 화순군_2016,0.2318876573914552,B
전라남도 장흥군_2016,0.0,A
전라남도 강진군_2016,0.0,A
전라남도 해남군_2016,0.0,A
전라남도 영암군_2016,0.0485823513243865,A
전라남도 무안군_2016,0.4244731131582785,B
전라남도 함평군_2016,0.0059512719345147,A
전라남도 영광군_2016,0.0886946805997648,A
전라남도 장성군_2016,0.1173882204129106,A
전라남도 완도군_2016,0.0636009258691601,A
전라남도 진도군_2016,0.0421179948886256,A
전라남도 신안군_2016,0.0,A
전북특별자치도 전주시_2016,1.6767745721708855,D
전북특별자치도 군산시_2016,0.8301984221549248,C
전북특별자치도 익산시_2016,0.7492472178510041,C
전북특별자치도 정읍시_2016,0.2091457919362183,B
전북특별자치도 남원시_2016,0.1933373537587039,B
전북특별자치도 김제시_2016,0.0967637449048479,A
전북특별자치도 완주군_2016,0.4213233988467491,B
전북특별자치도 진안군_2016,0.104170599023273,A
전북특별자치도 무주군_2016,0.0644774071433298,A
전북특별자치도 장수군_2016,0.3290132460547588,B
전북특별자치도 임실군_2016,0.1146006331841113,A
전북특별자치도 순창군_2016,0.0619956394072507,A
전북특별자치도 고창군_2016,0.2375610231061325,B
전북특별자치도 부안군_2016,0.2040228226703588,B
제주특별자치도 제주시_2016,1.6361066837356766,D
제주특별자치도 서귀포시_2016,0.8179125284172639,C
충청남도 천안시_2016,3.530598247040254,D
충청남도 공주시_2016,0.2403627332762803,B
충청남도 보령시_2016,0.2346492055924446,B
충청남도 아산시_2016,1.8732499044938025,D
충청남도 서산시_2016,0.7185166388913393,C
충청남도 논산시_2016,0.2270556027441814,B
충청남도 계룡시_2016,3.555212686312748,D
충청남도 당진시_2016,0.6956165383386297,C
충청남도 금산군_2016,0.1563436744424345,A
충청남도 부여군_2016,0.0449725325134077,A
충청남도 서천군_2016,0.0233296762046638,A
충청남도 청양군_2016,0.2651024691146498,B
충청남도 홍성군_2016,0.74345715584611,C
충청남도 예산군_2016,0.0,A
충청남도 태안군_2016,0.2526875957444668,B
세종특별자치시_2017,3.5687383009917326,D
경기도 수원시_2017,3.4583642944948108,D
경기도 성남시_2017,1.922287954802224,D
경기도 안양시_2017,2.1351625580169227,D
경기도 부천시_2017,2.2268576580284885,D
경기도 광명시_2017,1.8358958564939656,D
경기도 평택시_2017,1.9295162844036928,D
경기도 안산시_2017,3.399277861383512,D
경기도 과천시_2017,0.927060638656106,C
경기도 오산시_2017,4.476207830088827,D
경기도 시흥시_2017,4.201624985521179,D
경기도 군포시_2017,2.213449560481969,D
경기도 의왕시_2017,1.79157399077864,D
경기도 하남시_2017,2.4134411437231216,D
경기도 용인시_2017,2.187556191385997,D
경기도 이천시_2017,1.5691450525476662,D
경기도 안성시_2017,0.8500933251642105,C
경기도 김포시_2017,2.408640912562311,D
경기도 화성시_2017,4.367387742033771,D
경기도 광주시_2017,2.3034152687763134,D
경기도 여주시_2017,0.5490882757434523,B
경기도 양평군_2017,0.5551287502960567,B
경기도 의정부시_2017,1.4828720842362684,D
경기도 동두천시_2017,0.5629816819050978,B
경기도 고양시_2017,2.085585427159646,D
경기도 구리시_2017,2.4038215047212383,D
경기도 남양주시_2017,1.7165643361618697,D
경기도 파주시_2017,1.6458132551632751,D
경기도 양주시_2017,1.4161272475458504,D
경기도 포천시_2017,0.5281845539086387,B
경기도 연천군_2017,0.1598714855862597,B
경기도 가평군_2017,0.3670698455189821,B
강원특별자치도 춘천시_2017,0.8982217745316192,C
강원특별자치도 원주시_2017,1.4018979007725716,D
강원특별자치도 강릉시_2017,0.549556518212774,B
강원특별자치도 동해시_2017,0.5756906336002369,B
강원특별자치도 태백시_2017,0.1492016660895209,A
강원특별자치도 속초시_2017,0.7599530170655776,C
강원특별자치도 삼척시_2017,0.209080044051261,B
강원특별자치도 홍천군_2017,0.3202833515187021,B
강원특별자치도 횡성군_2017,0.2812128822322432,B
강원특별자치도 영월군_2017,0.2308881828233545,B
강원특별자치도 평창군_2017,0.1977561455505596,B
강원특별자치도 정선군_2017,0.100470996505892,A
강원특별자치도 철원군_2017,0.213416319629506,B
강원특별자치도 화천군_2017,0.2916506248104089,B
강원특별자치도 양구군_2017,0.3830169557907174,B
강원특별자치도 인제군_2017,0.3718644623061331,B
강원특별자치도 고성군_2017,0.1915904146637031,B
강원특별자치도 양양군_2017,0.193823487989151,B
경상남도 창원시_2017,1.597886775575458,D
경상남도 진주시_2017,0.9691263921722852,C
경상남도 통영시_2017,0.5307562664357527,B
경상남도 사천시_2017,0.3847843463654248,B
경상남도 김해시_2017,2.849356559119711,D
경상남도 밀양시_2017,0.1876449524427856,B
경상남도 거제시_2017,3.037757382320815,D
경상남도 양산시_2017,2.26414259124258,D
경상남도 의령군_2017,0.0669145898696643,A
경상남도 함안군_2017,0.2383052404152981,B
경상남도 창녕군_2017,0.1875543734770736,B
경상남도 고성군_2017,0.0860290588212908,A
경상남도 남해군_2017,0.0803384055157802,A
경상남도 하동군_2017,0.03696720868641,A
경상남도 산청군_2017,0.2161929658243594,B
경상남도 함양군_2017,0.1795394862229073,B
경상남도 거창군_2017,0.1610918096663311,B
경상남도 합천군_2017,0.0,A
경상북도 포항시_2017,0.9307264516831152,C
경상북도 경주시_2017,0.3777530743887018,B
경상북도 김천시_2017,0.414057622450306,B
경상북도 안동시_2017,0.2404301995166741,B
경상북도 구미시_2017,4.49992221359479,D
경상북도 영주시_2017,0.2075953231752862,B
경상북도 영천시_2017,0.2283123018510346,B
경상북도 상주시_2017,0.1189917421248508,A
경상북도 문경시_2017,0.0211678216145394,A
경상북도 경산시_2017,1.017292968081094,C
경상북도 의성군_2017,0.071276396108899,A
경상북도 청송군_2017,0.0372838784138346,A
경상북도 영양군_2017,0.0,A
경상북도 영덕군_2017,0.0129005137990854,A
경상북도 청도군_2017,0.1105869430436639,A
경상북도 고령군_2017,0.0391893822234053,A
경상북도 성주군_2017,0.1504521570702508,A
경상북도 칠곡군_2017,1.030306267759307,C
경상북도 예천군_2017,0.663674487804444,C
경상북도 봉화군_2017,0.0553172487551607,A
경상북도 울진군_2017,0.0793082599234219,A
경상북도 울릉군_2017,0.2274126810612941,B
광주광역시 동구_2017,0.4278561217319548,B
광주광역시 서구_2017,1.865652868237472,D
광주광역시 남구_2017,0.9682036175502026,C
광주광역시 북구_2017,1.4753483587071436,D
광주광역시 광산구_2017,4.226559519911322,D
대구광역시 중구_2017,0.4990488103371598,B
대구광역시 동구_2017,0.6448901615778326,C
대구광역시 서구_2017,0.2178862830569514,B
대구광역시 남구_2017,0.3249403357007535,B
대구광역시 북구_2017,1.639273250167862,D
대구광역시 수성구_2017,1.2979408680206943,C
대구광역시 달서구_2017,1.667763757662272,D
대구광역시 달성군_2017,2.562469104136769,D
대전광역시 동구_2017,0.6488767468568324,C
대전광역시 중구_2017,0.7469813547530297,C
대전광역시 서구_2017,2.530312816972449,D
대전광역시 유성구_2017,4.898368236147097,D
대전광역시 대덕구_2017,1.1900660787242834,C
부산광역시 중구_2017,0.201275846487018,B
부산광역시 서구_2017,0.1731886530282965,B
부산광역시 동구_2017,0.2295352834897476,B
부산광역시 영도구_2017,0.1079911455158337,A
부산광역시 부산진구_2017,0.7061863641591164,C
부산광역시 동래구_2017,0.8513016055020185,C
부산광역시 남구_2017,0.5434863974198331,B
부산광역시 북구_2017,1.0148678562467317,C
부산광역시 해운대구_2017,0.9841115349102396,C
부산광역시 사하구_2017,0.9091061692080824,C
부산광역시 금정구_2017,0.7062728982318894,C
부산광역시 강서구_2017,2.199073983338911,D
부산광역시 연제구_2017,0.8391039532677314,C
부산광역시 수영구_2017,0.7274959642725427,C
부산광역시 사상구_2017,0.8663799758393087,C
부산광역시 기장군_2017,1.2924351755443768,C
서울특별시 종로구_2017,1.0045055556537663,C
서울특별시 중구_2017,0.8949390498783137,C
서울특별시 용산구_2017,1.028716215854031,C
서울특별시 성동구_2017,1.6554738202302564,D
서울특별시 광진구_2017,2.160160756746244,D
서울특별시 동대문구_2017,0.9063281278377188,C
서울특별시 중랑구_2017,1.1162423101035222,C
서울특별시 성북구_2017,1.105900243481582,C
서울특별시 강북구_2017,0.7025388359880872,C
서울특별시 도봉구_2017,0.8998859091145713,C
서울특별시 노원구_2017,1.2932039008875709,C
서울특별시 은평구_2017,1.0524514932740932,C
서울특별시 서대문구_2017,1.0666081017940958,C
서울특별시 마포구_2017,1.7972874207201956,D
서울특별시 양천구_2017,1.9423701262472863,D
서울특별시 강서구_2017,1.8940399735433024,D
서울특별시 구로구_2017,1.167637745048851,C
서울특별시 금천구_2017,1.1456720738004196,C
서울특별시 영등포구_2017,1.2839305137638712,C
서울특별시 동작구_2017,1.2980150620606368,C
서울특별시 관악구_2017,1.55020651700379,D
서울특별시 서초구_2017,2.175034140938113,D
서울특별시 강남구_2017,2.4590015745215275,D
서울특별시 송파구_2017,2.4463131952621446,D
서울특별시 강동구_2017,1.514213189232784,D
울산광역시 중구_2017,1.536701143431168,D
울산광역시 남구_2017,2.8824214726749884,D
울산광역시 동구_2017,2.4390626530723054,D
울산광역시 북구_2017,5.6651363336871015,D
울산광역시 울주군_2017,1.4515616473101418,D
인천광역시 강화군_2017,0.2850637952908035,B
인천광역시 옹진군_2017,0.2476866473863015,B
인천광역시 중구_2017,1.2613176567382696,C
인천광역시 동구_2017,0.3153915761564627,B
인천광역시 미추홀구_2017,1.1146174131805284,C
인천광역시 연수구_2017,3.9839212881891233,D
인천광역시 남동구_2017,2.287553630736076,D
인천광역시 부평구_2017,1.721959390443177,D
인천광역시 계양구_2017,2.630144785832204,D
인천광역시 서구_2017,3.556951055396359,D
전라남도 목포시_2017,0.9685115085305942,C
전라남도 여수시_2017,0.5804128087959776,B
전라남도 순천시_2017,1.1497583431132803,C
전라남도 나주시_2017,0.6309843707894689,C
전라남도 광양시_2017,1.7997340359804552,D
전라남도 담양군_2017,0.1816704596934104,B
전라남도 곡성군_2017,0.0847182525410342,A
전라남도 구례군_2017,0.1938678767311829,B
전라남도 고흥군_2017,0.0444191987576767,A
전라남도 보성군_2017,0.0,A
전라남도 화순군_2017,0.194520144605395,B
전라남도 장흥군_2017,0.0456758276397457,A
전라남도 강진군_2017,0.0,A
전라남도 해남군_2017,0.0,A
전라남도 영암군_2017,0.0,A
전라남도 무안군_2017,0.5265483050923385,B
전라남도 함평군_2017,0.1291240558863779,A
전라남도 영광군_2017,0.0345748169376235,A
전라남도 장성군_2017,0.1725550938817594,B
전라남도 완도군_2017,0.0418853490222171,A
전라남도 진도군_2017,0.0649771905655262,A
전라남도 신안군_2017,0.0,A
전북특별자치도 전주시_2017,1.458810594719097,D
전북특별자치도 군산시_2017,0.6842596469817785,C
전북특별자치도 익산시_2017,0.7126723337311544,C
전북특별자치도 정읍시_2017,0.1682948506010807,B
전북특별자치도 남원시_2017,0.1538347336240687,A
전북특별자치도 김제시_2017,0.101602692656679,A
전북특별자치도 완주군_2017,0.4274767441665056,B
전북특별자치도 진안군_2017,0.2439750061891259,B
전북특별자치도 무주군_2017,0.1170005691239462,A
전북특별자치도 장수군_2017,0.0,A
전북특별자치도 임실군_2017,0.1259240408829807,A
전북특별자치도 순창군_2017,0.0720772489509525,A
전북특별자치도 고창군_2017,0.163242252121479,B
전북특별자치도 부안군_2017,0.0322199267503031,A
제주특별자치도 제주시_2017,1.5071932047800376,D
제주특별자치도 서귀포시_2017,0.8346814075208815,C
충청남도 천안시_2017,3.2079155145401743,D
충청남도 공주시_2017,0.2025230892423583,B
충청남도 보령시_2017,0.2326842399812792,B
충청남도 아산시_2017,1.811947743731332,D
충청남도 서산시_2017,0.6836512332742425,C
충청남도 논산시_2017,0.220400576697382,B
충청남도 계룡시_2017,3.151104794561221,D
충청남도 당진시_2017,0.6157852329044827,C
충청남도 금산군_2017,0.0485146735351678,A
충청남도 부여군_2017,0.0162363865113591,A
충청남도 서천군_2017,0.0064682535633979,A
충청남도 청양군_2017,0.2238858505203407,B
충청남도 홍성군_2017,0.503496179102024,B
충청남도 예산군_2017,0.0741338819822035,A
충청남도 태안군_2017,0.2073588254783854,B
세종특별자치시_2018,3.696176696249964,D
경기도 수원시_2018,2.9765184157999776,D
경기도 성남시_2018,1.6158759845509985,D
경기도 안양시_2018,1.753183527740615,D
경기도 부천시_2018,1.8385618567316333,D
경기도 광명시_2018,1.5780592262485411,D
경기도 평택시_2018,1.8570998824721123,D
경기도 안산시_2018,2.755025031850655,D
경기도 과천시_2018,1.427784590503395,D
경기도 오산시_2018,4.089925407944256,D
경기도 시흥시_2018,4.064455685751908,D
경기도 군포시_2018,1.853722931360616,D
경기도 의왕시_2018,1.4296876387787865,D
경기도 하남시_2018,2.20765718797728,D
경기도 용인시_2018,2.0783468151391906,D
경기도 이천시_2018,1.3561835905731376,D
경기도 안성시_2018,0.7950715219541458,C
경기도 김포시_2018,2.3758731479891337,D
경기도 화성시_2018,4.40048813365106,D
경기도 광주시_2018,2.0921533805245622,D
경기도 여주시_2018,0.420816676247546,B
경기도 양평군_2018,0.3459263033662623,B
경기도 의정부시_2018,1.376972652017308,D
경기도 동두천시_2018,0.5051736288974338,B
경기도 고양시_2018,1.81601032493746,D
경기도 구리시_2018,2.0281923049564514,D
경기도 남양주시_2018,1.703218888643918,D
경기도 파주시_2018,1.643053977067063,D
경기도 양주시_2018,1.2263689933020576,C
경기도 포천시_2018,0.4195022523283684,B
경기도 연천군_2018,0.0698967681496309,A
경기도 가평군_2018,0.2664768222433194,B
강원특별자치도 춘천시_2018,0.8125420233142686,C
강원특별자치도 원주시_2018,1.2585156624554297,C
강원특별자치도 강릉시_2018,0.454851533321406,B
강원특별자치도 동해시_2018,0.3954819027996569,B
강원특별자치도 태백시_2018,0.1205170434647232,A
강원특별자치도 속초시_2018,0.5754627337276069,B
강원특별자치도 삼척시_2018,0.2801342175619187,B
강원특별자치도 홍천군_2018,0.1995854362389775,B
강원특별자치도 횡성군_2018,0.3024641947734696,B
강원특별자치도 영월군_2018,0.1197749843112302,A
강원특별자치도 평창군_2018,0.1126469491173567,A
강원특별자치도 정선군_2018,0.0971914768888462,A
강원특별자치도 철원군_2018,0.1824928326191636,B
강원특별자치도 화천군_2018,0.0607084554547221,A
강원특별자치도 양구군_2018,0.2727544418119511,B
강원특별자치도 인제군_2018,0.2620698932645128,B
강원특별자치도 고성군_2018,0.0,A
강원특별자치도 양양군_2018,0.2043442358085616,B
경상남도 창원시_2018,1.3779549038082333,D
경상남도 진주시_2018,0.858507799583256,C
경상남도 통영시_2018,0.4778336181080905,B
경상남도 사천시_2018,0.379220532695994,B
경상남도 김해시_2018,2.489219043861944,D
경상남도 밀양시_2018,0.1261126921252393,A
경상남도 거제시_2018,2.567820944664317,D
경상남도 양산시_2018,1.87404983486356,D
경상남도 의령군_2018,0.1036186211971631,A
경상남도 함안군_2018,0.1419105705540029,A
경상남도 창녕군_2018,0.0730806029045525,A
경상남도 고성군_2018,0.0433020402575935,A
경상남도 남해군_2018,0.0406337032199761,A
경상남도 하동군_2018,0.0,A
경상남도 산청군_2018,0.0531749958877528,A
경상남도 함양군_2018,0.1530713666417872,A
경상남도 거창군_2018,0.2023070707959446,B
경상남도 합천군_2018,0.0,A
경상북도 포항시_2018,0.7682366071454066,C
경상북도 경주시_2018,0.3558545066623941,B
경상북도 김천시_2018,0.2283818995875135,B
경상북도 안동시_2018,0.1314397561360284,A
경상북도 구미시_2018,3.826770453098349,D
경상북도 영주시_2018,0.1095059453333121,A
경상북도 영천시_2018,0.2771328637884895,B
경상북도 상주시_2018,0.1250458675896167,A
경상북도 문경시_2018,0.0142250628097792,A
경상북도 경산시_2018,0.9220093261194598,C
경상북도 의성군_2018,0.0734013596515885,A
경상북도 청송군_2018,0.0236227731401957,A
경상북도 영양군_2018,0.0821116266699091,A
경상북도 영덕군_2018,0.0524502224686143,A
경상북도 청도군_2018,0.093792040768252,A
경상북도 고령군_2018,0.0,A
경상북도 성주군_2018,0.0592037567327124,A
경상북도 칠곡군_2018,0.868661084685236,C
경상북도 예천군_2018,0.6985359550193506,C
경상북도 봉화군_2018,0.0255914182956199,A
경상북도 울진군_2018,0.0223921577053096,A
경상북도 울릉군_2018,0.1254044120811401,A
광주광역시 동구_2018,0.3644637721649058,B
광주광역시 서구_2018,1.6226936703172727,D
광주광역시 남구_2018,0.8391591024770746,C
광주광역시 북구_2018,1.3669429607465786,D
광주광역시 광산구_2018,3.780485323358567,D
대구광역시 중구_2018,0.5949667311757006,C
대구광역시 동구_2018,0.6611631848427207,C
대구광역시 서구_2018,0.1311202599213123,A
대구광역시 남구_2018,0.3328203467890458,B
대구광역시 북구_2018,1.3677936699519335,D
대구광역시 수성구_2018,1.1337436715147051,C
대구광역시 달서구_2018,1.4979074603291205,D
대구광역시 달성군_2018,1.910557299627572,D
대전광역시 동구_2018,0.6640792359112503,C
대전광역시 중구_2018,0.6161917969262442,C
대전광역시 서구_2018,2.227316077581571,D
대전광역시 유성구_2018,4.182312139511054,D
대전광역시 대덕구_2018,0.936310956836712,C
부산광역시 중구_2018,0.0589440396975599,A
부산광역시 서구_2018,0.3887067619049392,B
부산광역시 동구_2018,0.1186895091279424,A
부산광역시 영도구_2018,0.0069550803807957,A
부산광역시 부산진구_2018,0.5044594479985538,B
부산광역시 동래구_2018,0.6759911049400675,C
부산광역시 남구_2018,0.7932831174882786,C
부산광역시 북구_2018,0.7977243182119012,C
부산광역시 해운대구_2018,0.9337477596662276,C
부산광역시 사하구_2018,0.6256342285258341,C
부산광역시 금정구_2018,0.5570609267511403,B
부산광역시 강서구_2018,1.9654673076850395,D
부산광역시 연제구_2018,0.7904425673759672,C
부산광역시 수영구_2018,0.4761148905287774,B
부산광역시 사상구_2018,0.5638331526493515,B
부산광역시 기장군_2018,1.208985024408182,C
서울특별시 종로구_2018,0.7863869232158309,C
서울특별시 중구_2018,0.8252462189062352,C
서울특별시 용산구_2018,1.0112090672150071,C
서울특별시 성동구_2018,1.5328549203166395,D
서울특별시 광진구_2018,1.906402760122297,D
서울특별시 동대문구_2018,0.8802169603958779,C
서울특별시 중랑구_2018,0.9212976733832942,C
서울특별시 성북구_2018,0.9573748660879248,C
서울특별시 강북구_2018,0.5573493133229199,B
서울특별시 도봉구_2018,0.7326300595154099,C
서울특별시 노원구_2018,1.1250674661692148,C
서울특별시 은평구_2018,0.9478076962725006,C
서울특별시 서대문구_2018,0.9607338620285908,C
서울특별시 마포구_2018,1.7948977227543972,D
서울특별시 양천구_2018,1.6249957990848258,D
서울특별시 강서구_2018,1.5628787235432795,D
서울특별시 구로구_2018,0.9913585122609312,C
서울특별시 금천구_2018,0.9711371922495494,C
서울특별시 영등포구_2018,1.2144273227331417,C
서울특별시 동작구_2018,1.2599129852591038,C
서울특별시 관악구_2018,1.4881125524811665,D
서울특별시 서초구_2018,1.923429432212434,D
서울특별시 강남구_2018,2.107620394422929,D
서울특별시 송파구_2018,2.1105372947938927,D
서울특별시 강동구_2018,1.239132922612813,C
울산광역시 중구_2018,1.0552038004780266,C
울산광역시 남구_2018,2.316925976231324,D
울산광역시 동구_2018,1.83346742286344,D
울산광역시 북구_2018,5.098729754507154,D
울산광역시 울주군_2018,1.250990989671331,C
인천광역시 강화군_2018,0.1843459393171374,B
인천광역시 옹진군_2018,0.0,A
인천광역시 중구_2018,1.3065020575349398,C
인천광역시 동구_2018,0.0668308673007485,A
인천광역시 미추홀구_2018,0.9279565659688794,C
인천광역시 연수구_2018,3.6509912714853967,D
인천광역시 남동구_2018,1.889259828341088,D
인천광역시 부평구_2018,1.3151880014429416,C
인천광역시 계양구_2018,1.9552627321405711,D
인천광역시 서구_2018,3.3955172130987297,D
전라남도 목포시_2018,0.9008470385583504,C
전라남도 여수시_2018,0.4921289144853609,B
전라남도 순천시_2018,1.0317397492758382,C
전라남도 나주시_2018,0.5203392090007448,B
전라남도 광양시_2018,1.626317545312458,D
전라남도 담양군_2018,0.0946277848506572,A
전라남도 곡성군_2018,0.0031862544139785,A
전라남도 구례군_2018,0.0469467663539747,A
전라남도 고흥군_2018,0.0129063314054444,A
전라남도 보성군_2018,0.0,A
전라남도 화순군_2018,0.1627111267431708,B
전라남도 장흥군_2018,0.0,A
전라남도 강진군_2018,0.0,A
전라남도 해남군_2018,0.0,A
전라남도 영암군_2018,0.054417558274881,A
전라남도 무안군_2018,0.3363764943080328,B
전라남도 함평군_2018,0.0,A
전라남도 영광군_2018,0.0587632803662801,A
전라남도 장성군_2018,0.1080385205395257,A
전라남도 완도군_2018,0.0132802695679031,A
전라남도 진도군_2018,0.0,A
전라남도 신안군_2018,0.0,A
전북특별자치도 전주시_2018,1.3645326644567646,D
전북특별자치도 군산시_2018,0.6208622077509293,C
전북특별자치도 익산시_2018,0.4666562778502915,B
전북특별자치도 정읍시_2018,0.1218465145700132,A
전북특별자치도 남원시_2018,0.1552900477008156,A
전북특별자치도 김제시_2018,0.0151354168617469,A
전북특별자치도 완주군_2018,0.2196920405366735,B
전북특별자치도 진안군_2018,0.0126113588669717,A
전북특별자치도 무주군_2018,0.101824306755723,A
전북특별자치도 장수군_2018,0.2520230014080644,B
전북특별자치도 임실군_2018,0.1030948367950596,A
전북특별자치도 순창군_2018,0.0046943106806007,A
전북특별자치도 고창군_2018,0.0,A
전북특별자치도 부안군_2018,0.0,A
제주특별자치도 제주시_2018,1.411699003782926,D
제주특별자치도 서귀포시_2018,0.6608179353276538,C
충청남도 천안시_2018,2.9662867697010675,D
충청남도 공주시_2018,0.2189708034086116,B
충청남도 보령시_2018,0.1649172848859549,B
충청남도 아산시_2018,1.524231878558515,D
충청남도 서산시_2018,0.6874272893230003,C
충청남도 논산시_2018,0.1150172338192138,A
충청남도 계룡시_2018,2.504200457024904,D
충청남도 당진시_2018,0.5579852360272332,B
충청남도 금산군_2018,0.0580793503631378,A
충청남도 부여군_2018,0.0309613857129862,A
충청남도 서천군_2018,0.0,A
충청남도 청양군_2018,0.0258029638772046,A
충청남도 홍성군_2018,0.2876267570743423,B
충청남도 예산군_2018,0.1766377101553807,B
충청남도 태안군_2018,0.0700291476611035,A
세종특별자치시_2019,3.529805663590829,D
경기도 수원시_2019,2.520678611070315,D
경기도 성남시_2019,1.3733091822493488,D
경기도 안양시_2019,1.4356366311034503,D
경기도 부천시_2019,1.4006614608878083,D
경기도 광명시_2019,1.1962484185231892,C
경기도 평택시_2019,1.7613954443035509,D
경기도 안산시_2019,2.3074477509629068,D
경기도 과천시_2019,1.246853724441995,C
경기도 오산시_2019,3.5563248501938256,D
경기도 시흥시_2019,3.595574881921896,D
경기도 군포시_2019,1.6261634727673622,D
경기도 의왕시_2019,1.6629101057863382,D
경기도 하남시_2019,2.0342265821127183,D
경기도 용인시_2019,1.8423639201073208,D
경기도 이천시_2019,1.2301179096652082,C
경기도 안성시_2019,0.6572515163952241,C
경기도 김포시_2019,1.977163981051243,D
경기도 화성시_2019,4.152073954486019,D
경기도 광주시_2019,1.6923513670266968,D
경기도 여주시_2019,0.3530746223869869,B
경기도 양평군_2019,0.2999963748419612,B
경기도 의정부시_2019,1.205636292112451,C
경기도 동두천시_2019,0.3723764739038798,B
경기도 고양시_2019,1.7318781743006526,D
경기도 구리시_2019,1.3824205128276177,D
경기도 남양주시_2019,1.5903693495883289,D
경기도 파주시_2019,1.308991438782506,C
경기도 양주시_2019,1.115892285776265,C
경기도 포천시_2019,0.31628659990363,B
경기도 연천군_2019,0.0453977275365505,A
경기도 가평군_2019,0.1623696087978197,B
강원특별자치도 춘천시_2019,0.7297405486199458,C
강원특별자치도 원주시_2019,1.162897264176066,C
강원특별자치도 강릉시_2019,0.4514267613723639,B
강원특별자치도 동해시_2019,0.3843589971055685,B
강원특별자치도 태백시_2019,0.0712389729620145,A
강원특별자치도 속초시_2019,0.5282239914244283,B
강원특별자치도 삼척시_2019,0.1207027777866106,A
강원특별자치도 홍천군_2019,0.1116804920118749,A
강원특별자치도 횡성군_2019,0.1544288793814812,A
강원특별자치도 영월군_2019,0.0385224113801121,A
강원특별자치도 평창군_2019,0.0601508772688369,A
강원특별자치도 정선군_2019,0.0775473463613392,A
강원특별자치도 철원군_2019,0.1301877386732292,A
강원특별자치도 화천군_2019,0.2125589724848964,B
강원특별자치도 양구군_2019,0.1308160756783957,A
강원특별자치도 인제군_2019,0.2155984488172874,B
강원특별자치도 고성군_2019,0.0,A
강원특별자치도 양양군_2019,0.2737217305557659,B
경상남도 창원시_2019,1.0883632961019685,C
경상남도 진주시_2019,0.7988839385109329,C
경상남도 통영시_2019,0.3566142468533013,B
경상남도 사천시_2019,0.212426756169932,B
경상남도 김해시_2019,2.2613509064995,D
경상남도 밀양시_2019,0.0897206857182666,A
경상남도 거제시_2019,2.1402993197789897,D
경상남도 양산시_2019,1.4254629406174584,D
경상남도 의령군_2019,0.0,A
경상남도 함안군_2019,0.0615196319338911,A
경상남도 창녕군_2019,0.0033686237883817,A
경상남도 고성군_2019,0.0,A
경상남도 남해군_2019,0.1082674574188332,A
경상남도 하동군_2019,0.0,A
경상남도 산청군_2019,0.0,A
경상남도 함양군_2019,0.069867756588774,A
경상남도 거창군_2019,0.1877266610538647,B
경상남도 합천군_2019,0.0035757892356484,A
경상북도 포항시_2019,0.6433364804849665,C
경상북도 경주시_2019,0.2934010870195487,B
경상북도 김천시_2019,0.3148524809595508,B
경상북도 안동시_2019,0.1680120541253308,B
경상북도 구미시_2019,3.186939644922659,D
경상북도 영주시_2019,0.0699230387545939,A
경상북도 영천시_2019,0.2329478437609312,B
경상북도 상주시_2019,0.1988342646294701,B
경상북도 문경시_2019,0.2202435814599241,B
경상북도 경산시_2019,0.8390586141487374,C
경상북도 의성군_2019,0.0891557783471559,A
경상북도 청송군_2019,0.0283429348935011,A
경상북도 영양군_2019,0.0,A
경상북도 영덕군_2019,0.0,A
경상북도 청도군_2019,0.1178640703960309,A
경상북도 고령군_2019,0.0,A
경상북도 성주군_2019,0.0017198708318869,A
경상북도 칠곡군_2019,0.7164908590997773,C
경상북도 예천군_2019,0.439487692280797,B
경상북도 봉화군_2019,0.0,A
경상북도 울진군_2019,0.0511287233948384,A
경상북도 울릉군_2019,0.038007829620179,A
광주광역시 동구_2019,0.6309975018149118,C
광주광역시 서구_2019,1.3832420707181132,D
광주광역시 남구_2019,0.8696639400759698,C
광주광역시 북구_2019,1.052344650166384,C
광주광역시 광산구_2019,3.409302216502185,D
대구광역시 중구_2019,0.3953398781419049,B
대구광역시 동구_2019,0.4064176461370603,B
대구광역시 서구_2019,0.0,A
대구광역시 남구_2019,0.2909881786837724,B
대구광역시 북구_2019,1.1643434151569043,C
대구광역시 수성구_2019,1.0052819424114878,C
대구광역시 달서구_2019,1.2224750973466771,C
대구광역시 달성군_2019,1.6927076488014867,D
대전광역시 동구_2019,0.542666044616825,B
대전광역시 중구_2019,0.5133490391396522,B
대전광역시 서구_2019,1.890754577027289,D
대전광역시 유성구_2019,3.530885947165354,D
대전광역시 대덕구_2019,0.7000704961363975,C
부산광역시 중구_2019,0.1309826544476459,A
부산광역시 서구_2019,0.1448669646600221,A
부산광역시 동구_2019,0.3655493182230848,B
부산광역시 영도구_2019,0.0,A
부산광역시 부산진구_2019,0.5304123741199741,B
부산광역시 동래구_2019,0.8447299753837674,C
부산광역시 남구_2019,0.4318791046534385,B
부산광역시 북구_2019,0.6095344027780552,C
부산광역시 해운대구_2019,0.7700732544261769,C
부산광역시 사하구_2019,0.4426798771523831,B
부산광역시 금정구_2019,0.3729384605454001,B
부산광역시 강서구_2019,1.9247769005069264,D
부산광역시 연제구_2019,0.7066418696492477,C
부산광역시 수영구_2019,0.5348648568395047,B
부산광역시 사상구_2019,0.4230661415591888,B
부산광역시 기장군_2019,0.8900447550815876,C
서울특별시 종로구_2019,0.6951811289987067,C
서울특별시 중구_2019,0.7567240258278252,C
서울특별시 용산구_2019,0.9295232156303788,C
서울특별시 성동구_2019,1.1281973495162525,C
서울특별시 광진구_2019,1.618611298624102,D
서울특별시 동대문구_2019,0.8034030965796368,C
서울특별시 중랑구_2019,0.7313669142109026,C
서울특별시 성북구_2019,1.1301955738775362,C
서울특별시 강북구_2019,0.4592668669993885,B
서울특별시 도봉구_2019,0.5560175837154903,B
서울특별시 노원구_2019,0.9003103237245256,C
서울특별시 은평구_2019,0.8478538782808177,C
서울특별시 서대문구_2019,0.9130896854706732,C
서울특별시 마포구_2019,1.665083014040562,D
서울특별시 양천구_2019,1.3639938320208569,D
서울특별시 강서구_2019,1.3489189042937455,D
서울특별시 구로구_2019,1.0054825274824108,C
서울특별시 금천구_2019,0.8546329759452578,C
서울특별시 영등포구_2019,1.138388582489886,C
서울특별시 동작구_2019,1.1293472899455044,C
서울특별시 관악구_2019,1.3568064424627684,D
서울특별시 서초구_2019,1.7373586634767852,D
서울특별시 강남구_2019,2.0032610126035806,D
서울특별시 송파구_2019,1.9116124749129624,D
서울특별시 강동구_2019,1.3299084931303469,D
울산광역시 중구_2019,0.727496058668147,C
울산광역시 남구_2019,1.7289033096868716,D
울산광역시 동구_2019,1.302096512305147,C
울산광역시 북구_2019,4.69280168981506,D
울산광역시 울주군_2019,1.0984904758415597,C
인천광역시 강화군_2019,0.1873546070914423,B
인천광역시 옹진군_2019,0.0,A
인천광역시 중구_2019,1.6360073242655218,D
인천광역시 동구_2019,0.1158044307407133,A
인천광역시 미추홀구_2019,0.6935559598325293,C
인천광역시 연수구_2019,3.4603598168834786,D
인천광역시 남동구_2019,1.4890328380815314,D
인천광역시 부평구_2019,1.0753793015841822,C
인천광역시 계양구_2019,1.5255810372079217,D
인천광역시 서구_2019,2.761066123532041,D
전라남도 목포시_2019,0.7680473021098837,C
전라남도 여수시_2019,0.4955419657527303,B
전라남도 순천시_2019,0.90924971379576,C
전라남도 나주시_2019,0.3665853237114401,B
전라남도 광양시_2019,1.3475129459080912,D
전라남도 담양군_2019,0.0922123474013225,A
전라남도 곡성군_2019,0.0,A
전라남도 구례군_2019,0.0,A
전라남도 고흥군_2019,0.0128663809440979,A
전라남도 보성군_2019,0.0,A
전라남도 화순군_2019,0.0470847653476217,A
전라남도 장흥군_2019,0.0,A
전라남도 강진군_2019,0.0,A
전라남도 해남군_2019,0.0,A
전라남도 영암군_2019,0.1663383508291569,B
전라남도 무안군_2019,0.3083827937733502,B
전라남도 함평군_2019,0.0,A
전라남도 영광군_2019,0.0949576612685234,A
전라남도 장성군_2019,0.1441221692382352,A
전라남도 완도군_2019,0.0,A
전라남도 진도군_2019,0.0,A
전라남도 신안군_2019,0.0,A
전북특별자치도 전주시_2019,1.2211936707157574,C
전북특별자치도 군산시_2019,0.5234822761202595,B
전북특별자치도 익산시_2019,0.3646089349520187,B
전북특별자치도 정읍시_2019,0.0895299289068306,A
전북특별자치도 남원시_2019,0.0863313770823176,A
전북특별자치도 김제시_2019,0.0146192053121723,A
전북특별자치도 완주군_2019,0.1039961057883579,A
전북특별자치도 진안군_2019,0.0351966220867514,A
전북특별자치도 무주군_2019,0.0581716773166368,A
전북특별자치도 장수군_2019,0.0,A
전북특별자치도 임실군_2019,0.0,A
전북특별자치도 순창군_2019,0.0,A
전북특별자치도 고창군_2019,0.0,A
전북특별자치도 부안군_2019,0.0,A
제주특별자치도 제주시_2019,1.237558283316197,C
제주특별자치도 서귀포시_2019,0.508148865816631,B
충청남도 천안시_2019,2.564292361256537,D
충청남도 공주시_2019,0.1659589996519033,B
충청남도 보령시_2019,0.1608952716335795,B
충청남도 아산시_2019,1.370217416173929,D
충청남도 서산시_2019,0.5500896194899084,B
충청남도 논산시_2019,0.131645659438315,A
충청남도 계룡시_2019,1.9465910372358328,D
충청남도 당진시_2019,0.4450738507771264,B
충청남도 금산군_2019,0.0,A
충청남도 부여군_2019,0.0,A
충청남도 서천군_2019,0.0,A
충청남도 청양군_2019,0.0,A
충청남도 홍성군_2019,0.2522769327996179,B
충청남도 예산군_2019,0.0704397770949614,A
충청남도 태안군_2019,0.0911763484980041,A
세종특별자치시_2020,3.070798405632549,D
경기도 수원시_2020,2.097311807157298,D
경기도 성남시_2020,1.242592546277259,C
경기도 안양시_2020,1.0707934230335765,C
경기도 부천시_2020,1.1341745700310075,C
경기도 광명시_2020,0.8935348801814866,C
경기도 평택시_2020,1.7159147740084462,D
경기도 안산시_2020,2.0454704342225454,D
경기도 과천시_2020,1.5153524713667832,D
경기도 오산시_2020,2.9462406306463875,D
경기도 시흥시_2020,3.0859390044448984,D
경기도 군포시_2020,1.283145375506103,C
경기도 의왕시_2020,1.331656713045124,D
경기도 하남시_2020,1.9601272860797496,D
경기도 용인시_2020,1.5464452625651146,D
경기도 이천시_2020,1.1252899344451064,C
경기도 안성시_2020,0.734264923743047,C
경기도 김포시_2020,2.0585062870052853,D
경기도 화성시_2020,3.67631983306052,D
경기도 광주시_2020,1.4461109397377965,D
경기도 여주시_2020,0.3991071661077208,B
경기도 양평군_2020,0.3430974248760288,B
경기도 의정부시_2020,1.1139963313404302,C
경기도 동두천시_2020,0.3854185060557059,B
경기도 고양시_2020,1.424406890099839,D
경기도 구리시_2020,1.216846652778368,C
경기도 남양주시_2020,1.293183416915759,C
경기도 파주시_2020,1.308311630908621,C
경기도 양주시_2020,1.069228338759714,C
경기도 포천시_2020,0.3202143053668034,B
경기도 연천군_2020,0.125054321306633,A
경기도 가평군_2020,0.2089124502288889,B
강원특별자치도 춘천시_2020,0.6527336040753672,C
강원특별자치도 원주시_2020,1.0302317545443331,C
강원특별자치도 강릉시_2020,0.3700681307854616,B
강원특별자치도 동해시_2020,0.3947418765361563,B
강원특별자치도 태백시_2020,0.0,A
강원특별자치도 속초시_2020,0.5032137517809009,B
강원특별자치도 삼척시_2020,0.0,A
강원특별자치도 홍천군_2020,0.2213646402355818,B
강원특별자치도 횡성군_2020,0.1482600256259543,A
강원특별자치도 영월군_2020,0.0475818038648058,A
강원특별자치도 평창군_2020,0.074070640295505,A
강원특별자치도 정선군_2020,0.0648580494047317,A
강원특별자치도 철원군_2020,0.0661416481960446,A
강원특별자치도 화천군_2020,0.2120255241860946,B
강원특별자치도 양구군_2020,0.1337987160682113,A
강원특별자치도 인제군_2020,0.2866984341965643,B
강원특별자치도 고성군_2020,0.009909191142966,A
강원특별자치도 양양군_2020,0.2206347662254226,B
경상남도 창원시_2020,0.8770417110420186,C
경상남도 진주시_2020,0.6855879037659759,C
경상남도 통영시_2020,0.2128256350844569,B
경상남도 사천시_2020,0.2504117728997688,B
경상남도 김해시_2020,1.7572084466083582,D
경상남도 밀양시_2020,0.1215132494527501,A
경상남도 거제시_2020,1.691419220216338,D
경상남도 양산시_2020,1.1581358456641753,C
경상남도 의령군_2020,0.0288772546852516,A
경상남도 함안군_2020,0.0109012125567988,A
경상남도 창녕군_2020,0.012030971725594,A
경상남도 고성군_2020,0.0,A
경상남도 남해군_2020,0.024453853790776,A
경상남도 하동군_2020,0.0,A
경상남도 산청군_2020,0.0092682996449705,A
경상남도 함양군_2020,0.0315645478848013,A
경상남도 거창군_2020,0.0919248862423911,A
경상남도 합천군_2020,0.0,A
경상북도 포항시_2020,0.4981826032661075,B
경상북도 경주시_2020,0.2313194141565236,B
경상북도 김천시_2020,0.2355671059640034,B
경상북도 안동시_2020,0.2070459913456837,B
경상북도 구미시_2020,2.5933412187245377,D
경상북도 영주시_2020,0.0324262969000692,A
경상북도 영천시_2020,0.1310883295346673,A
경상북도 상주시_2020,0.0,A
경상북도 문경시_2020,0.0677813183317533,A
경상북도 경산시_2020,0.6958885414689487,C
경상북도 의성군_2020,0.0,A
경상북도 청송군_2020,0.0140067984923128,A
경상북도 영양군_2020,0.0,A
경상북도 영덕군_2020,0.0,A
경상북도 청도군_2020,0.0129655997351323,A
경상북도 고령군_2020,0.0,A
경상북도 성주군_2020,0.00730053706548,A
경상북도 칠곡군_2020,0.541886293602923,B
경상북도 예천군_2020,0.2337721407101904,B
경상북도 봉화군_2020,0.0,A
경상북도 울진군_2020,0.0769584129336616,A
경상북도 울릉군_2020,0.0,A
광주광역시 동구_2020,0.6480477756893636,C
광주광역시 서구_2020,1.122006627160614,C
광주광역시 남구_2020,0.5984498528292941,C
광주광역시 북구_2020,0.938379707075866,C
광주광역시 광산구_2020,2.9864555926870406,D
대구광역시 중구_2020,0.4613854227040949,B
대구광역시 동구_2020,0.394883205770153,B
대구광역시 서구_2020,0.094315378805639,A
대구광역시 남구_2020,0.3025274808751532,B
대구광역시 북구_2020,1.0676155245364285,C
대구광역시 수성구_2020,0.8548194116462873,C
대구광역시 달서구_2020,0.9196315258133326,C
대구광역시 달성군_2020,1.356310998426071,D
대전광역시 동구_2020,0.4171357332174306,B
대전광역시 중구_2020,0.3985659314514834,B
대전광역시 서구_2020,1.5879403294401948,D
대전광역시 유성구_2020,3.0321862914684856,D
대전광역시 대덕구_2020,0.7439985158825732,C
부산광역시 중구_2020,0.1839432535745488,B
부산광역시 서구_2020,0.2815245890354494,B
부산광역시 동구_2020,0.2954170654939434,B
부산광역시 영도구_2020,0.0,A
부산광역시 부산진구_2020,0.6015777439283654,C
부산광역시 동래구_2020,0.5938293677334089,C
부산광역시 남구_2020,0.3239437878657798,B
부산광역시 북구_2020,0.4040730188325686,B
부산광역시 해운대구_2020,0.6274473257028684,C
부산광역시 사하구_2020,0.2633672721852823,B
부산광역시 금정구_2020,0.2460837144085286,B
부산광역시 강서구_2020,1.8718907517204944,D
부산광역시 연제구_2020,0.5530496234800831,B
부산광역시 수영구_2020,0.5070578247503577,B
부산광역시 사상구_2020,0.2976199491933108,B
부산광역시 기장군_2020,1.197180309764667,C
서울특별시 종로구_2020,0.610618469993396,C
서울특별시 중구_2020,0.6067060438622353,C
서울특별시 용산구_2020,0.9134378214607236,C
서울특별시 성동구_2020,0.967601629884608,C
서울특별시 광진구_2020,1.3992039701719892,D
서울특별시 동대문구_2020,0.7003792326131464,C
서울특별시 중랑구_2020,0.6894455903657222,C
서울특별시 성북구_2020,0.8252432560681159,C
서울특별시 강북구_2020,0.366707807540702,B
서울특별시 도봉구_2020,0.3982341871257083,B
서울특별시 노원구_2020,0.7611132196392163,C
서울특별시 은평구_2020,0.7897458786968107,C
서울특별시 서대문구_2020,0.9310195967396852,C
서울특별시 마포구_2020,1.521748835126854,D
서울특별시 양천구_2020,1.1607630209561683,C
서울특별시 강서구_2020,1.0791427377053586,C
서울특별시 구로구_2020,0.7773095294865782,C
서울특별시 금천구_2020,0.7522239879345424,C
서울특별시 영등포구_2020,1.2436100939207462,C
서울특별시 동작구_2020,0.9249523773765468,C
서울특별시 관악구_2020,1.1674884329745263,C
서울특별시 서초구_2020,1.432080740154354,D
서울특별시 강남구_2020,1.6065990923166442,D
서울특별시 송파구_2020,1.4532065377866894,D
서울특별시 강동구_2020,1.36562636010444,D
울산광역시 중구_2020,0.5706335821024373,B
울산광역시 남구_2020,1.4218781735466064,D
울산광역시 동구_2020,1.043131948800736,C
울산광역시 북구_2020,3.518038008373098,D
울산광역시 울주군_2020,0.8209467296478933,C
인천광역시 강화군_2020,0.1479850879480466,A
인천광역시 옹진군_2020,0.0951257090467788,A
인천광역시 중구_2020,1.262163158773832,C
인천광역시 동구_2020,0.0761483236951311,A
인천광역시 미추홀구_2020,0.6421209626535548,C
인천광역시 연수구_2020,3.0643199209163647,D
인천광역시 남동구_2020,1.1583852727842234,C
인천광역시 부평구_2020,0.7796510604280782,C
인천광역시 계양구_2020,1.1940720589399674,C
인천광역시 서구_2020,2.156694454875448,D
전라남도 목포시_2020,0.5435957223693968,B
전라남도 여수시_2020,0.3681433314596729,B
전라남도 순천시_2020,0.8729828022999147,C
전라남도 나주시_2020,0.3613579309401922,B
전라남도 광양시_2020,0.7965429927789165,C
전라남도 담양군_2020,0.0949603668590683,A
전라남도 곡성군_2020,0.0,A
전라남도 구례군_2020,0.0,A
전라남도 고흥군_2020,0.0,A
전라남도 보성군_2020,0.0,A
전라남도 화순군_2020,0.1932635052790588,B
전라남도 장흥군_2020,0.0,A
전라남도 강진군_2020,0.0,A
전라남도 해남군_2020,0.0,A
전라남도 영암군_2020,0.0356107042820923,A
전라남도 무안군_2020,0.7534046129786324,C
전라남도 함평군_2020,0.0,A
전라남도 영광군_2020,0.0,A
전라남도 장성군_2020,0.0,A
전라남도 완도군_2020,0.0,A
전라남도 진도군_2020,0.2956827666018362,B
전라남도 신안군_2020,0.0,A
전북특별자치도 전주시_2020,1.067117367928415,C
전북특별자치도 군산시_2020,0.4426146127441655,B
전북특별자치도 익산시_2020,0.3032582406170799,B
전북특별자치도 정읍시_2020,0.0616723622970378,A
전북특별자치도 남원시_2020,0.1250842266542912,A
전북특별자치도 김제시_2020,0.0168043667526988,A
전북특별자치도 완주군_2020,0.2208730138592316,B
전북특별자치도 진안군_2020,0.0033054305534124,A
전북특별자치도 무주군_2020,0.0691455511902314,A
전북특별자치도 장수군_2020,0.0,A
전북특별자치도 임실군_2020,0.0,A
전북특별자치도 순창군_2020,0.0,A
전북특별자치도 고창군_2020,0.0,A
전북특별자치도 부안군_2020,0.0,A
제주특별자치도 제주시_2020,1.0888848031847966,C
제주특별자치도 서귀포시_2020,0.4577270877316977,B
충청남도 천안시_2020,2.2093915202421868,D
충청남도 공주시_2020,0.0759756404439559,A
충청남도 보령시_2020,0.1386281807172997,A
충청남도 아산시_2020,1.204468686885035,C
충청남도 서산시_2020,0.5055572240780033,B
충청남도 논산시_2020,0.0609281401847877,A
충청남도 계룡시_2020,1.634021061312348,D
충청남도 당진시_2020,0.3874664325673552,B
충청남도 금산군_2020,0.0088956482556915,A
충청남도 부여군_2020,0.0,A
충청남도 서천군_2020,0.0,A
충청남도 청양군_2020,0.0,A
충청남도 홍성군_2020,0.2444507646405751,B
충청남도 예산군_2020,0.0285042347373594,A
충청남도 태안군_2020,0.0723182737114472,A
세종특별자치시_2021,2.9127880133633086,D
경기도 수원시_2021,1.876531568476692,D
경기도 성남시_2021,1.0698560871835965,C
경기도 안양시_2021,1.0839844047726863,C
경기도 부천시_2021,0.9148634208306998,C
경기도 광명시_2021,0.9452252964711024,C
경기도 평택시_2021,1.7067124968114475,D
경기도 안산시_2021,1.6633446757650134,D
경기도 과천시_2021,1.756725906067676,D
경기도 오산시_2021,2.430891406832356,D
경기도 시흥시_2021,2.5156500755871902,D
경기도 군포시_2021,0.9690601218265747,C
경기도 의왕시_2021,1.0300116374018002,C
경기도 하남시_2021,1.9718898827977416,D
경기도 용인시_2021,1.3031268074521585,C
경기도 이천시_2021,1.1062158699991158,C
경기도 안성시_2021,0.640829074110837,C
경기도 김포시_2021,1.65619335876259,D
경기도 화성시_2021,3.293369102808681,D
경기도 광주시_2021,1.1683420914516256,C
경기도 여주시_2021,0.3427358695322193,B
경기도 양평군_2021,0.3706407531898126,B
경기도 의정부시_2021,0.9463829751690752,C
경기도 동두천시_2021,0.3878662117502251,B
경기도 고양시_2021,1.163239238471268,C
경기도 구리시_2021,0.8953495865971033,C
경기도 남양주시_2021,1.256265471724442,C
경기도 파주시_2021,1.3354742783611782,D
경기도 양주시_2021,0.9369358343692736,C
경기도 포천시_2021,0.4509316345762748,B
경기도 연천군_2021,0.0689623991222126,A
경기도 가평군_2021,0.2185898650899876,B
강원특별자치도 춘천시_2021,0.6213073145753755,C
강원특별자치도 원주시_2021,0.8997213984987583,C
강원특별자치도 강릉시_2021,0.343882564347157,B
강원특별자치도 동해시_2021,0.3143521951171364,B
강원특별자치도 태백시_2021,0.0,A
강원특별자치도 속초시_2021,0.415040722369389,B
강원특별자치도 삼척시_2021,0.0094977844504561,A
강원특별자치도 홍천군_2021,0.1043551384580891,A
강원특별자치도 횡성군_2021,0.1893450896104346,B
강원특별자치도 영월군_2021,0.0677293519163422,A
강원특별자치도 평창군_2021,0.0488044390444698,A
강원특별자치도 정선군_2021,0.0,A
강원특별자치도 철원군_2021,0.0,A
강원특별자치도 화천군_2021,0.0568824147472618,A
강원특별자치도 양구군_2021,0.0818977107734887,A
강원특별자치도 인제군_2021,0.3645568614440915,B
강원특별자치도 고성군_2021,0.2820222751882398,B
강원특별자치도 양양군_2021,0.1499389178038183,A
경상남도 창원시_2021,0.7531439497339932,C
경상남도 진주시_2021,0.5842355450341794,B
경상남도 통영시_2021,0.1588017265683122,B
경상남도 사천시_2021,0.21528345269947,B
경상남도 김해시_2021,1.4054465633120647,D
경상남도 밀양시_2021,0.0833262320188591,A
경상남도 거제시_2021,1.2819055036326488,C
경상남도 양산시_2021,1.0123034546810674,C
경상남도 의령군_2021,0.0299300569849116,A
경상남도 함안군_2021,0.0,A
경상남도 창녕군_2021,0.0060943085652085,A
경상남도 고성군_2021,0.0280918777388927,A
경상남도 남해군_2021,0.0426918341066852,A
경상남도 하동군_2021,0.0,A
경상남도 산청군_2021,0.0536354225399764,A
경상남도 함양군_2021,0.0073035930908958,A
경상남도 거창군_2021,0.1562009885598378,A
경상남도 합천군_2021,0.0,A
경상북도 포항시_2021,0.5135064909048204,B
경상북도 경주시_2021,0.2314639569536053,B
경상북도 김천시_2021,0.2481778414011811,B
경상북도 안동시_2021,0.1602038854195259,B
경상북도 구미시_2021,2.1459667202695387,D
경상북도 영주시_2021,0.1124154122546612,A
경상북도 영천시_2021,0.1609955157383911,B
경상북도 상주시_2021,0.0386248944661439,A
경상북도 문경시_2021,0.1230965736973887,A
경상북도 경산시_2021,0.7222568830603164,C
경상북도 의성군_2021,0.0047369522458767,A
경상북도 청송군_2021,0.0,A
경상북도 영양군_2021,0.0,A
경상북도 영덕군_2021,0.0,A
경상북도 청도군_2021,0.0978619486261901,A
경상북도 고령군_2021,0.0,A
경상북도 성주군_2021,0.0408327865945844,A
경상북도 칠곡군_2021,0.5699298001687898,B
경상북도 예천군_2021,0.2111344868540043,B
경상북도 봉화군_2021,0.0,A
경상북도 울진군_2021,0.0378045569473746,A
경상북도 울릉군_2021,0.0447324216248072,A
광주광역시 동구_2021,0.4665073199768789,B
광주광역시 서구_2021,0.9352923998612532,C
광주광역시 남구_2021,0.6970187619334206,C
광주광역시 북구_2021,0.8112505778970264,C
광주광역시 광산구_2021,2.6323484080311546,D
대구광역시 중구_2021,0.4099519472167796,B
대구광역시 동구_2021,0.4227139483672676,B
대구광역시 서구_2021,0.0,A
대구광역시 남구_2021,0.2111345808052521,B
대구광역시 북구_2021,0.8410983963550667,C
대구광역시 수성구_2021,0.6707415226786969,C
대구광역시 달서구_2021,0.6415715135271493,C
대구광역시 달성군_2021,1.1974891906285827,C
대전광역시 동구_2021,0.4810872966288683,B
대전광역시 중구_2021,0.3236941888597494,B
대전광역시 서구_2021,1.337631480076414,D
대전광역시 유성구_2021,2.557799679596473,D
대전광역시 대덕구_2021,0.5963414455482852,C
부산광역시 중구_2021,0.2214174699819933,B
부산광역시 서구_2021,0.1579532441343247,B
부산광역시 동구_2021,0.1831313680273795,B
부산광역시 영도구_2021,0.0978223343802642,A
부산광역시 부산진구_2021,0.4295040171571033,B
부산광역시 동래구_2021,0.4431454342220974,B
부산광역시 남구_2021,0.2934977298565481,B
부산광역시 북구_2021,0.5177497288601607,B
부산광역시 해운대구_2021,0.5072755245254977,B
부산광역시 사하구_2021,0.3126867166353886,B
부산광역시 금정구_2021,0.2609793824574921,B
부산광역시 강서구_2021,1.6794629747973435,D
부산광역시 연제구_2021,0.4449669082612024,B
부산광역시 수영구_2021,0.3890087589308724,B
부산광역시 사상구_2021,0.2893646523653216,B
부산광역시 기장군_2021,0.8935177597871615,C
서울특별시 종로구_2021,0.5761085710753912,B
서울특별시 중구_2021,0.5834129010593172,B
서울특별시 용산구_2021,0.8030975358313788,C
서울특별시 성동구_2021,0.8643761879703014,C
서울특별시 광진구_2021,1.238787886761207,C
서울특별시 동대문구_2021,0.6863313602961061,C
서울특별시 중랑구_2021,0.5451309192039855,B
서울특별시 성북구_2021,0.7796176240210853,C
서울특별시 강북구_2021,0.2726535305810842,B
서울특별시 도봉구_2021,0.3359186716521187,B
서울특별시 노원구_2021,0.6100772420127674,C
서울특별시 은평구_2021,0.656502186362252,C
서울특별시 서대문구_2021,0.7207231261331232,C
서울특별시 마포구_2021,1.5027640245972795,D
서울특별시 양천구_2021,0.9454829741954082,C
서울특별시 강서구_2021,1.0440732923560458,C
서울특별시 구로구_2021,0.5978484412761754,C
서울특별시 금천구_2021,0.761869379693542,C
서울특별시 영등포구_2021,1.0585262091059813,C
서울특별시 동작구_2021,0.8525914135881214,C
서울특별시 관악구_2021,1.0715517723473893,C
서울특별시 서초구_2021,1.2161452223080955,C
서울특별시 강남구_2021,1.4077873990548169,D
서울특별시 송파구_2021,1.2446554830776912,C
서울특별시 강동구_2021,1.029289571128964,C
울산광역시 중구_2021,0.4849652175847624,B
울산광역시 남구_2021,1.077494559419689,C
울산광역시 동구_2021,0.8305839927048426,C
울산광역시 북구_2021,2.7555609938413426,D
울산광역시 울주군_2021,0.6856455136421142,C
인천광역시 강화군_2021,0.2217995440812448,B
인천광역시 옹진군_2021,0.0798267619623347,A
인천광역시 중구_2021,1.1568757364044502,C
인천광역시 동구_2021,0.2374896493482308,B
인천광역시 미추홀구_2021,0.7138063532363128,C
인천광역시 연수구_2021,2.395811350997404,D
인천광역시 남동구_2021,0.9533274886345502,C
인천광역시 부평구_2021,0.7794061008225178,C
인천광역시 계양구_2021,1.1035729199830366,C
인천광역시 서구_2021,2.0503810004775422,D
전라남도 목포시_2021,0.4544823715104839,B
전라남도 여수시_2021,0.3061729943912628,B
전라남도 순천시_2021,0.7157266665333258,C
전라남도 나주시_2021,0.3888085090994274,B
전라남도 광양시_2021,0.8456199663489595,C
전라남도 담양군_2021,0.1586131941875252,B
전라남도 곡성군_2021,0.0060016449700934,A
전라남도 구례군_2021,0.0122889137724213,A
전라남도 고흥군_2021,0.0,A
전라남도 보성군_2021,0.0,A
전라남도 화순군_2021,0.2583519731543553,B
전라남도 장흥군_2021,0.0,A
전라남도 강진군_2021,0.0,A
전라남도 해남군_2021,0.0,A
전라남도 영암군_2021,0.0853346745994754,A
전라남도 무안군_2021,0.8320052147775157,C
전라남도 함평군_2021,0.0,A
전라남도 영광군_2021,0.0,A
전라남도 장성군_2021,0.001341808364667,A
전라남도 완도군_2021,0.0,A
전라남도 진도군_2021,0.0,A
전라남도 신안군_2021,0.0163295291562844,A
전북특별자치도 전주시_2021,0.9249706938066836,C
전북특별자치도 군산시_2021,0.3951700255896555,B
전북특별자치도 익산시_2021,0.2985707273439735,B
전북특별자치도 정읍시_2021,0.0679939655358017,A
전북특별자치도 남원시_2021,0.0600105207813444,A
전북특별자치도 김제시_2021,0.0427588061383554,A
전북특별자치도 완주군_2021,0.2313129608096542,B
전북특별자치도 진안군_2021,0.0130712801197093,A
전북특별자치도 무주군_2021,0.0616474823172822,A
전북특별자치도 장수군_2021,0.0,A
전북특별자치도 임실군_2021,0.0,A
전북특별자치도 순창군_2021,0.0,A
전북특별자치도 고창군_2021,0.0,A
전북특별자치도 부안군_2021,0.0,A
제주특별자치도 제주시_2021,0.9632769332969816,C
제주특별자치도 서귀포시_2021,0.4801712983869677,B
충청남도 천안시_2021,1.862431823512092,D
충청남도 공주시_2021,0.1310028697363801,A
충청남도 보령시_2021,0.0767699324531621,A
충청남도 아산시_2021,1.2964768794829828,C
충청남도 서산시_2021,0.470681742540169,B
충청남도 논산시_2021,0.0823436578747737,A
충청남도 계룡시_2021,1.485324343160772,D
충청남도 당진시_2021,0.4348002452826671,B
충청남도 금산군_2021,0.0337727788859929,A
충청남도 부여군_2021,0.0,A
충청남도 서천군_2021,0.0,A
충청남도 청양군_2021,0.0420287172172818,A
충청남도 홍성군_2021,0.2122322484882564,B
충청남도 예산군_2021,0.0399921727460015,A
충청남도 태안군_2021,0.0495952466944663,A
