세종특별자치시_2015,11.2,26.2,0.946,43.1,208949
경기도 수원시_2015,13.8,25.7,0.956,43.8,1183503
경기도 성남시_2015,13.8,22.2,0.962,50.1,957908
경기도 안양시_2015,15.2,24.7,0.956,45.6,592006
경기도 부천시_2015,14.1,25.7,0.958,45.5,842670
경기도 광명시_2015,14.8,25.6,0.957,46.8,340788
경기도 평택시_2015,18,31.2,0.956,41.5,459167
경기도 안산시_2015,16.8,27.5,0.947,37.9,711126
경기도 과천시_2015,10.4,21.4,0.955,52.0,68232
경기도 오산시_2015,16.9,25.7,0.945,46.1,207474
경기도 시흥시_2015,14.6,28.4,0.949,40.8,410101
경기도 군포시_2015,17.5,24.1,0.956,39.0,286588
경기도 의왕시_2015,17.6,26.4,0.961,43.1,157303
경기도 하남시_2015,16.9,27.8,0.956,50.8,164823
경기도 용인시_2015,14.2,25.8,0.959,45.4,978567
경기도 이천시_2015,14.8,24.8,0.954,50.8,204303
경기도 안성시_2015,16.1,31.5,0.95,49.3,182072
경기도 김포시_2015,18.7,25.3,0.962,52.9,358749
경기도 화성시_2015,13.4,28.5,0.958,41.6,624148
경기도 광주시_2015,14.9,26.9,0.94,49.8,316258
경기도 여주시_2015,13.3,28.6,0.935,51.1,108605
경기도 양평군_2015,16.5,25.6,0.952,50.0,105392
경기도 의정부시_2015,16.1,26.4,0.949,41.6,420085
경기도 동두천시_2015,18.5,32.1,0.958,45.2,93920
경기도 고양시_2015,13.9,24.7,0.954,46.2,1016405
경기도 구리시_2015,11.3,23.8,0.969,55.6,182374
경기도 남양주시_2015,14.1,25.6,0.951,48.6,645171
경기도 파주시_2015,12.2,26.5,0.954,42.9,420637
경기도 양주시_2015,15.4,25.8,0.94,44.9,205713
경기도 포천시_2015,14.1,27.9,0.938,45.7,158643
경기도 연천군_2015,18.1,32.2,0.946,46.2,43472
경기도 가평군_2015,16.5,27.1,0.955,50.2,58340
강원특별자치도 춘천시_2015,17.8,29.4,0.943,47.8,265688
강원특별자치도 원주시_2015,21.9,30.3,0.957,41.4,322767
강원특별자치도 강릉시_2015,20.1,29.2,0.966,41.5,206229
강원특별자치도 동해시_2015,17.4,30.9,0.955,45.2,90150
강원특별자치도 태백시_2015,15,27.4,0.957,42.0,44884
강원특별자치도 속초시_2015,15.6,29.6,0.949,46.5,77499
강원특별자치도 삼척시_2015,18.7,32.2,0.964,48.6,67173
강원특별자치도 홍천군_2015,19.7,29.8,0.944,44.1,68217
강원특별자치도 횡성군_2015,18,27.5,0.951,46.4,44324
강원특별자치도 영월군_2015,16.8,31.7,0.951,43.1,38527
강원특별자치도 평창군_2015,19,27.1,0.959,46.9,41967
강원특별자치도 정선군_2015,19.1,28.9,0.954,50.0,37121
강원특별자치도 철원군_2015,7.9,22.5,0.975,56.7,46501
강원특별자치도 화천군_2015,18.9,32.7,0.951,45.5,25926
강원특별자치도 양구군_2015,14.6,32.1,0.96,50.3,22872
강원특별자치도 인제군_2015,20.8,35.7,0.968,59.6,31912
강원특별자치도 고성군_2015,18.6,27.3,0.956,49.6,28545
강원특별자치도 양양군_2015,20.7,33.1,0.946,44.4,25938
경상남도 창원시_2015,17.3,25.5,0.961,39.3,1056394
경상남도 진주시_2015,16.1,22.6,0.95,40.8,335372
경상남도 통영시_2015,15.5,28.6,0.955,37.4,136313
경상남도 사천시_2015,18.8,26.4,0.945,39.6,111944
경상남도 김해시_2015,15.4,27.3,0.964,39.8,530080
경상남도 밀양시_2015,13.5,23.9,0.959,43.1,103736
경상남도 거제시_2015,14,26.1,0.966,40.9,259442
경상남도 양산시_2015,18.8,27.6,0.96,42.4,300515
경상남도 의령군_2015,10.5,27.8,0.943,46.4,28389
경상남도 함안군_2015,12.6,26.7,0.957,42.5,68475
경상남도 창녕군_2015,18.2,29.5,0.954,39.0,61781
경상남도 고성군_2015,21.4,27.0,0.965,45.5,53528
경상남도 남해군_2015,20.6,27.0,0.941,37.3,43867
경상남도 하동군_2015,14.7,28.4,0.929,36.8,47868
경상남도 산청군_2015,13.4,22.3,0.968,39.5,34048
경상남도 함양군_2015,16,27.5,0.938,36.7,38591
경상남도 거창군_2015,22.4,25.4,0.957,49.4,60468
경상남도 합천군_2015,16.5,25.4,0.956,44.7,46389
경상북도 포항시_2015,14.9,26.0,0.958,44.1,503469
경상북도 경주시_2015,15.1,27.6,0.949,37.0,257147
경상북도 김천시_2015,15.6,23.5,0.95,40.7,134856
경상북도 안동시_2015,17.8,28.0,0.965,47.5,160996
경상북도 구미시_2015,17.7,27.6,0.956,34.3,415463
경상북도 영주시_2015,16.2,27.9,0.953,45.4,103687
경상북도 영천시_2015,17.6,26.1,0.942,35.6,96526
경상북도 상주시_2015,14.6,24.0,0.972,47.0,98135
경상북도 문경시_2015,17.7,30.2,0.948,40.4,72319
경상북도 경산시_2015,11.1,25.0,0.957,38.3,251918
대구광역시 군위군_2015,-,28.2,0.954,52.1,23371
경상북도 의성군_2015,12.2,22.9,0.936,39.4,51480
경상북도 청송군_2015,12.7,27.7,0.949,44.5,24970
경상북도 영양군_2015,16.6,26.4,0.954,60.0,16525
경상북도 영덕군_2015,13.7,24.7,0.97,59.4,36978
경상북도 청도군_2015,14.9,27.6,0.949,44.1,41808
경상북도 고령군_2015,14.2,23.9,0.966,32.3,34596
경상북도 성주군_2015,16.6,28.0,0.967,46.0,43703
경상북도 칠곡군_2015,15.9,26.2,0.95,37.9,120710
경상북도 예천군_2015,12.1,26.7,0.952,44.7,42310
경상북도 봉화군_2015,20.7,29.7,0.952,39.8,31874
경상북도 울진군_2015,9.3,25.6,0.952,44.6,48771
경상북도 울릉군_2015,18.3,27.3,0.955,55.2,9754
광주광역시 동구_2015,13.3,25.3,0.954,44.7,90826
광주광역시 서구_2015,13.3,22.1,0.954,44.7,292851
광주광역시 남구_2015,12.8,23.6,0.955,42.4,210064
광주광역시 북구_2015,13.2,24.3,0.953,46.7,423668
광주광역시 광산구_2015,14.3,23.0,0.97,47.8,389605
대구광역시 중구_2015,15.1,24.1,0.956,45.4,76528
대구광역시 동구_2015,12.9,25.3,0.948,38.2,333315
대구광역시 서구_2015,15.1,25.9,0.963,35.4,194832
대구광역시 남구_2015,12.3,24.3,0.973,53.5,148609
대구광역시 북구_2015,14.9,26.2,0.954,39.5,429448
대구광역시 수성구_2015,9.3,22.6,0.974,46.1,435949
대구광역시 달서구_2015,14.9,28.1,0.954,36.4,583189
대구광역시 달성군_2015,14,26.6,0.963,38.8,189088
대전광역시 동구_2015,16,29.4,0.963,51.2,226687
대전광역시 중구_2015,16.5,26.3,0.951,46.3,245502
대전광역시 서구_2015,14.8,23.3,0.956,55.2,479957
대전광역시 유성구_2015,9.4,24.3,0.971,48.3,329340
대전광역시 대덕구_2015,15.9,29.3,0.951,43.6,189417
부산광역시 중구_2015,16.4,26.1,0.952,52.5,45335
부산광역시 서구_2015,17.6,25.5,0.957,47.1,108051
부산광역시 동구_2015,18.3,27.4,0.959,44.3,83176
부산광역시 영도구_2015,18.1,27.7,0.947,40.0,119228
부산광역시 부산진구_2015,19,24.9,0.954,42.2,366512
부산광역시 동래구_2015,14.8,24.2,0.961,50.7,266563
부산광역시 남구_2015,13.8,23.3,0.971,43.7,276642
부산광역시 북구_2015,14.7,26.0,0.964,47.1,297653
부산광역시 해운대구_2015,14.3,25.5,0.967,44.0,412658
부산광역시 사하구_2015,15.6,24.8,0.949,42.7,325483
부산광역시 금정구_2015,15.2,25.2,0.956,47.8,239585
부산광역시 강서구_2015,13.9,28.6,0.971,47.9,94056
부산광역시 연제구_2015,14.3,25.7,0.968,40.7,204424
부산광역시 수영구_2015,15.8,24.6,0.971,53.2,173985
부산광역시 사상구_2015,17.4,26.5,0.947,41.0,228319
부산광역시 기장군_2015,18.1,29.0,0.965,41.0,107689
서울특별시 종로구_2015,14.5,24.2,0.95,51.6,155982
서울특별시 중구_2015,14.9,23.4,0.952,44.0,131175
서울특별시 용산구_2015,16,24.6,0.958,56.8,228126
서울특별시 성동구_2015,13,24.0,0.962,48.7,292125
서울특별시 광진구_2015,13.8,24.7,0.949,48.2,356822
서울특별시 동대문구_2015,18,24.8,0.957,47.4,348895
서울특별시 중랑구_2015,15.4,25.1,0.95,43.7,399838
서울특별시 성북구_2015,14,24.5,0.945,48.6,445974
서울특별시 강북구_2015,13.4,29.5,0.938,48.0,314857
서울특별시 도봉구_2015,16.6,25.6,0.957,45.3,341690
서울특별시 노원구_2015,16.5,23.9,0.967,48.8,549235
서울특별시 은평구_2015,13.9,24.1,0.951,48.8,479294
서울특별시 서대문구_2015,16.4,23.5,0.949,49.7,305516
서울특별시 마포구_2015,13.9,25.0,0.947,47.0,383687
서울특별시 양천구_2015,15.9,22.8,0.958,51.1,476614
서울특별시 강서구_2015,12.7,24.5,0.956,43.1,570722
서울특별시 구로구_2015,11.7,25.1,0.946,43.6,427706
서울특별시 금천구_2015,15.1,29.9,0.954,38.7,236612
서울특별시 영등포구_2015,14.7,26.5,0.962,50.6,390444
서울특별시 동작구_2015,14.3,25.6,0.946,41.6,395933
서울특별시 관악구_2015,15.3,24.1,0.951,45.1,501170
서울특별시 서초구_2015,13.5,23.0,0.961,51.4,453837
서울특별시 강남구_2015,12.8,22.8,0.953,48.7,583900
서울특별시 송파구_2015,14,23.5,0.953,50.6,654652
서울특별시 강동구_2015,14.1,23.4,0.946,48.5,449179
울산광역시 중구_2015,14.1,22.0,0.951,38.0,241246
울산광역시 남구_2015,15,27.0,0.956,44.4,342600
울산광역시 동구_2015,16,25.2,0.966,43.6,176296
울산광역시 북구_2015,15.4,25.7,0.959,41.3,190298
울산광역시 울주군_2015,13.9,25.1,0.968,51.4,225511
인천광역시 강화군_2015,15.6,30.4,0.943,36.9,64402
인천광역시 옹진군_2015,18.3,28.1,0.953,48.9,20382
인천광역시 중구_2015,11.3,27.8,0.96,44.7,112985
인천광역시 동구_2015,14.1,27.3,0.935,44.9,69404
인천광역시 미추홀구_2015,18,25.7,0.954,41.1,393773
인천광역시 연수구_2015,15.4,29.1,0.957,46.3,311519
인천광역시 남동구_2015,16.9,27.8,0.946,42.2,524137
인천광역시 부평구_2015,11.6,27.2,0.942,47.6,537480
인천광역시 계양구_2015,14.3,26.4,0.941,40.9,324509
인천광역시 서구_2015,14.5,24.7,0.961,50.8,501939
전라남도 목포시_2015,15.4,29.6,0.954,43.8,227016
전라남도 여수시_2015,11.4,21.4,0.955,48.4,279362
전라남도 순천시_2015,12.1,25.0,0.957,45.2,271486
전라남도 나주시_2015,13.3,27.8,0.953,50.6,93981
전라남도 광양시_2015,18.9,26.3,0.952,46.9,151302
전라남도 담양군_2015,12.3,27.9,0.956,46.8,45153
전라남도 곡성군_2015,12.8,21.0,0.941,47.7,28767
전라남도 구례군_2015,16.8,24.2,0.951,58.7,25678
전라남도 고흥군_2015,13.5,20.9,0.986,59.5,64479
전라남도 보성군_2015,13.7,27.6,0.95,47.4,42498
전라남도 화순군_2015,10.6,25.6,0.947,45.8,62716
전라남도 장흥군_2015,7,25.8,0.957,48.6,43203
전라남도 강진군_2015,16.9,26.5,0.952,53.0,36710
전라남도 해남군_2015,16.4,23.7,0.964,54.6,72210
전라남도 영암군_2015,13.7,25.8,0.968,55.7,57569
전라남도 무안군_2015,15.4,24.6,0.94,46.2,79041
전라남도 함평군_2015,14.6,33.2,0.928,42.0,33031
전라남도 영광군_2015,9.6,26.1,0.955,45.7,52562
전라남도 장성군_2015,12.9,24.7,0.955,46.3,43975
전라남도 완도군_2015,20.9,29.7,0.946,43.6,50563
전라남도 진도군_2015,19.7,29.7,0.95,37.1,30135
전라남도 신안군_2015,11.3,24.3,0.967,64.3,41034
전북특별자치도 전주시_2015,17.7,25.6,0.963,48.3,628199
전북특별자치도 군산시_2015,10.5,26.5,0.954,51.7,266941
전북특별자치도 익산시_2015,12.5,24.8,0.949,44.3,287463
전북특별자치도 정읍시_2015,15.5,28.0,0.97,42.8,108248
전북특별자치도 남원시_2015,16,24.4,0.964,52.4,79334
전북특별자치도 김제시_2015,8.6,24.1,0.95,45.3,81747
전북특별자치도 완주군_2015,12.4,27.1,0.957,40.5,91309
전북특별자치도 진안군_2015,11.8,27.6,0.933,49.0,24807
전북특별자치도 무주군_2015,13.6,24.7,0.954,39.8,24025
전북특별자치도 장수군_2015,12.4,25.9,0.967,47.1,21886
전북특별자치도 임실군_2015,13.1,21.9,0.966,58.2,28468
전북특별자치도 순창군_2015,11.4,24.4,0.941,48.3,28915
전북특별자치도 고창군_2015,14.9,31.9,0.947,49.0,57156
전북특별자치도 부안군_2015,8.3,25.4,0.956,46.5,53640
제주특별자치도 제주시_2015,13.9,27.7,0.957,50.9,448046
제주특별자치도 서귀포시_2015,16.9,31.1,0.951,44.1,158945
충청남도 천안시_2015,15.4,26.3,0.947,42.8,605780
충청남도 공주시_2015,11.6,28.2,0.956,48.8,106887
충청남도 보령시_2015,21.6,29.5,0.94,42.5,100718
충청남도 아산시_2015,14.9,25.2,0.954,52.3,299746
충청남도 서산시_2015,12.4,21.9,0.95,44.2,169106
충청남도 논산시_2015,15.8,28.8,0.947,47.8,118026
충청남도 계룡시_2015,13.7,26.7,0.964,51.4,41305
충청남도 당진시_2015,17.8,26.4,0.947,36.4,166315
충청남도 금산군_2015,13.9,20.4,0.954,47.8,53172
충청남도 부여군_2015,13,29.7,0.95,50.2,67943
충청남도 서천군_2015,20.9,32.3,0.946,45.0,54237
충청남도 청양군_2015,19.5,32.9,0.937,41.0,31613
충청남도 홍성군_2015,15.6,24.3,0.943,44.2,92389
충청남도 예산군_2015,16,27.7,0.958,46.4,81778
충청남도 태안군_2015,14.6,30.6,0.934,35.5,61664
충청북도 청주시_2015,16.4,25.1,0.951,45.6,816251
충청북도 충주시_2015,13.4,28.7,0.95,49.3,201772
충청북도 제천시_2015,16.4,27.5,0.959,42.2,130518
충청북도 보은군_2015,11.2,26.8,0.958,59.3,32772
충청북도 옥천군_2015,18.6,23.0,0.956,47.6,50284
충청북도 영동군_2015,11.9,23.9,0.953,52.0,48586
충청북도 증평군_2015,12.3,28.7,0.935,38.4,36137
충청북도 진천군_2015,15.2,29.1,0.958,55.4,70178
충청북도 괴산군_2015,13.5,30.2,0.952,52.6,36904
충청북도 음성군_2015,21.2,33.2,0.943,37.0,98409
충청북도 단양군_2015,15.1,32.2,0.952,54.1,29069
세종특별자치시_2016,12.7,30.1,0.958,49.2,241375
경기도 수원시_2016,15,27.3,0.955,42.7,1196110
경기도 성남시_2016,14,24.7,0.951,44.6,966022
경기도 안양시_2016,15.2,27.8,0.96,42.6,592621
경기도 부천시_2016,15.5,29.1,0.956,44.9,846794
경기도 광명시_2016,13.7,26.0,0.959,43.1,336121
경기도 평택시_2016,16,29.4,0.948,41.3,469981
경기도 안산시_2016,15.5,30.3,0.941,38.6,705589
경기도 과천시_2016,11.8,23.0,0.959,51.2,63079
경기도 오산시_2016,13.7,27.4,0.948,41.7,210235
경기도 시흥시_2016,16.1,28.6,0.943,39.0,416987
경기도 군포시_2016,11.2,26.1,0.949,44.6,284685
경기도 의왕시_2016,13.3,28.9,0.948,46.4,156486
경기도 하남시_2016,17.5,26.8,0.95,43.6,209238
경기도 용인시_2016,11.6,24.6,0.964,44.3,994275
경기도 이천시_2016,15.4,26.5,0.955,50.4,209956
경기도 안성시_2016,18.3,28.6,0.953,43.7,185230
경기도 김포시_2016,12.4,28.4,0.959,51.1,373279
경기도 화성시_2016,17.1,27.9,0.96,46.0,671580
경기도 광주시_2016,15,31.8,0.948,42.2,332503
경기도 여주시_2016,13.1,30.1,0.942,47.8,109189
경기도 양평군_2016,18.1,27.6,0.95,46.7,108484
경기도 의정부시_2016,17.2,27.8,0.954,48.3,424653
경기도 동두천시_2016,17.8,32.7,0.927,39.6,94041
경기도 고양시_2016,14.2,27.0,0.959,44.8,1027907
경기도 구리시_2016,13.9,25.8,0.961,56.0,189310
경기도 남양주시_2016,15.3,27.6,0.949,43.4,653823
경기도 파주시_2016,12.4,27.8,0.961,48.1,428854
경기도 양주시_2016,18.9,28.3,0.945,49.8,206181
경기도 포천시_2016,15.9,29.7,0.952,49.0,158670
경기도 연천군_2016,12.6,28.7,0.962,57.1,43985
경기도 가평군_2016,21.9,29.8,0.964,55.7,59330
강원특별자치도 춘천시_2016,18.8,30.4,0.949,42.1,268914
강원특별자치도 원주시_2016,14.4,29.4,0.961,42.4,328302
강원특별자치도 강릉시_2016,17.7,31.6,0.954,41.1,205794
강원특별자치도 동해시_2016,15.7,28.9,0.955,49.9,89691
강원특별자치도 태백시_2016,18.7,29.5,0.957,39.2,44542
강원특별자치도 속초시_2016,17.3,31.2,0.956,47.0,77489
강원특별자치도 삼척시_2016,17.9,32.6,0.966,44.8,66127
강원특별자치도 홍천군_2016,17.6,30.9,0.953,43.9,67992
강원특별자치도 횡성군_2016,14.8,35.2,0.94,48.5,44747
강원특별자치도 영월군_2016,17.2,33.8,0.96,42.5,38329
강원특별자치도 평창군_2016,20.3,32.0,0.934,38.7,41962
강원특별자치도 정선군_2016,20.2,32.4,0.953,43.4,36839
강원특별자치도 철원군_2016,11.4,32.6,0.966,51.6,45929
강원특별자치도 화천군_2016,17.2,33.8,0.958,50.0,25285
강원특별자치도 양구군_2016,19.6,34.4,0.961,48.1,22876
강원특별자치도 인제군_2016,20.3,33.0,0.962,49.1,31556
강원특별자치도 고성군_2016,18.8,31.8,0.963,52.2,28537
강원특별자치도 양양군_2016,17.3,29.1,0.945,40.5,25895
경상남도 창원시_2016,17,27.1,0.961,39.9,1050307
경상남도 진주시_2016,15.8,27.7,0.948,42.1,338041
경상남도 통영시_2016,17.2,27.7,0.947,40.3,134669
경상남도 사천시_2016,16.6,26.6,0.948,42.1,111397
경상남도 김해시_2016,13.9,29.7,0.955,41.7,530376
경상남도 밀양시_2016,15.7,26.2,0.958,37.4,103938
경상남도 거제시_2016,15.7,28.7,0.958,43.4,260698
경상남도 양산시_2016,16.6,32.1,0.961,47.7,312536
경상남도 의령군_2016,13.2,24.9,0.945,45.6,27034
경상남도 함안군_2016,11.4,25.8,0.959,43.5,69264
경상남도 창녕군_2016,12.2,30.6,0.969,39.0,62509
경상남도 고성군_2016,16.2,26.5,0.948,37.8,53274
경상남도 남해군_2016,15.7,33.6,0.939,42.8,43152
경상남도 하동군_2016,14.9,29.5,0.936,43.1,47326
경상남도 산청군_2016,12.4,21.8,0.95,41.3,34377
경상남도 함양군_2016,18.9,30.5,0.942,44.7,38494
경상남도 거창군_2016,18.3,30.0,0.964,47.6,60769
경상남도 합천군_2016,13.9,28.8,0.953,37.4,45543
경상북도 포항시_2016,13.7,25.7,0.963,43.6,500691
경상북도 경주시_2016,16.8,25.4,0.947,31.1,255522
경상북도 김천시_2016,14,26.3,0.963,49.0,137249
경상북도 안동시_2016,15.6,26.7,0.963,42.6,161041
경상북도 구미시_2016,16.4,27.2,0.944,38.0,415562
경상북도 영주시_2016,18.6,28.9,0.95,38.9,103494
경상북도 영천시_2016,16.7,29.7,0.954,36.4,96903
경상북도 상주시_2016,13.3,24.3,0.974,49.1,97807
경상북도 문경시_2016,14.5,29.4,0.942,39.2,71448
경상북도 경산시_2016,15.3,25.4,0.973,39.3,253140
대구광역시 군위군_2016,-,26.8,0.954,50.2,23441
경상북도 의성군_2016,13,25.9,0.932,39.4,51317
경상북도 청송군_2016,9.2,30.6,0.957,45.5,25008
경상북도 영양군_2016,15.8,18.5,0.963,58.8,16457
경상북도 영덕군_2016,11.2,26.2,0.958,48.4,36877
경상북도 청도군_2016,12.9,28.9,0.967,39.6,41977
경상북도 고령군_2016,14.9,29.6,0.964,36.0,34148
경상북도 성주군_2016,11.6,27.4,0.969,37.6,44394
경상북도 칠곡군_2016,13.4,26.3,0.962,36.5,121780
경상북도 예천군_2016,13,27.6,0.958,38.1,44052
경상북도 봉화군_2016,13.8,26.0,0.957,37.8,31746
경상북도 울진군_2016,11.3,28.4,0.947,43.2,49186
경상북도 울릉군_2016,14.4,30.8,0.956,48.9,9603
광주광역시 동구_2016,12.5,27.0,0.95,46.4,88228
광주광역시 서구_2016,15.4,27.7,0.957,45.0,297254
광주광역시 남구_2016,13.5,27.1,0.957,45.3,209262
광주광역시 북구_2016,15.4,23.8,0.951,47.7,420103
광주광역시 광산구_2016,8.8,26.9,0.969,44.2,394081
대구광역시 중구_2016,15,26.3,0.958,48.0,75232
대구광역시 동구_2016,12.1,24.4,0.965,43.6,335425
대구광역시 서구_2016,18.3,28.2,0.973,33.4,188948
대구광역시 남구_2016,13.5,25.9,0.967,48.6,144625
대구광역시 북구_2016,13.5,24.9,0.942,37.7,427677
대구광역시 수성구_2016,10.5,20.2,0.971,49.6,432030
대구광역시 달서구_2016,11.3,26.1,0.953,41.2,574055
대구광역시 달성군_2016,12,27.0,0.964,42.2,214792
대전광역시 동구_2016,13.6,29.5,0.957,49.1,221682
대전광역시 중구_2016,18.3,24.8,0.942,49.0,241714
대전광역시 서구_2016,10.6,21.8,0.962,58.6,478697
대전광역시 유성구_2016,11.9,24.4,0.973,50.7,341674
대전광역시 대덕구_2016,15.2,27.0,0.945,41.6,185704
부산광역시 중구_2016,17.2,29.6,0.944,41.1,42440
부산광역시 서구_2016,15.7,29.8,0.956,47.2,105148
부산광역시 동구_2016,18.9,24.9,0.969,48.5,82265
부산광역시 영도구_2016,13.9,26.7,0.944,40.6,116544
부산광역시 부산진구_2016,16.4,23.9,0.955,46.1,360231
부산광역시 동래구_2016,15.9,25.5,0.951,44.1,265115
부산광역시 남구_2016,14.2,25.5,0.956,42.4,270414
부산광역시 북구_2016,14.3,26.8,0.961,39.1,294538
부산광역시 해운대구_2016,16.4,27.0,0.952,45.6,406977
부산광역시 사하구_2016,16.1,27.0,0.949,37.7,321746
부산광역시 금정구_2016,14,22.2,0.95,48.8,235781
부산광역시 강서구_2016,14.8,28.5,0.948,40.4,112460
부산광역시 연제구_2016,13.7,28.3,0.957,43.6,199511
부산광역시 수영구_2016,11,27.5,0.963,46.3,173601
부산광역시 사상구_2016,14.7,29.9,0.947,43.1,222964
부산광역시 기장군_2016,14.7,27.0,0.954,40.1,154634
서울특별시 종로구_2016,15.4,25.9,0.968,48.7,153090
서울특별시 중구_2016,15.7,25.1,0.948,47.3,129925
서울특별시 용산구_2016,15,23.1,0.962,55.1,224902
서울특별시 성동구_2016,13.4,26.2,0.94,42.9,294915
서울특별시 광진구_2016,14.4,26.6,0.949,42.6,354561
서울특별시 동대문구_2016,15.3,27.0,0.963,45.8,343968
서울특별시 중랑구_2016,16.4,27.9,0.954,41.0,396954
서울특별시 성북구_2016,15,27.7,0.939,45.0,437023
서울특별시 강북구_2016,15.6,28.9,0.95,43.0,310855
서울특별시 도봉구_2016,14.4,27.9,0.959,38.9,338107
서울특별시 노원구_2016,14.3,26.5,0.969,46.5,542435
서울특별시 은평구_2016,13.7,27.3,0.954,43.7,472872
서울특별시 서대문구_2016,13.6,23.0,0.959,54.3,306996
서울특별시 마포구_2016,10.4,22.9,0.963,49.9,375811
서울특별시 양천구_2016,12.6,25.7,0.958,48.6,469776
서울특별시 강서구_2016,11.7,25.7,0.96,46.5,577446
서울특별시 구로구_2016,12.4,28.9,0.952,41.1,426142
서울특별시 금천구_2016,16.8,26.8,0.964,42.5,237810
서울특별시 영등포구_2016,10.7,24.4,0.967,52.1,385897
서울특별시 동작구_2016,11.4,21.5,0.958,48.8,396634
서울특별시 관악구_2016,11.1,26.0,0.95,41.8,499277
서울특별시 서초구_2016,12.8,21.6,0.954,50.3,453624
서울특별시 강남구_2016,11.6,20.9,0.961,54.3,575744
서울특별시 송파구_2016,12.3,21.2,0.956,53.4,647493
서울특별시 강동구_2016,11.4,31.3,0.942,44.8,434589
울산광역시 중구_2016,14.8,23.8,0.969,40.3,238792
울산광역시 남구_2016,14.9,24.5,0.967,46.3,338931
울산광역시 동구_2016,17.6,26.2,0.973,41.2,174787
울산광역시 북구_2016,15.6,30.5,0.952,39.3,195033
울산광역시 울주군_2016,15.4,26.5,0.954,48.3,222126
인천광역시 강화군_2016,12.9,36.7,0.946,42.1,65218
인천광역시 옹진군_2016,25.6,36.2,0.95,47.8,20806
인천광역시 중구_2016,16.5,30.7,0.953,53.3,113582
인천광역시 동구_2016,16.7,32.2,0.949,32.8,68101
인천광역시 미추홀구_2016,17.4,31.1,0.943,39.5,404846
인천광역시 연수구_2016,16.5,26.7,0.96,45.7,323056
인천광역시 남동구_2016,15.1,27.5,0.943,46.7,524187
인천광역시 부평구_2016,13,25.9,0.954,46.2,532209
인천광역시 계양구_2016,17.3,30.2,0.946,42.4,323394
인천광역시 서구_2016,17.4,27.5,0.965,44.8,508538
전라남도 목포시_2016,20.5,31.6,0.947,40.1,226997
전라남도 여수시_2016,14.3,28.3,0.962,39.2,279490
전라남도 순천시_2016,12.5,23.4,0.956,45.5,271763
전라남도 나주시_2016,15.3,31.2,0.95,47.0,99776
전라남도 광양시_2016,16.7,26.4,0.97,46.4,153176
전라남도 담양군_2016,13.4,28.4,0.963,55.8,45550
전라남도 곡성군_2016,10.2,30.4,0.947,41.9,28712
전라남도 구례군_2016,13.8,24.8,0.964,64.6,25927
전라남도 고흥군_2016,9.5,25.7,0.975,66.5,63817
전라남도 보성군_2016,9.5,21.5,0.962,62.9,41948
전라남도 화순군_2016,11,27.1,0.971,56.8,62493
전라남도 장흥군_2016,13.8,32.9,0.957,47.7,38279
전라남도 강진군_2016,11.7,27.3,0.955,51.5,35751
전라남도 해남군_2016,10.4,33.6,0.95,39.6,71457
전라남도 영암군_2016,9.6,33.1,0.948,41.3,58366
전라남도 무안군_2016,10.9,28.4,0.957,49.0,79424
전라남도 함평군_2016,13.8,24.6,0.952,46.0,32693
전라남도 영광군_2016,12.2,32.4,0.952,42.6,52223
전라남도 장성군_2016,11.5,27.7,0.961,48.6,44277
전라남도 완도군_2016,19,31.2,0.96,48.7,50623
전라남도 진도군_2016,14.9,31.9,0.954,45.0,30016
전라남도 신안군_2016,5.2,34.7,0.949,57.5,40602
전북특별자치도 전주시_2016,12.3,27.9,0.957,41.0,628545
전북특별자치도 군산시_2016,15.5,28.8,0.936,43.5,266650
전북특별자치도 익산시_2016,13.3,28.9,0.959,50.1,286746
전북특별자치도 정읍시_2016,14.6,27.5,0.957,37.0,108179
전북특별자치도 남원시_2016,19.1,24.0,0.94,44.6,79064
전북특별자치도 김제시_2016,6.7,33.6,0.953,45.7,81436
전북특별자치도 완주군_2016,12.9,28.0,0.959,42.0,91969
전북특별자치도 진안군_2016,11.8,28.9,0.946,57.7,24720
전북특별자치도 무주군_2016,11.3,26.3,0.945,44.8,23831
전북특별자치도 장수군_2016,13.4,22.2,0.96,49.7,22421
전북특별자치도 임실군_2016,10.3,26.5,0.943,50.3,28613
전북특별자치도 순창군_2016,9,25.6,0.949,54.5,28728
전북특별자치도 고창군_2016,11.3,30.1,0.936,46.5,58020
전북특별자치도 부안군_2016,12.3,31.0,0.952,46.1,54112
제주특별자치도 제주시_2016,17.5,26.8,0.949,45.3,460978
제주특별자치도 서귀포시_2016,16.4,32.5,0.947,43.4,166485
충청남도 천안시_2016,15.5,29.6,0.948,45.4,619590
충청남도 공주시_2016,12.6,24.1,0.959,50.6,105851
충청남도 보령시_2016,17.3,31.6,0.929,33.8,100400
충청남도 아산시_2016,14.6,25.4,0.959,55.7,306181
충청남도 서산시_2016,12.6,27.5,0.95,42.0,170171
충청남도 논산시_2016,17.6,29.4,0.962,45.6,117152
충청남도 계룡시_2016,13,28.2,0.954,46.7,42279
충청남도 당진시_2016,17.5,29.2,0.948,42.1,168225
충청남도 금산군_2016,19.3,30.9,0.938,46.8,53317
충청남도 부여군_2016,18.2,28.7,0.934,44.4,67054
충청남도 서천군_2016,13.6,32.2,0.958,48.6,53770
충청남도 청양군_2016,17,26.7,0.933,39.7,32056
충청남도 홍성군_2016,14.9,29.6,0.938,41.4,97971
충청남도 예산군_2016,14.6,34.5,0.952,45.1,80053
충청남도 태안군_2016,16.1,30.5,0.927,35.0,62362
충청북도 청주시_2016,17.4,27.5,0.957,46.0,820970
충청북도 충주시_2016,18.5,32.7,0.95,47.4,202706
충청북도 제천시_2016,16.4,27.8,0.95,43.7,131193
충청북도 보은군_2016,12.9,26.2,0.965,54.2,32681
충청북도 옥천군_2016,13.9,23.6,0.963,42.6,50407
충청북도 영동군_2016,11.9,30.4,0.945,52.3,48630
충청북도 증평군_2016,13.8,32.3,0.945,42.1,36672
충청북도 진천군_2016,14.3,31.8,0.946,52.7,72653
충청북도 괴산군_2016,15.1,35.0,0.944,49.0,37526
충청북도 음성군_2016,21.5,31.0,0.961,39.5,100654
충청북도 단양군_2016,18,32.3,0.954,44.3,28972
세종특별자치시_2017,13.2,27.7,0.959,48.8,266094
경기도 수원시_2017,13.7,28.6,0.957,43.8,1208337
경기도 성남시_2017,15.7,24.7,0.952,43.7,960704
경기도 안양시_2017,13.1,27.0,0.961,43.6,584483
경기도 부천시_2017,17.3,26.8,0.955,46.2,848285
경기도 광명시_2017,16.7,26.1,0.963,45.7,330561
경기도 평택시_2017,15.2,30.3,0.938,38.0,481568
경기도 안산시_2017,19,30.6,0.944,41.9,693450
경기도 과천시_2017,6.5,19.7,0.963,50.7,56849
경기도 오산시_2017,16.6,30.5,0.951,42.2,216103
경기도 시흥시_2017,17.1,28.9,0.941,39.2,436348
경기도 군포시_2017,13.2,28.2,0.958,41.5,281873
경기도 의왕시_2017,14.9,26.0,0.954,42.0,155511
경기도 하남시_2017,15.8,29.3,0.964,47.4,231110
경기도 용인시_2017,12.9,24.8,0.964,44.2,1008711
경기도 이천시_2017,11.7,31.4,0.957,47.0,213400
경기도 안성시_2017,17.4,31.1,0.961,39.7,186368
경기도 김포시_2017,10.5,30.3,0.967,49.3,398291
경기도 화성시_2017,14.6,30.8,0.969,45.1,725268
경기도 광주시_2017,17.3,26.6,0.966,49.3,351816
경기도 여주시_2017,16.8,29.9,0.94,47.4,109856
경기도 양평군_2017,16.3,25.7,0.953,48.3,112410
경기도 의정부시_2017,16.2,31.7,0.958,41.6,427604
경기도 동두천시_2017,21,32.0,0.966,53.5,93099
경기도 고양시_2017,13.6,27.0,0.955,44.7,1032205
경기도 구리시_2017,15.2,25.5,0.956,52.1,195608
경기도 남양주시_2017,14.4,26.7,0.951,40.2,657911
경기도 파주시_2017,13.9,32.1,0.972,43.4,436727
경기도 양주시_2017,12.2,35.4,0.962,43.3,212590
경기도 포천시_2017,21.7,31.9,0.934,44.8,156913
경기도 연천군_2017,18.2,29.2,0.971,52.0,43436
경기도 가평군_2017,16.7,29.3,0.971,58.7,60094
강원특별자치도 춘천시_2017,18,30.5,0.97,50.6,269337
강원특별자치도 원주시_2017,19.4,30.7,0.961,38.8,332325
강원특별자치도 강릉시_2017,18.9,31.4,0.947,42.7,206345
강원특별자치도 동해시_2017,16.2,31.6,0.954,44.7,89428
강원특별자치도 태백시_2017,18.4,28.3,0.954,46.2,43450
강원특별자치도 속초시_2017,18.8,31.2,0.975,57.8,78450
강원특별자치도 삼척시_2017,14.8,31.7,0.956,50.2,65397
강원특별자치도 홍천군_2017,18.4,39.0,0.944,40.2,68453
강원특별자치도 횡성군_2017,23.1,30.3,0.944,42.1,45180
강원특별자치도 영월군_2017,18.3,35.1,0.942,41.2,38259
강원특별자치도 평창군_2017,23.4,34.2,0.947,43.8,41850
강원특별자치도 정선군_2017,13.7,33.0,0.961,41.6,36426
강원특별자치도 철원군_2017,13.5,29.1,0.977,46.7,45187
강원특별자치도 화천군_2017,16.8,37.3,0.942,49.5,25116
강원특별자치도 양구군_2017,17.9,37.8,0.968,53.4,22820
강원특별자치도 인제군_2017,18.2,35.7,0.962,51.4,31581
강원특별자치도 고성군_2017,11.9,31.1,0.966,49.6,28558
강원특별자치도 양양군_2017,16.9,29.8,0.963,52.3,25947
경상남도 창원시_2017,15.8,27.8,0.963,40.8,1043754
경상남도 진주시_2017,17,28.8,0.969,45.5,336959
경상남도 통영시_2017,18.8,27.5,0.954,40.7,131920
경상남도 사천시_2017,15.5,27.1,0.967,35.4,111276
경상남도 김해시_2017,13.5,27.6,0.964,39.0,533269
경상남도 밀양시_2017,12.2,28.8,0.961,41.8,103634
경상남도 거제시_2017,15.3,27.5,0.962,36.9,255510
경상남도 양산시_2017,19,27.5,0.97,43.7,334430
경상남도 의령군_2017,18.3,35.2,0.951,39.5,26889
경상남도 함안군_2017,13.4,32.1,0.955,51.0,68768
경상남도 창녕군_2017,15.6,26.5,0.972,51.8,62820
경상남도 고성군_2017,17.4,28.6,0.969,44.1,52455
경상남도 남해군_2017,22,29.7,0.961,45.7,42871
경상남도 하동군_2017,13.4,29.2,0.952,44.9,46825
경상남도 산청군_2017,12,29.6,0.957,53.8,34860
경상남도 함양군_2017,15.9,23.2,0.961,41.7,38528
경상남도 거창군_2017,17.3,23.4,0.96,43.4,60336
경상남도 합천군_2017,15.1,29.4,0.964,48.3,44804
경상북도 포항시_2017,16.6,30.4,0.967,45.1,498252
경상북도 경주시_2017,15.5,29.1,0.946,38.9,254477
경상북도 김천시_2017,13.7,31.6,0.968,53.5,138255
경상북도 안동시_2017,15.8,27.8,0.97,56.9,159155
경상북도 구미시_2017,17.8,31.5,0.956,34.1,418108
경상북도 영주시_2017,18,29.9,0.949,36.4,103037
경상북도 영천시_2017,16,30.9,0.953,35.8,97317
경상북도 상주시_2017,12.4,27.5,0.976,48.4,97308
경상북도 문경시_2017,16,32.0,0.95,46.2,70388
경상북도 경산시_2017,15.4,28.2,0.968,44.0,254828
대구광역시 군위군_2017,-,27.5,0.955,44.8,23481
경상북도 의성군_2017,18.1,31.4,0.948,43.9,50857
경상북도 청송군_2017,16.3,28.1,0.957,46.5,24822
경상북도 영양군_2017,11.6,28.4,0.969,43.4,16311
경상북도 영덕군_2017,8.9,26.3,0.971,55.5,36480
경상북도 청도군_2017,11.4,33.1,0.957,47.8,41839
경상북도 고령군_2017,17.4,36.0,0.97,36.6,33693
경상북도 성주군_2017,10.5,28.7,0.963,46.9,44476
경상북도 칠곡군_2017,14,30.0,0.949,39.1,119538
경상북도 예천군_2017,14.6,28.6,0.965,43.1,47152
경상북도 봉화군_2017,16.7,35.6,0.961,37.9,31678
경상북도 울진군_2017,15.1,25.7,0.954,45.7,48721
경상북도 울릉군_2017,6.9,33.5,0.968,49.7,9613
광주광역시 동구_2017,13.7,27.0,0.953,42.1,88550
광주광역시 서구_2017,14,28.5,0.966,47.1,295260
광주광역시 남구_2017,13.4,26.7,0.967,44.4,208842
광주광역시 북구_2017,12.8,25.1,0.949,43.5,419021
광주광역시 광산구_2017,10.4,29.4,0.949,50.6,396484
대구광역시 중구_2017,11.3,28.0,0.95,41.6,74805
대구광역시 동구_2017,13.7,27.5,0.956,39.1,334221
대구광역시 서구_2017,17.2,27.2,0.968,33.8,181765
대구광역시 남구_2017,11.7,23.6,0.968,53.4,141431
대구광역시 북구_2017,13.6,25.0,0.959,36.8,429606
대구광역시 수성구_2017,10.4,23.4,0.976,46.0,425370
대구광역시 달서구_2017,12.1,28.6,0.955,40.6,561133
대구광역시 달성군_2017,14.8,28.3,0.969,50.8,240123
대전광역시 동구_2017,16.8,32.6,0.965,53.8,218565
대전광역시 중구_2017,16.8,24.7,0.965,45.8,239694
대전광역시 서구_2017,11.2,22.7,0.957,51.2,477567
대전광역시 유성구_2017,7.9,24.7,0.972,56.4,350565
대전광역시 대덕구_2017,13.7,27.7,0.955,44.8,181255
부산광역시 중구_2017,16.1,28.9,0.954,42.4,41502
부산광역시 서구_2017,16.8,27.3,0.963,47.7,102469
부산광역시 동구_2017,21.4,26.9,0.955,33.7,81460
부산광역시 영도구_2017,15.9,28.6,0.952,44.0,113905
부산광역시 부산진구_2017,12.9,28.3,0.958,37.2,356091
부산광역시 동래구_2017,12,25.0,0.958,50.5,263695
부산광역시 남구_2017,16.9,26.4,0.948,41.5,266035
부산광역시 북구_2017,16.6,25.5,0.962,44.4,287646
부산광역시 해운대구_2017,14.7,26.5,0.962,44.6,400243
부산광역시 사하구_2017,16.9,24.5,0.95,38.1,320502
부산광역시 금정구_2017,13.3,18.3,0.961,47.0,235918
부산광역시 강서구_2017,15.7,27.8,0.95,40.9,120986
부산광역시 연제구_2017,15.6,23.3,0.963,46.9,199565
부산광역시 수영구_2017,10.3,27.9,0.975,43.5,174298
부산광역시 사상구_2017,15.8,27.6,0.954,38.6,219803
부산광역시 기장군_2017,14.2,26.9,0.957,41.7,157683
서울특별시 종로구_2017,14.6,25.3,0.957,49.3,155238
서울특별시 중구_2017,11.7,24.0,0.958,50.9,130605
서울특별시 용산구_2017,12.3,25.7,0.959,55.5,224494
서울특별시 성동구_2017,14.9,26.4,0.948,50.1,301411
서울특별시 광진구_2017,11.3,25.2,0.951,49.5,355894
서울특별시 동대문구_2017,18.6,26.8,0.954,41.9,340376
서울특별시 중랑구_2017,18.2,30.7,0.95,42.5,394547
서울특별시 성북구_2017,16.1,22.9,0.946,44.0,431748
서울특별시 강북구_2017,17,29.1,0.943,38.6,308930
서울특별시 도봉구_2017,15.6,27.9,0.944,40.5,333918
서울특별시 노원구_2017,14.2,27.1,0.97,43.7,530715
서울특별시 은평구_2017,14.8,27.5,0.958,45.7,469182
서울특별시 서대문구_2017,15.1,26.1,0.969,52.7,305790
서울특별시 마포구_2017,13.1,22.4,0.967,42.2,370990
서울특별시 양천구_2017,16.3,25.3,0.957,47.9,463917
서울특별시 강서구_2017,13.5,25.3,0.954,40.8,585420
서울특별시 구로구_2017,14.3,27.7,0.956,42.4,422241
서울특별시 금천구_2017,19.4,28.7,0.958,42.3,239417
서울특별시 영등포구_2017,15.6,26.5,0.967,54.0,385543
서울특별시 동작구_2017,12.7,25.0,0.954,45.7,392843
서울특별시 관악구_2017,12.4,25.0,0.96,55.8,497033
서울특별시 서초구_2017,9.5,24.3,0.951,52.4,447994
서울특별시 강남구_2017,9.6,23.1,0.965,56.3,566636
서울특별시 송파구_2017,11.9,21.6,0.954,59.6,647859
서울특별시 강동구_2017,12.1,24.6,0.961,52.0,427698
울산광역시 중구_2017,15.5,26.9,0.969,49.1,235147
울산광역시 남구_2017,16.2,25.5,0.955,44.7,333469
울산광역시 동구_2017,17.3,26.7,0.976,42.7,169322
울산광역시 북구_2017,14.7,29.2,0.968,41.0,200303
울산광역시 울주군_2017,17.4,26.4,0.975,53.0,223030
인천광역시 강화군_2017,12.9,31.6,0.954,42.5,66259
인천광역시 옹진군_2017,27.1,29.9,0.962,50.8,21114
인천광역시 중구_2017,18.9,27.2,0.959,44.9,116599
인천광역시 동구_2017,16.2,30.7,0.962,34.1,66819
인천광역시 미추홀구_2017,18.7,31.6,0.955,38.7,407216
인천광역시 연수구_2017,15.9,29.0,0.962,45.8,330936
인천광역시 남동구_2017,18.8,30.4,0.942,38.8,530556
인천광역시 부평구_2017,12.9,30.7,0.951,46.3,524948
인천광역시 계양구_2017,18.1,28.1,0.953,44.8,317000
인천광역시 서구_2017,15.7,29.5,0.954,46.9,515060
전라남도 목포시_2017,17.7,32.7,0.962,44.9,223837
전라남도 여수시_2017,14.6,30.6,0.96,43.7,277971
전라남도 순천시_2017,15.9,27.9,0.958,43.3,273252
전라남도 나주시_2017,12.4,30.8,0.945,43.5,105975
전라남도 광양시_2017,15,24.1,0.96,43.1,153457
전라남도 담양군_2017,8.3,30.5,0.962,49.5,45648
전라남도 곡성군_2017,11.6,32.4,0.952,46.1,28622
전라남도 구례군_2017,15.8,30.0,0.971,59.4,26217
전라남도 고흥군_2017,8.5,24.3,0.975,60.3,63177
전라남도 보성군_2017,12.2,27.2,0.959,54.3,41394
전라남도 화순군_2017,15,24.3,0.95,48.5,62128
전라남도 장흥군_2017,21.1,32.3,0.972,45.4,37894
전라남도 강진군_2017,13.2,28.7,0.968,58.5,34953
전라남도 해남군_2017,16,29.9,0.948,43.8,70296
전라남도 영암군_2017,15.3,27.5,0.956,47.7,56082
전라남도 무안군_2017,12.8,27.4,0.956,55.7,80465
전라남도 함평군_2017,12.8,23.7,0.966,68.6,32815
전라남도 영광군_2017,11,30.4,0.952,42.1,51761
전라남도 장성군_2017,8.7,25.9,0.949,53.2,44587
전라남도 완도군_2017,23.9,33.2,0.968,52.3,50291
전라남도 진도군_2017,14.7,29.7,0.958,51.3,29874
전라남도 신안군_2017,10.1,28.4,0.954,52.7,40224
전북특별자치도 전주시_2017,9,25.5,0.958,48.4,627038
전북특별자치도 군산시_2017,12.2,31.0,0.947,41.4,264190
전북특별자치도 익산시_2017,15.2,30.6,0.95,38.0,286999
전북특별자치도 정읍시_2017,15.2,27.7,0.945,39.8,107483
전북특별자치도 남원시_2017,17.1,28.6,0.945,45.1,78649
전북특별자치도 김제시_2017,10.1,26.5,0.941,43.3,81173
전북특별자치도 완주군_2017,8.4,28.0,0.959,39.7,92777
전북특별자치도 진안군_2017,8.1,23.2,0.956,50.6,25110
전북특별자치도 무주군_2017,11.9,30.8,0.948,51.3,23792
전북특별자치도 장수군_2017,10.8,30.7,0.962,64.0,21868
전북특별자치도 임실군_2017,7.2,27.3,0.949,53.6,28697
전북특별자치도 순창군_2017,10.3,26.6,0.964,54.6,28594
전북특별자치도 고창군_2017,14,28.8,0.927,49.0,58004
전북특별자치도 부안군_2017,15.6,32.5,0.95,43.2,53387
제주특별자치도 제주시_2017,13.5,28.6,0.964,46.5,470835
제주특별자치도 서귀포시_2017,16.1,32.1,0.955,45.2,174954
충청남도 천안시_2017,15.8,27.3,0.938,40.2,634561
충청남도 공주시_2017,17,29.6,0.953,45.1,105299
충청남도 보령시_2017,21.6,26.0,0.935,38.2,100267
충청남도 아산시_2017,14.8,29.5,0.95,51.1,316386
충청남도 서산시_2017,16.2,29.8,0.942,44.7,171643
충청남도 논산시_2017,17.5,31.3,0.961,48.1,116951
충청남도 계룡시_2017,14.9,27.2,0.964,47.1,43845
충청남도 당진시_2017,20,27.5,0.953,37.1,169547
충청남도 금산군_2017,16.4,29.1,0.929,34.5,52747
충청남도 부여군_2017,12.7,37.3,0.956,50.5,66061
충청남도 서천군_2017,12.1,32.9,0.962,40.2,53110
충청남도 청양군_2017,17.9,32.3,0.936,44.8,32288
충청남도 홍성군_2017,15.3,28.0,0.957,43.1,98695
충청남도 예산군_2017,15.2,35.8,0.959,43.9,79848
충청남도 태안군_2017,16.2,33.1,0.946,42.9,62519
충청북도 청주시_2017,15.5,28.5,0.955,45.9,823380
충청북도 충주시_2017,20.6,28.2,0.969,47.1,203479
충청북도 제천시_2017,23.5,31.5,0.955,42.8,130887
충청북도 보은군_2017,17.8,33.8,0.96,57.4,32696
충청북도 옥천군_2017,18,30.7,0.963,53.5,50095
충청북도 영동군_2017,11,27.8,0.956,51.5,48495
충청북도 증평군_2017,17.8,30.6,0.949,40.6,37159
충청북도 진천군_2017,14.5,31.3,0.957,56.7,77045
충청북도 괴산군_2017,18.4,30.3,0.949,44.1,37781
충청북도 음성군_2017,17.6,27.9,0.948,45.5,101126
충청북도 단양군_2017,16.9,33.7,0.966,46.4,28844
세종특별자치시_2018,11,27.8,0.943,43.6,313774
경기도 수원시_2018,14.7,30.8,0.966,37.8,1209139
경기도 성남시_2018,12.6,26.7,0.958,45.2,947723
경기도 안양시_2018,13.7,32.8,0.964,40.2,574033
경기도 부천시_2018,15.4,30.9,0.961,48.1,844379
경기도 광명시_2018,13.6,28.7,0.965,38.5,325028
경기도 평택시_2018,13.3,34.3,0.953,34.3,499044
경기도 안산시_2018,17.9,33.6,0.947,31.6,682102
경기도 과천시_2018,8.9,25.0,0.966,48.9,57715
경기도 오산시_2018,15.8,32.6,0.954,33.2,224022
경기도 시흥시_2018,12.4,32.5,0.96,45.5,467797
경기도 군포시_2018,14.1,28.8,0.955,40.3,277497
경기도 의왕시_2018,16.1,33.2,0.963,37.3,153474
경기도 하남시_2018,18.2,31.0,0.961,41.0,252972
경기도 용인시_2018,13.6,29.4,0.966,41.1,1040075
경기도 이천시_2018,16.3,31.8,0.961,48.3,214890
경기도 안성시_2018,19.5,31.2,0.96,38.6,187956
경기도 김포시_2018,12.2,29.1,0.955,37.2,435870
경기도 화성시_2018,14.4,29.9,0.963,47.3,794322
경기도 광주시_2018,18,27.9,0.97,49.1,370226
경기도 여주시_2018,19,33.1,0.94,38.8,109503
경기도 양평군_2018,14.8,30.4,0.947,41.7,113357
경기도 의정부시_2018,14.7,33.6,0.969,48.7,433969
경기도 동두천시_2018,16.9,34.3,0.957,54.2,92256
경기도 고양시_2018,13.4,29.0,0.961,40.8,1034355
경기도 구리시_2018,14.1,31.2,0.964,51.4,199318
경기도 남양주시_2018,12.8,29.7,0.943,34.3,674491
경기도 파주시_2018,12.6,33.6,0.954,43.9,451325
경기도 양주시_2018,18,34.4,0.974,44.7,216637
경기도 포천시_2018,15.7,33.3,0.956,47.6,154976
경기도 연천군_2018,16.1,33.2,0.966,51.5,42676
경기도 가평군_2018,15.8,31.9,0.97,59.9,60257
강원특별자치도 춘천시_2018,17,28.7,0.966,49.8,269586
강원특별자치도 원주시_2018,18.2,37.0,0.95,42.2,335062
강원특별자치도 강릉시_2018,16.3,32.4,0.961,41.5,205260
강원특별자치도 동해시_2018,18.2,36.8,0.951,39.5,87930
강원특별자치도 태백시_2018,23.8,35.4,0.962,43.0,42369
강원특별자치도 속초시_2018,13.4,32.0,0.967,57.5,78093
강원특별자치도 삼척시_2018,17.2,35.2,0.947,53.0,65253
강원특별자치도 홍천군_2018,21.7,37.4,0.957,36.9,68156
강원특별자치도 횡성군_2018,18.1,35.3,0.956,47.0,45573
강원특별자치도 영월군_2018,23.2,38.4,0.946,41.6,38152
강원특별자치도 평창군_2018,18.1,33.6,0.963,42.7,41388
강원특별자치도 정선군_2018,16.8,41.0,0.961,45.9,36112
강원특별자치도 철원군_2018,14.6,41.0,0.967,49.2,44513
강원특별자치도 화천군_2018,18.7,41.0,0.955,49.5,24205
강원특별자치도 양구군_2018,21.9,34.2,0.965,47.1,22414
강원특별자치도 인제군_2018,22,36.0,0.951,42.8,31068
강원특별자치도 고성군_2018,19,33.5,0.965,37.3,27041
강원특별자치도 양양군_2018,20,36.6,0.966,50.0,26086
경상남도 창원시_2018,15.1,30.2,0.965,35.3,1040310
경상남도 진주시_2018,17.6,33.2,0.968,42.5,338070
경상남도 통영시_2018,18.4,31.2,0.944,37.4,129707
경상남도 사천시_2018,16.7,26.9,0.976,44.0,111000
경상남도 김해시_2018,16.1,31.6,0.952,32.1,534239
경상남도 밀양시_2018,16.3,38.6,0.961,37.9,102655
경상남도 거제시_2018,16.6,34.1,0.955,37.5,250763
경상남도 양산시_2018,14.8,31.9,0.972,47.4,344518
경상남도 의령군_2018,22.1,28.1,0.965,49.0,26646
경상남도 함안군_2018,13.3,34.2,0.959,46.3,67545
경상남도 창녕군_2018,13.4,32.0,0.98,51.6,62304
경상남도 고성군_2018,16.7,28.4,0.972,42.3,51547
경상남도 남해군_2018,19.3,32.0,0.958,37.9,42237
경상남도 하동군_2018,15.6,33.2,0.958,38.2,45468
경상남도 산청군_2018,17.8,25.5,0.967,47.1,34528
경상남도 함양군_2018,13.9,27.4,0.96,35.4,38442
경상남도 거창군_2018,12.5,29.9,0.966,43.6,60077
경상남도 합천군_2018,19.6,28.8,0.957,34.2,43804
경상북도 포항시_2018,12.1,32.9,0.959,39.8,494513
경상북도 경주시_2018,20.3,30.0,0.948,42.4,253506
경상북도 김천시_2018,13.3,32.8,0.96,44.5,136733
경상북도 안동시_2018,12.9,29.7,0.947,35.6,155227
경상북도 구미시_2018,18.2,31.8,0.965,32.0,417734
경상북도 영주시_2018,12.2,30.5,0.96,30.1,101761
경상북도 영천시_2018,15.5,29.7,0.953,34.7,98447
경상북도 상주시_2018,18.5,28.5,0.975,50.4,96798
경상북도 문경시_2018,14.4,32.6,0.952,37.0,69217
경상북도 경산시_2018,15.8,31.1,0.966,45.4,256364
대구광역시 군위군_2018,-,37.4,0.966,44.5,23196
경상북도 의성군_2018,11.7,29.1,0.945,46.5,50498
경상북도 청송군_2018,12.5,37.9,0.96,41.5,24601
경상북도 영양군_2018,13.4,23.3,0.97,55.3,16262
경상북도 영덕군_2018,12.6,33.8,0.954,52.4,36079
경상북도 청도군_2018,13.8,31.7,0.969,40.6,41618
경상북도 고령군_2018,16.8,34.0,0.974,33.8,32926
경상북도 성주군_2018,10.5,24.9,0.972,53.1,44166
경상북도 칠곡군_2018,13.2,34.4,0.951,33.8,117578
경상북도 예천군_2018,11.5,25.4,0.972,36.0,51332
경상북도 봉화군_2018,14.9,33.0,0.958,37.8,31382
경상북도 울진군_2018,14.7,30.0,0.956,36.9,47894
경상북도 울릉군_2018,13.1,35.2,0.964,47.0,9522
광주광역시 동구_2018,13,29.3,0.959,35.7,88045
광주광역시 서구_2018,11.6,29.6,0.974,45.3,292412
광주광역시 남구_2018,14.3,30.6,0.972,42.4,207303
광주광역시 북구_2018,12.9,29.7,0.959,38.5,420351
광주광역시 광산구_2018,12.2,29.0,0.96,40.3,397522
대구광역시 중구_2018,12.3,23.0,0.969,66.3,75505
대구광역시 동구_2018,14.1,30.8,0.966,41.4,336143
대구광역시 서구_2018,16.4,32.4,0.973,32.4,174326
대구광역시 남구_2018,13.4,27.2,0.961,46.9,139061
대구광역시 북구_2018,11.6,28.4,0.96,33.4,427997
대구광역시 수성구_2018,9,23.9,0.979,46.1,419443
대구광역시 달서구_2018,10.8,26.9,0.964,37.5,556611
대구광역시 달성군_2018,12.2,33.0,0.97,42.8,247479
대전광역시 동구_2018,16.3,33.2,0.953,57.0,217173
대전광역시 중구_2018,14.4,28.2,0.975,53.7,234542
대전광역시 서구_2018,12.1,31.2,0.966,44.6,472906
대전광역시 유성구_2018,7.6,27.3,0.972,48.7,348889
대전광역시 대덕구_2018,15.2,30.5,0.962,39.1,175674
부산광역시 중구_2018,20.2,31.8,0.964,42.7,40050
부산광역시 서구_2018,18.5,31.2,0.964,43.1,103271
부산광역시 동구_2018,17.6,28.8,0.943,33.3,79931
부산광역시 영도구_2018,16.4,34.3,0.949,42.0,110412
부산광역시 부산진구_2018,18.1,25.9,0.968,45.9,347239
부산광역시 동래구_2018,12.8,27.3,0.964,52.2,259611
부산광역시 남구_2018,17.3,31.2,0.957,42.5,272155
부산광역시 북구_2018,17.7,28.6,0.972,42.3,281967
부산광역시 해운대구_2018,19.4,28.4,0.967,32.8,397552
부산광역시 사하구_2018,16.5,29.2,0.949,34.8,314747
부산광역시 금정구_2018,21.8,18.7,0.96,46.7,234335
부산광역시 강서구_2018,13.2,32.9,0.955,36.1,126409
부산광역시 연제구_2018,19.3,31.3,0.96,34.7,200646
부산광역시 수영구_2018,12.9,26.3,0.966,38.4,170654
부산광역시 사상구_2018,18,33.0,0.961,34.4,213870
부산광역시 기장군_2018,13.2,33.0,0.972,44.5,160646
서울특별시 종로구_2018,11.2,32.5,0.952,46.4,153542
서울특별시 중구_2018,14.7,26.1,0.956,42.4,131246
서울특별시 용산구_2018,11.9,24.0,0.969,55.1,224489
서울특별시 성동구_2018,15.6,29.3,0.953,40.2,304980
서울특별시 광진구_2018,14.1,30.4,0.952,46.0,353629
서울특별시 동대문구_2018,15.6,29.4,0.979,35.8,337963
서울특별시 중랑구_2018,18.3,34.1,0.957,45.7,388971
서울특별시 성북구_2018,18.8,32.2,0.947,41.1,423885
서울특별시 강북구_2018,16.2,29.3,0.951,40.4,303261
서울특별시 도봉구_2018,16,27.5,0.952,34.1,328899
서울특별시 노원구_2018,11.2,30.4,0.972,41.0,519776
서울특별시 은평구_2018,14.4,33.6,0.95,38.6,465229
서울특별시 서대문구_2018,15.1,28.3,0.972,52.5,303024
서울특별시 마포구_2018,13.8,25.6,0.974,59.7,371013
서울특별시 양천구_2018,13.3,29.1,0.955,47.2,456520
서울특별시 강서구_2018,13.7,30.7,0.971,34.1,580269
서울특별시 구로구_2018,12.6,30.3,0.971,44.9,418583
서울특별시 금천구_2018,15.1,28.2,0.964,46.2,240030
서울특별시 영등포구_2018,13.5,29.2,0.976,50.8,387807
서울특별시 동작구_2018,13.1,27.4,0.946,32.0,392451
서울특별시 관악구_2018,14.5,26.1,0.963,48.6,495816
서울특별시 서초구_2018,10.7,24.1,0.961,54.6,440520
서울특별시 강남구_2018,13.4,24.1,0.964,42.8,554210
서울특별시 송파구_2018,10.1,25.1,0.968,63.2,662644
서울특별시 강동구_2018,11.1,29.6,0.963,55.6,418746
울산광역시 중구_2018,17.3,28.4,0.967,44.7,228374
울산광역시 남구_2018,16.6,26.6,0.965,48.0,328741
울산광역시 동구_2018,15.6,28.8,0.976,44.2,163879
울산광역시 북구_2018,13,32.0,0.959,37.4,206088
울산광역시 울주군_2018,13.5,28.4,0.979,60.1,224171
인천광역시 강화군_2018,13.3,34.8,0.943,34.2,66387
인천광역시 옹진군_2018,19.4,45.4,0.964,40.0,20531
인천광역시 중구_2018,12.2,35.0,0.961,42.7,121033
인천광역시 동구_2018,15.2,35.3,0.959,31.9,63642
인천광역시 미추홀구_2018,15.7,31.2,0.946,33.5,404105
인천광역시 연수구_2018,16.6,29.5,0.963,38.4,343475
인천광역시 남동구_2018,15.9,31.4,0.948,37.9,531600
인천광역시 부평구_2018,15.1,29.7,0.958,34.8,511028
인천광역시 계양구_2018,18.4,32.8,0.948,42.8,305521
인천광역시 서구_2018,15.3,34.7,0.948,33.9,537697
전라남도 목포시_2018,16.8,34.0,0.964,48.6,221977
전라남도 여수시_2018,15.4,32.7,0.959,37.6,275833
전라남도 순천시_2018,16.4,28.4,0.967,38.9,273516
전라남도 나주시_2018,15.4,33.1,0.947,43.2,110033
전라남도 광양시_2018,14.1,30.8,0.961,39.2,154526
전라남도 담양군_2018,17.4,37.3,0.957,48.0,45305
전라남도 곡성군_2018,7.7,32.6,0.949,43.8,28179
전라남도 구례군_2018,17.1,33.1,0.962,62.3,25945
전라남도 고흥군_2018,7.3,36.8,0.975,59.7,62350
전라남도 보성군_2018,15.1,37.6,0.959,52.0,40618
전라남도 화순군_2018,17.3,29.2,0.948,42.4,61514
전라남도 장흥군_2018,16.3,32.0,0.966,36.2,37223
전라남도 강진군_2018,18.8,30.8,0.964,55.7,34339
전라남도 해남군_2018,17.3,37.1,0.974,51.5,69026
전라남도 영암군_2018,13.3,35.1,0.956,45.0,55655
전라남도 무안군_2018,11,32.7,0.953,51.2,79737
전라남도 함평군_2018,8.4,27.1,0.973,61.7,31974
전라남도 영광군_2018,18.8,39.6,0.953,35.6,51381
전라남도 장성군_2018,15.7,32.0,0.957,48.6,44388
전라남도 완도군_2018,10.8,39.6,0.959,54.9,49699
전라남도 진도군_2018,19.4,39.5,0.955,39.3,29474
전라남도 신안군_2018,13.5,38.4,0.935,41.4,39532
전북특별자치도 전주시_2018,13,32.7,0.948,31.9,629719
전북특별자치도 군산시_2018,13.6,31.7,0.963,39.1,262083
전북특별자치도 익산시_2018,14.9,29.4,0.951,43.4,281106
전북특별자치도 정읍시_2018,13.2,32.9,0.961,43.5,106357
전북특별자치도 남원시_2018,16.3,32.8,0.958,46.7,78160
전북특별자치도 김제시_2018,14.4,32.7,0.945,36.5,79817
전북특별자치도 완주군_2018,14.4,34.5,0.959,34.2,91302
전북특별자치도 진안군_2018,5.8,27.8,0.954,54.5,24889
전북특별자치도 무주군_2018,10.6,34.7,0.953,44.8,23610
전북특별자치도 장수군_2018,9.9,34.3,0.967,50.0,22165
전북특별자치도 임실군_2018,8.1,21.8,0.957,55.0,28681
전북특별자치도 순창군_2018,9.6,39.0,0.956,48.1,28148
전북특별자치도 고창군_2018,18.6,35.7,0.959,55.1,54627
전북특별자치도 부안군_2018,14,37.5,0.968,41.3,51825
제주특별자치도 제주시_2018,15.1,31.9,0.965,41.3,479080
제주특별자치도 서귀포시_2018,16.2,34.4,0.955,42.3,178530
충청남도 천안시_2018,14.5,30.9,0.946,44.5,650095
충청남도 공주시_2018,18.2,33.4,0.938,43.8,104249
충청남도 보령시_2018,21.4,38.3,0.958,41.9,99098
충청남도 아산시_2018,15.4,29.8,0.953,39.8,318930
충청남도 서산시_2018,10.6,32.7,0.946,37.3,174465
충청남도 논산시_2018,16.2,38.7,0.935,36.3,115107
충청남도 계룡시_2018,14.4,30.8,0.967,41.6,43433
충청남도 당진시_2018,16.8,33.2,0.951,34.7,170061
충청남도 금산군_2018,15.8,30.9,0.949,39.0,52176
충청남도 부여군_2018,10.6,32.4,0.957,53.8,65183
충청남도 서천군_2018,12.4,35.6,0.956,41.6,51984
충청남도 청양군_2018,14.7,35.1,0.955,44.7,31740
충청남도 홍성군_2018,16.3,27.2,0.946,36.0,99572
충청남도 예산군_2018,14.7,34.4,0.95,37.2,79695
충청남도 태안군_2018,15.4,32.5,0.947,29.5,61823
충청북도 청주시_2018,16.4,30.5,0.964,45.9,826607
충청북도 충주시_2018,17.2,36.9,0.962,40.8,205823
충청북도 제천시_2018,15.6,31.3,0.961,35.5,130477
충청북도 보은군_2018,17.5,34.2,0.956,42.9,32354
충청북도 옥천군_2018,11.7,28.1,0.97,57.0,49932
충청북도 영동군_2018,11.5,29.3,0.955,46.2,47864
충청북도 증평군_2018,15.8,33.9,0.945,33.1,36659
충청북도 진천군_2018,14.6,34.5,0.967,44.8,81991
충청북도 괴산군_2018,15.2,33.5,0.961,45.2,38072
충청북도 음성군_2018,14.9,37.7,0.952,36.5,100137
충청북도 단양군_2018,17.3,31.8,0.96,44.5,28847
세종특별자치시_2019,10.8,28.0,0.965,44.7,341981
경기도 수원시_2019,12.3,31.6,0.96,38.8,1212340
경기도 성남시_2019,14.5,27.3,0.957,46.1,941095
경기도 안양시_2019,12.2,32.5,0.953,37.8,567265
경기도 부천시_2019,14.9,32.1,0.95,37.2,836757
경기도 광명시_2019,14.4,29.3,0.972,50.0,316779
경기도 평택시_2019,13.6,32.8,0.946,33.5,523319
경기도 안산시_2019,17.4,34.6,0.947,32.8,693723
경기도 과천시_2019,5.8,22.9,0.971,54.5,58082
경기도 오산시_2019,15.8,32.1,0.957,32.2,233334
경기도 시흥시_2019,14.7,33.1,0.949,39.6,504216
경기도 군포시_2019,12.2,28.1,0.951,31.6,278325
경기도 의왕시_2019,10.6,30.9,0.962,38.2,161013
경기도 하남시_2019,13.7,30.9,0.959,39.8,272042
경기도 용인시_2019,13.1,29.3,0.962,42.0,1068460
경기도 이천시_2019,15.2,34.7,0.957,45.7,218670
경기도 안성시_2019,16,34.4,0.956,38.3,191518
경기도 김포시_2019,10.4,34.9,0.956,34.8,453192
경기도 화성시_2019,11.9,33.5,0.952,41.0,861137
경기도 광주시_2019,19,27.3,0.968,51.5,381029
경기도 여주시_2019,11.6,35.5,0.945,59.7,109947
경기도 양평군_2019,12.8,33.7,0.95,45.2,114844
경기도 의정부시_2019,18.3,35.2,0.95,40.0,439432
경기도 동두천시_2019,13.5,35.5,0.958,61.2,91303
경기도 고양시_2019,12.4,29.9,0.959,42.2,1059810
경기도 구리시_2019,17.3,29.2,0.963,50.8,195386
경기도 남양주시_2019,12.3,33.5,0.959,42.3,696217
경기도 파주시_2019,13.1,30.6,0.952,40.5,455528
경기도 양주시_2019,14.4,31.8,0.953,38.8,222594
경기도 포천시_2019,13.6,39.2,0.957,51.4,154449
경기도 연천군_2019,15.3,33.1,0.967,37.8,42100
경기도 가평군_2019,18.9,32.5,0.972,53.9,60073
강원특별자치도 춘천시_2019,16.4,31.2,0.957,44.7,270900
강원특별자치도 원주시_2019,16.5,28.5,0.948,40.6,340643
강원특별자치도 강릉시_2019,15.1,36.7,0.95,41.4,206043
강원특별자치도 동해시_2019,17.4,33.0,0.952,43.8,87593
강원특별자치도 태백시_2019,23.6,38.4,0.958,34.8,41404
강원특별자치도 속초시_2019,12.3,29.2,0.968,58.4,78710
강원특별자치도 삼척시_2019,18.2,36.0,0.952,46.2,63744
강원특별자치도 홍천군_2019,15.4,37.4,0.951,39.2,67621
강원특별자치도 횡성군_2019,15.1,34.8,0.967,60.1,45532
강원특별자치도 영월군_2019,17.1,30.0,0.944,41.5,37764
강원특별자치도 평창군_2019,20.2,36.2,0.929,34.4,41144
강원특별자치도 정선군_2019,14.7,34.9,0.957,45.9,35862
강원특별자치도 철원군_2019,18.7,40.9,0.956,44.1,44049
강원특별자치도 화천군_2019,15.2,37.6,0.958,52.1,24207
강원특별자치도 양구군_2019,13.8,33.5,0.959,45.5,21983
강원특별자치도 인제군_2019,17.5,35.6,0.954,47.5,30891
강원특별자치도 고성군_2019,14.7,26.6,0.965,40.1,26430
강원특별자치도 양양군_2019,15.1,33.4,0.973,55.0,26600
경상남도 창원시_2019,15.4,30.7,0.96,40.9,1033509
경상남도 진주시_2019,15.7,28.3,0.961,46.4,340317
경상남도 통영시_2019,11.3,30.8,0.965,32.4,128404
경상남도 사천시_2019,14.7,29.8,0.985,30.5,109810
경상남도 김해시_2019,17.5,30.8,0.941,34.7,545843
경상남도 밀양시_2019,12.4,30.7,0.979,46.0,102724
경상남도 거제시_2019,15.9,30.9,0.946,34.0,250478
경상남도 양산시_2019,15.7,34.2,0.962,38.4,347627
경상남도 의령군_2019,15.7,30.5,0.961,36.0,26504
경상남도 함안군_2019,12.8,28.1,0.946,42.7,66445
경상남도 창녕군_2019,11.4,28.9,0.974,57.9,61994
경상남도 고성군_2019,19.3,28.5,0.975,43.7,50873
경상남도 남해군_2019,18.2,32.7,0.962,36.5,42281
경상남도 하동군_2019,15.2,28.9,0.952,39.2,44779
경상남도 산청군_2019,11.3,31.0,0.959,50.8,34194
경상남도 함양군_2019,18.9,30.3,0.958,42.3,38321
경상남도 거창군_2019,18.3,28.1,0.959,43.2,59946
경상남도 합천군_2019,18.2,33.9,0.98,43.7,43290
경상북도 포항시_2019,15.2,31.6,0.961,41.1,493059
경상북도 경주시_2019,13.3,28.1,0.943,31.7,255870
경상북도 김천시_2019,12.1,27.8,0.966,42.6,137127
경상북도 안동시_2019,17.4,33.1,0.961,37.7,153338
경상북도 구미시_2019,13.6,31.2,0.966,33.1,416168
경상북도 영주시_2019,12.8,26.1,0.949,35.2,100489
경상북도 영천시_2019,12.9,33.4,0.951,32.8,99738
경상북도 상주시_2019,10.1,27.2,0.979,53.6,97275
경상북도 문경시_2019,15.7,27.1,0.965,38.8,69889
경상북도 경산시_2019,14.5,30.1,0.959,43.0,259206
대구광역시 군위군_2019,-,31.3,0.962,34.3,23195
경상북도 의성군_2019,10.4,32.4,0.94,30.6,50312
경상북도 청송군_2019,11.8,34.4,0.962,36.5,24402
경상북도 영양군_2019,11.4,28.9,0.948,40.9,15997
경상북도 영덕군_2019,12.9,36.2,0.947,37.1,35715
경상북도 청도군_2019,17,31.3,0.957,35.0,41648
경상북도 고령군_2019,17.4,32.6,0.965,37.1,32710
경상북도 성주군_2019,11.9,36.1,0.97,44.2,43492
경상북도 칠곡군_2019,18.5,32.4,0.946,32.4,116084
경상북도 예천군_2019,14.7,33.5,0.969,45.0,53324
경상북도 봉화군_2019,11.9,33.1,0.937,39.4,30826
경상북도 울진군_2019,12.3,31.2,0.958,42.8,47324
경상북도 울릉군_2019,10.7,32.9,0.956,45.4,9408
광주광역시 동구_2019,12.9,29.3,0.956,39.8,92864
광주광역시 서구_2019,14.7,31.4,0.969,43.9,290609
광주광역시 남구_2019,9.7,27.3,0.958,41.9,209345
광주광역시 북구_2019,14.6,31.6,0.955,38.4,415179
광주광역시 광산구_2019,12.2,27.5,0.951,41.8,401108
대구광역시 중구_2019,12.1,27.6,0.959,36.3,73965
대구광역시 동구_2019,15.1,29.2,0.952,34.3,330896
대구광역시 서구_2019,15.8,30.6,0.968,31.3,165431
대구광역시 남구_2019,9.6,33.6,0.95,45.6,137057
대구광역시 북구_2019,10.6,31.4,0.957,39.1,426994
대구광역시 수성구_2019,10.2,25.1,0.968,59.1,416341
대구광역시 달서구_2019,11.2,30.2,0.958,39.1,552618
대구광역시 달성군_2019,13.9,32.0,0.955,40.3,254797
대전광역시 동구_2019,13.4,32.8,0.968,68.3,215765
대전광역시 중구_2019,16,30.2,0.973,44.8,231165
대전광역시 서구_2019,8.5,20.1,0.967,51.5,470306
대전광역시 유성구_2019,8.5,28.7,0.973,55.2,349100
대전광역시 대덕구_2019,15.5,30.4,0.946,40.7,171113
부산광역시 중구_2019,17,33.3,0.96,38.8,39587
부산광역시 서구_2019,12,26.4,0.964,45.7,101137
부산광역시 동구_2019,13.4,32.5,0.941,44.6,81266
부산광역시 영도구_2019,13.2,31.8,0.937,40.0,107227
부산광역시 부산진구_2019,13.2,28.1,0.958,41.3,343162
부산광역시 동래구_2019,11.6,28.7,0.958,47.2,264400
부산광역시 남구_2019,15.8,32.6,0.95,36.6,267384
부산광역시 북구_2019,17.8,30.2,0.965,46.3,276826
부산광역시 해운대구_2019,12.3,28.8,0.953,38.7,394810
부산광역시 사하구_2019,14.2,30.8,0.949,31.9,308103
부산광역시 금정구_2019,13,27.7,0.967,41.5,230665
부산광역시 강서구_2019,16.9,30.5,0.953,51.5,133089
부산광역시 연제구_2019,10.3,27.5,0.942,37.5,202404
부산광역시 수영구_2019,12.4,30.6,0.971,43.8,170772
부산광역시 사상구_2019,16,35.0,0.964,35.0,208963
부산광역시 기장군_2019,10.8,31.9,0.958,37.9,160805
서울특별시 종로구_2019,15.6,28.9,0.963,38.0,152812
서울특별시 중구_2019,11.9,25.4,0.96,52.8,134349
서울특별시 용산구_2019,11.9,24.6,0.974,59.9,226130
서울특별시 성동구_2019,14.8,28.7,0.945,39.9,299051
서울특별시 광진구_2019,14.2,24.5,0.954,45.3,352389
서울특별시 동대문구_2019,22.3,30.5,0.96,39.4,338180
서울특별시 중랑구_2019,14.3,31.8,0.954,40.2,383414
서울특별시 성북구_2019,12.8,27.0,0.939,38.3,432051
서울특별시 강북구_2019,17.7,31.2,0.939,42.1,298655
서울특별시 도봉구_2019,14.1,36.0,0.937,40.5,323471
서울특별시 노원구_2019,14.1,31.7,0.961,41.7,509786
서울특별시 은평구_2019,14.1,27.7,0.941,38.9,463047
서울특별시 서대문구_2019,15,27.2,0.955,46.9,303623
서울특별시 마포구_2019,12.7,27.7,0.951,40.1,371871
서울특별시 양천구_2019,11.8,28.9,0.959,47.2,451363
서울특별시 강서구_2019,11.7,31.2,0.953,43.9,577143
서울특별시 구로구_2019,12.2,28.7,0.96,38.9,430220
서울특별시 금천구_2019,15,29.6,0.953,41.9,244860
서울특별시 영등포구_2019,13.5,28.0,0.951,44.6,396805
서울특별시 동작구_2019,11.6,28.9,0.955,49.7,394600
서울특별시 관악구_2019,11.3,25.5,0.953,40.3,497731
서울특별시 서초구_2019,9.4,24.7,0.958,61.7,438840
서울특별시 강남구_2019,11.2,26.3,0.963,48.0,559934
서울특별시 송파구_2019,15,26.7,0.949,47.3,674157
서울특별시 강동구_2019,14.7,32.0,0.958,51.8,428185
울산광역시 중구_2019,14,24.6,0.967,48.2,220530
울산광역시 남구_2019,15,32.2,0.941,46.2,322381
울산광역시 동구_2019,16.3,30.6,0.959,34.4,159749
울산광역시 북구_2019,13.9,32.9,0.956,36.8,217835
울산광역시 울주군_2019,12.8,29.9,0.98,50.2,226980
인천광역시 강화군_2019,11.1,40.2,0.949,33.3,65546
인천광역시 옹진군_2019,24.8,40.3,0.963,42.3,20223
인천광역시 중구_2019,12.2,32.3,0.956,35.1,134696
인천광역시 동구_2019,17.1,39.1,0.952,29.7,61727
인천광역시 미추홀구_2019,17.6,31.3,0.952,37.6,398253
인천광역시 연수구_2019,15.9,30.5,0.963,40.3,367110
인천광역시 남동구_2019,14.3,36.7,0.946,45.3,528712
인천광역시 부평구_2019,14.1,33.6,0.956,35.5,501706
인천광역시 계양구_2019,15,32.9,0.951,36.7,297056
인천광역시 서구_2019,12.2,33.7,0.953,36.1,546883
전라남도 목포시_2019,17.4,34.8,0.976,45.7,220440
전라남도 여수시_2019,17.5,30.6,0.959,44.7,277172
전라남도 순천시_2019,17.2,28.9,0.96,38.7,274360
전라남도 나주시_2019,11.8,32.4,0.941,40.8,111735
전라남도 광양시_2019,15.7,32.0,0.973,41.8,155344
전라남도 담양군_2019,14.4,27.5,0.967,45.2,45362
전라남도 곡성군_2019,8.7,32.3,0.951,45.6,27517
전라남도 구례군_2019,12.2,29.5,0.974,60.9,25403
전라남도 고흥군_2019,10.6,31.1,0.964,60.3,61813
전라남도 보성군_2019,15.5,30.8,0.969,51.7,39406
전라남도 화순군_2019,12,31.2,0.966,41.4,60654
전라남도 장흥군_2019,13.9,28.7,0.978,53.8,36885
전라남도 강진군_2019,14,35.6,0.959,48.7,33654
전라남도 해남군_2019,17,30.0,0.96,46.2,67845
전라남도 영암군_2019,11.3,32.6,0.948,38.6,56429
전라남도 무안군_2019,8,34.5,0.968,50.8,79281
전라남도 함평군_2019,9.3,25.8,0.97,49.4,31633
전라남도 영광군_2019,9.9,33.9,0.956,51.7,51450
전라남도 장성군_2019,12,33.4,0.96,49.0,44624
전라남도 완도군_2019,16.5,31.8,0.959,60.7,49951
전라남도 진도군_2019,12.4,32.1,0.948,39.2,29639
전라남도 신안군_2019,20.1,25.8,0.968,56.7,38759
전북특별자치도 전주시_2019,12.5,28.7,0.95,42.6,634600
전북특별자치도 군산시_2019,10.3,27.7,0.958,42.7,260987
전북특별자치도 익산시_2019,9.9,30.2,0.951,34.5,275747
전북특별자치도 정읍시_2019,12.8,32.3,0.963,43.5,105405
전북특별자치도 남원시_2019,15.9,29.4,0.951,38.3,77476
전북특별자치도 김제시_2019,13.6,28.3,0.945,40.7,79107
전북특별자치도 완주군_2019,15.9,28.1,0.962,35.6,89729
전북특별자치도 진안군_2019,5.9,33.0,0.965,65.0,24713
전북특별자치도 무주군_2019,14.6,29.4,0.957,44.1,23409
전북특별자치도 장수군_2019,10.5,32.1,0.967,47.5,21583
전북특별자치도 임실군_2019,19.9,28.2,0.958,46.9,27697
전북특별자치도 순창군_2019,22.1,34.3,0.945,39.6,27408
전북특별자치도 고창군_2019,10.8,32.8,0.954,51.4,53473
전북특별자치도 부안군_2019,12.8,36.0,0.953,43.7,51103
제주특별자치도 제주시_2019,12.9,34.4,0.958,41.0,486077
제주특별자치도 서귀포시_2019,17.2,36.7,0.953,40.2,180411
충청남도 천안시_2019,15.2,31.0,0.943,42.9,660375
충청남도 공주시_2019,13,30.0,0.939,48.7,103675
충청남도 보령시_2019,10.6,32.2,0.963,39.2,99179
충청남도 아산시_2019,14.9,30.6,0.958,40.8,327161
충청남도 서산시_2019,16.6,33.2,0.935,32.0,176050
충청남도 논산시_2019,11.8,26.0,0.95,43.5,115097
충청남도 계룡시_2019,12.2,31.2,0.969,43.2,42772
충청남도 당진시_2019,16.8,37.0,0.936,36.3,171044
충청남도 금산군_2019,12.6,30.4,0.932,34.6,51710
충청남도 부여군_2019,14.1,29.2,0.955,43.1,64260
충청남도 서천군_2019,9.5,43.5,0.954,38.9,51406
충청남도 청양군_2019,15.6,33.0,0.95,40.2,31353
충청남도 홍성군_2019,13.6,33.8,0.945,35.0,99729
충청남도 예산군_2019,14.5,34.2,0.949,37.4,79499
충청남도 태안군_2019,13,31.5,0.96,36.1,61872
충청북도 청주시_2019,18.4,31.3,0.958,40.0,832622
충청북도 충주시_2019,15.9,35.1,0.942,41.9,207490
충청북도 제천시_2019,22.2,28.8,0.95,37.9,130047
충청북도 보은군_2019,15.7,39.9,0.942,35.2,31866
충청북도 옥천군_2019,13,34.2,0.957,47.3,49625
충청북도 영동군_2019,9.9,31.4,0.958,58.7,47159
충청북도 증평군_2019,16.6,35.5,0.94,36.9,36885
충청북도 진천군_2019,15.6,34.4,0.963,48.7,86039
충청북도 괴산군_2019,14.2,33.7,0.954,46.9,38261
충청북도 음성군_2019,17.3,38.2,0.934,34.7,101224
충청북도 단양군_2019,18,37.4,0.952,46.8,28444
세종특별자치시_2020,6.6,27.5,0.965,50.5,357356
경기도 수원시_2020,9.8,32.7,0.96,57.1,1203579
경기도 성남시_2020,8.9,27.1,0.957,55.2,939431
경기도 안양시_2020,9.6,32.5,0.953,55.3,550654
경기도 부천시_2020,11.8,32.9,0.95,52.6,825457
경기도 광명시_2020,7.1,30.8,0.972,63.7,299363
경기도 평택시_2020,8.7,37.8,0.946,50.9,547768
경기도 안산시_2020,14.3,34.4,0.947,47.3,697471
경기도 과천시_2020,6.5,27.2,0.971,66.2,63179
경기도 오산시_2020,14.1,31.8,0.957,51.4,237061
경기도 시흥시_2020,11.5,33.9,0.949,54.0,530572
경기도 군포시_2020,12.7,29.0,0.951,58.2,275717
경기도 의왕시_2020,11.5,30.5,0.962,53.7,163876
경기도 하남시_2020,10,28.0,0.959,61.1,292964
경기도 용인시_2020,9.6,27.5,0.962,58.9,1084039
경기도 이천시_2020,17.5,30.2,0.957,48.5,221062
경기도 안성시_2020,14.4,36.1,0.956,48.8,195239
경기도 김포시_2020,11,32.8,0.956,49.8,488511
경기도 화성시_2020,7.6,31.6,0.952,59.0,901163
경기도 광주시_2020,10,31.9,0.968,70.1,390465
경기도 여주시_2020,12.4,34.1,0.945,60.1,110924
경기도 양평군_2020,16.4,32.7,0.95,59.2,116838
경기도 의정부시_2020,13.1,30.4,0.95,54.9,449395
경기도 동두천시_2020,10,33.6,0.958,68.2,90464
경기도 고양시_2020,10.3,29.9,0.959,54.5,1072843
경기도 구리시_2020,11.3,34.2,0.963,61.2,194097
경기도 남양주시_2020,13.2,33.9,0.959,55.6,708077
경기도 파주시_2020,9.7,30.9,0.952,58.6,466599
경기도 양주시_2020,10.9,35.7,0.953,56.9,230276
경기도 포천시_2020,15.5,37.0,0.957,59.2,152661
경기도 연천군_2020,10.3,34.2,0.967,56.3,41822
경기도 가평군_2020,10.9,27.6,0.972,64.2,60123
강원특별자치도 춘천시_2020,14.5,31.4,0.957,59.9,272720
강원특별자치도 원주시_2020,14.7,34.1,0.948,47.6,345823
강원특별자치도 강릉시_2020,13,32.3,0.95,52.0,206259
강원특별자치도 동해시_2020,17.9,36.9,0.952,52.6,87774
강원특별자치도 태백시_2020,16.1,31.3,0.958,52.2,40170
강원특별자치도 속초시_2020,11.3,35.1,0.968,65.5,79716
강원특별자치도 삼척시_2020,11.6,29.8,0.952,56.2,62564
강원특별자치도 홍천군_2020,17.1,41.4,0.951,56.4,67676
강원특별자치도 횡성군_2020,14.1,37.1,0.967,50.5,45499
강원특별자치도 영월군_2020,14.4,41.2,0.944,53.1,37262
강원특별자치도 평창군_2020,16.8,35.6,0.929,53.7,40811
강원특별자치도 정선군_2020,18.8,41.0,0.957,49.3,35432
강원특별자치도 철원군_2020,14.6,40.0,0.956,61.6,43279
강원특별자치도 화천군_2020,14.4,37.6,0.958,69.7,24117
강원특별자치도 양구군_2020,15.7,40.9,0.959,57.7,21439
강원특별자치도 인제군_2020,12.7,40.2,0.954,56.0,30933
강원특별자치도 고성군_2020,10.1,29.3,0.965,54.4,26037
강원특별자치도 양양군_2020,9.8,36.1,0.973,68.0,26896
경상남도 창원시_2020,10,31.4,0.96,53.7,1024005
경상남도 진주시_2020,12.6,30.6,0.961,51.1,340846
경상남도 통영시_2020,13.5,31.0,0.965,66.4,125049
경상남도 사천시_2020,16.2,30.0,0.985,46.1,108782
경상남도 김해시_2020,8.4,32.4,0.941,53.4,544471
경상남도 밀양시_2020,8.8,29.4,0.979,56.0,102010
경상남도 거제시_2020,11.1,32.1,0.946,57.8,246787
경상남도 양산시_2020,12.5,33.0,0.962,54.5,348628
경상남도 의령군_2020,12.6,33.6,0.961,50.2,25903
경상남도 함안군_2020,12.2,31.5,0.946,56.8,64681
경상남도 창녕군_2020,8.3,32.7,0.974,70.3,61001
경상남도 고성군_2020,14.6,30.9,0.975,50.3,49818
경상남도 남해군_2020,18.2,33.7,0.962,47.6,41564
경상남도 하동군_2020,13.6,30.9,0.952,41.6,43052
경상남도 산청군_2020,10.6,36.3,0.959,55.3,33739
경상남도 함양군_2020,10.2,33.2,0.958,57.2,37692
경상남도 거창군_2020,12.1,36.0,0.959,56.2,59260
경상남도 합천군_2020,15.1,31.0,0.98,42.9,42138
경상북도 포항시_2020,11.7,31.1,0.961,54.1,488709
경상북도 경주시_2020,9.7,31.4,0.943,50.1,253855
경상북도 김천시_2020,13.4,28.4,0.966,62.0,136470
경상북도 안동시_2020,12.2,35.4,0.961,51.6,152200
경상북도 구미시_2020,14.3,31.5,0.966,45.8,412264
경상북도 영주시_2020,10.3,28.1,0.949,54.8,98589
경상북도 영천시_2020,12.4,36.9,0.951,51.5,98921
경상북도 상주시_2020,9,28.5,0.979,59.6,94012
경상북도 문경시_2020,10.6,32.7,0.965,55.1,69079
경상북도 경산시_2020,8.4,33.4,0.959,55.0,259435
대구광역시 군위군_2020,-,29.9,0.962,49.0,22622
경상북도 의성군_2020,9.2,32.7,0.94,42.0,49470
경상북도 청송군_2020,14.3,35.7,0.962,53.1,23998
경상북도 영양군_2020,17,25.6,0.948,54.0,15822
경상북도 영덕군_2020,13,30.8,0.947,45.2,34725
경상북도 청도군_2020,11.9,29.3,0.957,47.6,41046
경상북도 고령군_2020,15.5,31.8,0.965,50.2,31311
경상북도 성주군_2020,12.5,35.9,0.97,57.0,42936
경상북도 칠곡군_2020,10.4,36.1,0.946,57.8,113647
경상북도 예천군_2020,9.1,32.5,0.969,51.7,53913
경상북도 봉화군_2020,9.2,35.1,0.937,52.2,30231
경상북도 울진군_2020,12.1,31.2,0.958,58.5,47373
경상북도 울릉군_2020,7.7,32.2,0.956,38.6,8889
광주광역시 동구_2020,9.4,26.1,0.956,60.6,97424
광주광역시 서구_2020,11.1,31.2,0.969,54.6,286102
광주광역시 남구_2020,7.4,29.8,0.958,68.3,206235
광주광역시 북구_2020,11.2,32.2,0.955,58.9,412044
광주광역시 광산구_2020,9.1,33.5,0.951,62.5,401818
대구광역시 중구_2020,6.1,30.2,0.959,56.0,73431
대구광역시 동구_2020,8,34.7,0.952,61.0,327236
대구광역시 서구_2020,10.6,34.0,0.968,46.6,160609
대구광역시 남구_2020,12.8,30.2,0.95,47.5,135670
대구광역시 북구_2020,9.8,30.0,0.957,51.1,429679
대구광역시 수성구_2020,6.8,25.0,0.968,67.6,412601
대구광역시 달서구_2020,9.5,26.6,0.958,61.0,542123
대구광역시 달성군_2020,9.9,31.1,0.955,56.4,257077
대전광역시 동구_2020,11.7,32.4,0.968,72.7,212011
대전광역시 중구_2020,12.8,31.8,0.973,57.3,226327
대전광역시 서구_2020,8.8,26.7,0.967,66.3,467002
대전광역시 유성구_2020,10.2,28.6,0.973,61.9,350793
대전광역시 대덕구_2020,10.5,32.0,0.946,55.3,170375
부산광역시 중구_2020,12.3,29.9,0.96,53.4,38824
부산광역시 서구_2020,10.6,25.9,0.964,54.4,100955
부산광역시 동구_2020,11.4,31.3,0.941,50.9,82009
부산광역시 영도구_2020,10.6,36.9,0.937,53.7,104135
부산광역시 부산진구_2020,12,28.7,0.958,53.3,344598
부산광역시 동래구_2020,11.8,26.9,0.958,56.5,263862
부산광역시 남구_2020,10.7,28.2,0.95,45.7,260500
부산광역시 북구_2020,16.5,28.2,0.965,59.8,269219
부산광역시 해운대구_2020,11.1,28.4,0.953,53.6,390765
부산광역시 사하구_2020,10.1,32.2,0.949,50.6,298021
부산광역시 금정구_2020,10.6,28.3,0.967,57.8,224265
부산광역시 강서구_2020,9.8,31.5,0.953,59.5,141083
부산광역시 연제구_2020,9,30.9,0.942,55.2,202118
부산광역시 수영구_2020,11.4,29.6,0.971,52.8,171377
부산광역시 사상구_2020,13.8,34.4,0.964,54.1,203000
부산광역시 기장군_2020,8,33.0,0.958,56.7,170268
서울특별시 종로구_2020,7.1,26.3,0.963,69.7,150236
서울특별시 중구_2020,5.9,28.2,0.96,69.2,131497
서울특별시 용산구_2020,12.1,26.0,0.974,71.6,226388
서울특별시 성동구_2020,12.4,26.5,0.945,65.3,291355
서울특별시 광진구_2020,9.3,28.5,0.954,60.4,347194
서울특별시 동대문구_2020,10.6,31.2,0.96,59.7,334641
서울특별시 중랑구_2020,12.7,31.3,0.954,54.6,380700
서울특별시 성북구_2020,11.4,28.1,0.939,54.9,426482
서울특별시 강북구_2020,12.4,32.1,0.939,59.6,292553
서울특별시 도봉구_2020,11.5,34.6,0.937,55.2,315527
서울특별시 노원구_2020,7,29.6,0.961,65.3,500116
서울특별시 은평구_2020,8.3,30.4,0.941,54.5,462963
서울특별시 서대문구_2020,6.7,33.8,0.955,65.3,306445
서울특별시 마포구_2020,11.2,26.6,0.951,67.7,368826
서울특별시 양천구_2020,7.4,33.6,0.959,63.2,447395
서울특별시 강서구_2020,8.9,30.6,0.953,57.2,565085
서울특별시 구로구_2020,10.4,28.2,0.96,55.5,424735
서울특별시 금천구_2020,9.5,35.6,0.953,53.6,242194
서울특별시 영등포구_2020,10.7,27.9,0.951,49.4,404249
서울특별시 동작구_2020,10.8,29.6,0.955,61.6,389203
서울특별시 관악구_2020,8.9,29.8,0.953,60.7,490935
서울특별시 서초구_2020,8.3,24.4,0.958,69.0,432667
서울특별시 강남구_2020,10.4,23.9,0.963,61.1,552471
서울특별시 송파구_2020,8.6,28.1,0.949,61.3,666470
서울특별시 강동구_2020,7.3,27.9,0.958,56.4,451761
울산광역시 중구_2020,10.7,29.5,0.967,61.0,213973
울산광역시 남구_2020,12.1,30.8,0.941,51.3,318304
울산광역시 동구_2020,15.2,33.7,0.959,53.9,156374
울산광역시 북구_2020,12.5,32.9,0.956,50.3,218906
울산광역시 울주군_2020,8.5,29.1,0.98,58.9,225272
인천광역시 강화군_2020,8.2,37.9,0.949,50.2,66912
인천광역시 옹진군_2020,18.1,38.3,0.963,53.7,20184
인천광역시 중구_2020,10,31.6,0.956,50.2,139719
인천광역시 동구_2020,15.5,35.2,0.952,41.5,59989
인천광역시 미추홀구_2020,12.9,36.3,0.952,52.4,392687
인천광역시 연수구_2020,12.5,29.4,0.963,51.5,390035
인천광역시 남동구_2020,12,35.7,0.946,51.9,519892
인천광역시 부평구_2020,10.5,35.7,0.956,47.5,485910
인천광역시 계양구_2020,13.5,31.7,0.951,52.8,290237
인천광역시 서구_2020,13.1,36.9,0.953,48.2,544676
전라남도 목포시_2020,9.9,32.5,0.976,56.0,214719
전라남도 여수시_2020,16.8,31.4,0.959,51.2,275196
전라남도 순천시_2020,10.2,29.4,0.96,58.0,277085
전라남도 나주시_2020,11.2,33.3,0.941,57.6,112654
전라남도 광양시_2020,10.9,33.4,0.973,56.3,150418
전라남도 담양군_2020,6.9,30.9,0.967,53.6,45106
전라남도 곡성군_2020,9.9,31.2,0.951,55.7,26738
전라남도 구례군_2020,8.1,35.1,0.974,68.2,24574
전라남도 고흥군_2020,6,30.0,0.964,70.4,60918
전라남도 보성군_2020,10.4,34.9,0.969,63.2,38438
전라남도 화순군_2020,9.9,30.6,0.966,56.9,60576
전라남도 장흥군_2020,10.6,34.1,0.978,61.0,35958
전라남도 강진군_2020,9.3,36.6,0.959,59.7,32942
전라남도 해남군_2020,14,38.8,0.96,54.1,66317
전라남도 영암군_2020,10.8,39.8,0.948,48.5,55551
전라남도 무안군_2020,6.2,33.4,0.968,62.5,84337
전라남도 함평군_2020,4.9,30.9,0.97,61.7,30782
전라남도 영광군_2020,10.9,34.4,0.956,55.6,50911
전라남도 장성군_2020,9.8,31.3,0.96,51.5,43493
전라남도 완도군_2020,19.7,33.5,0.959,63.8,49265
전라남도 진도군_2020,13.7,40.5,0.948,51.6,30364
전라남도 신안군_2020,12.5,33.5,0.968,79.4,37602
전북특별자치도 전주시_2020,9.1,30.6,0.95,46.1,637367
전북특별자치도 군산시_2020,11.9,33.8,0.958,59.8,258861
전북특별자치도 익산시_2020,7.7,30.6,0.951,52.4,270241
전북특별자치도 정읍시_2020,14.6,34.7,0.963,60.1,103310
전북특별자치도 남원시_2020,9.5,32.0,0.951,57.9,76668
전북특별자치도 김제시_2020,6.6,36.2,0.945,49.1,77781
전북특별자치도 완주군_2020,15.7,34.9,0.962,61.0,89113
전북특별자치도 진안군_2020,5.3,28.1,0.965,67.0,24380
전북특별자치도 무주군_2020,10.6,34.2,0.957,55.2,23174
전북특별자치도 장수군_2020,8.1,32.0,0.967,61.2,21214
전북특별자치도 임실군_2020,11.2,35.9,0.958,67.7,26117
전북특별자치도 순창군_2020,12.6,30.1,0.945,60.4,26884
전북특별자치도 고창군_2020,10.5,34.0,0.954,65.3,52510
전북특별자치도 부안군_2020,8.4,37.1,0.953,55.7,49980
제주특별자치도 제주시_2020,12.6,35.8,0.958,61.3,488332
제주특별자치도 서귀포시_2020,15.5,36.5,0.953,55.4,180689
충청남도 천안시_2020,12.9,30.2,0.943,54.7,667163
충청남도 공주시_2020,11.4,33.0,0.939,64.0,101696
충청남도 보령시_2020,11.4,35.0,0.963,53.9,98167
충청남도 아산시_2020,12.9,34.7,0.958,57.2,329526
충청남도 서산시_2020,11.8,33.1,0.935,50.4,176932
충청남도 논산시_2020,12.5,33.9,0.95,53.9,112837
충청남도 계룡시_2020,9.1,30.1,0.969,62.4,42680
충청남도 당진시_2020,12.5,32.9,0.936,53.9,170155
충청남도 금산군_2020,9.3,31.6,0.932,59.1,50993
충청남도 부여군_2020,10.6,32.7,0.955,60.2,62881
충청남도 서천군_2020,7.3,34.3,0.954,51.1,50482
충청남도 청양군_2020,8,32.0,0.95,54.5,30607
충청남도 홍성군_2020,8.3,36.4,0.945,56.5,99326
충청남도 예산군_2020,14.3,35.9,0.949,49.1,78185
충청남도 태안군_2020,12.5,34.6,0.96,45.1,61413
충청북도 청주시_2020,13.4,28.9,0.958,60.2,838248
충청북도 충주시_2020,16.7,33.3,0.942,46.5,206715
충청북도 제천시_2020,10.3,33.2,0.95,59.6,128401
충청북도 보은군_2020,15.8,37.1,0.942,48.7,31434
충청북도 옥천군_2020,12.8,36.1,0.957,55.5,49114
충청북도 영동군_2020,4.6,36.7,0.958,61.8,45929
충청북도 증평군_2020,22.5,32.4,0.94,51.1,36391
충청북도 진천군_2020,13.2,30.1,0.963,50.2,88759
충청북도 괴산군_2020,14.5,30.7,0.954,53.5,38478
충청북도 음성군_2020,10.7,39.9,0.934,51.2,98922
충청북도 단양군_2020,10.2,33.6,0.952,59.4,27829
세종특별자치시_2021,7.6,27.5,0.965,48.9,374171
경기도 수원시_2021,9.7,32.7,0.96,44.7,1205832
경기도 성남시_2021,8.3,27.1,0.957,48.0,933636
경기도 안양시_2021,9.4,32.5,0.953,47.5,548871
경기도 부천시_2021,10.8,32.9,0.95,46.8,817028
경기도 광명시_2021,8.2,30.8,0.972,47.8,293573
경기도 평택시_2021,10.8,37.8,0.946,44.1,579599
경기도 안산시_2021,13.7,34.4,0.947,43.5,697307
경기도 과천시_2021,3.9,27.2,0.971,55.6,74088
경기도 오산시_2021,13.1,31.8,0.957,50.8,238701
경기도 시흥시_2021,9.7,33.9,0.949,49.7,544187
경기도 군포시_2021,10.3,29.0,0.951,52.9,270789
경기도 의왕시_2021,10.6,30.5,0.962,42.8,163567
경기도 하남시_2021,8,28.0,0.959,57.0,320663
경기도 용인시_2021,9.5,27.5,0.962,51.2,1090982
경기도 이천시_2021,7.2,30.2,0.957,51.0,226221
경기도 안성시_2021,15.7,36.1,0.956,38.9,199135
경기도 김포시_2021,10.1,32.8,0.956,46.1,501562
경기도 화성시_2021,9.7,31.6,0.952,51.3,934537
경기도 광주시_2021,10.5,31.9,0.968,49.8,395800
경기도 여주시_2021,13.1,34.1,0.945,48.7,111283
경기도 양평군_2021,9.9,32.7,0.95,51.3,119905
경기도 의정부시_2021,10.8,30.4,0.95,49.8,453902
경기도 동두천시_2021,15.6,33.6,0.958,57.2,90375
경기도 고양시_2021,10.6,29.9,0.959,49.4,1075685
경기도 구리시_2021,10.7,34.2,0.963,50.9,189533
경기도 남양주시_2021,10.7,33.9,0.959,50.5,729622
경기도 파주시_2021,9.1,30.9,0.952,53.8,485008
경기도 양주시_2021,12,35.7,0.953,46.3,237299
경기도 포천시_2021,16.1,37.0,0.957,43.1,154085
경기도 연천군_2021,11.4,34.2,0.967,41.7,41408
경기도 가평군_2021,11.2,27.6,0.972,57.9,60600
강원특별자치도 춘천시_2021,14.5,31.4,0.957,48.5,276512
강원특별자치도 원주시_2021,12.7,34.1,0.948,46.3,350752
강원특별자치도 강릉시_2021,16.1,32.3,0.95,44.6,207481
강원특별자치도 동해시_2021,14.6,36.9,0.952,43.2,87306
강원특별자치도 태백시_2021,14.3,31.3,0.958,49.3,39002
강원특별자치도 속초시_2021,12.5,35.1,0.968,63.6,80288
강원특별자치도 삼척시_2021,14.3,29.8,0.952,56.2,61243
강원특별자치도 홍천군_2021,18.1,41.4,0.951,45.7,67141
강원특별자치도 횡성군_2021,14.4,37.1,0.967,46.8,45744
강원특별자치도 영월군_2021,19.6,41.2,0.944,45.5,36900
강원특별자치도 평창군_2021,14.1,35.6,0.929,46.4,40453
강원특별자치도 정선군_2021,16.2,41.0,0.957,41.8,34835
강원특별자치도 철원군_2021,14.8,40.0,0.956,53.4,42286
강원특별자치도 화천군_2021,13.8,37.6,0.958,53.9,23615
강원특별자치도 양구군_2021,16.7,40.9,0.959,43.6,20982
강원특별자치도 인제군_2021,14.9,40.2,0.954,48.7,31527
강원특별자치도 고성군_2021,13.7,29.3,0.965,50.2,26962
강원특별자치도 양양군_2021,12.9,36.1,0.973,53.3,26951
경상남도 창원시_2021,9.4,31.4,0.96,47.5,1021043
경상남도 진주시_2021,12.5,30.6,0.961,44.8,340837
경상남도 통영시_2021,9.9,31.0,0.965,45.2,121944
경상남도 사천시_2021,14.8,30.0,0.985,43.5,107836
경상남도 김해시_2021,11.5,32.4,0.941,43.3,540380
경상남도 밀양시_2021,14,29.4,0.979,59.2,101044
경상남도 거제시_2021,10.9,32.1,0.946,47.1,240965
경상남도 양산시_2021,13.1,33.0,0.962,44.5,351683
경상남도 의령군_2021,8.2,33.6,0.961,54.3,25506
경상남도 함안군_2021,10.6,31.5,0.946,41.4,62959
경상남도 창녕군_2021,5.7,32.7,0.974,57.9,59773
경상남도 고성군_2021,12,30.9,0.975,39.5,49025
경상남도 남해군_2021,16.2,33.7,0.962,36.4,41010
경상남도 하동군_2021,11,30.9,0.952,38.0,41847
경상남도 산청군_2021,10.2,36.3,0.959,45.1,33426
경상남도 함양군_2021,10.4,33.2,0.958,43.4,36944
경상남도 거창군_2021,13.4,36.0,0.959,45.0,59097
경상남도 합천군_2021,18.1,31.0,0.98,42.4,41273
경상북도 포항시_2021,12.3,31.1,0.961,47.9,490680
경상북도 경주시_2021,10.5,31.4,0.943,44.3,252988
경상북도 김천시_2021,12.3,28.4,0.966,46.8,136855
경상북도 안동시_2021,9.4,35.4,0.961,66.3,151062
경상북도 구미시_2021,12.9,31.5,0.966,47.4,408901
경상북도 영주시_2021,14,28.1,0.949,42.9,97731
경상북도 영천시_2021,8.9,36.9,0.951,43.1,99053
경상북도 상주시_2021,10.8,28.5,0.979,45.1,92904
경상북도 문경시_2021,13.3,32.7,0.965,49.4,68974
경상북도 경산시_2021,10.3,33.4,0.959,48.1,267484
대구광역시 군위군_2021,-,29.9,0.962,44.0,22399
경상북도 의성군_2021,9.3,32.7,0.94,41.3,48757
경상북도 청송군_2021,8.9,35.7,0.962,45.8,23619
경상북도 영양군_2021,8.3,25.6,0.948,45.7,15640
경상북도 영덕군_2021,13.5,30.8,0.947,44.5,33955
경상북도 청도군_2021,9.9,29.3,0.957,43.6,40793
경상북도 고령군_2021,10.9,31.8,0.965,46.5,30574
경상북도 성주군_2021,10.1,35.9,0.97,49.3,42483
경상북도 칠곡군_2021,11.7,36.1,0.946,44.5,112757
경상북도 예천군_2021,9.2,32.5,0.969,41.6,54210
경상북도 봉화군_2021,13.3,35.1,0.937,50.7,29743
경상북도 울진군_2021,12.1,31.2,0.958,51.5,46741
경상북도 울릉군_2021,10.3,32.2,0.956,49.4,8807
광주광역시 동구_2021,7.1,26.1,0.956,59.0,99693
광주광역시 서구_2021,13.2,31.2,0.969,44.7,282161
광주광역시 남구_2021,9.5,29.8,0.958,57.2,208840
광주광역시 북구_2021,9.9,32.2,0.955,47.4,411301
광주광역시 광산구_2021,15.2,33.5,0.951,46.3,402864
대구광역시 중구_2021,9,30.2,0.959,50.0,72384
대구광역시 동구_2021,11.8,34.7,0.952,43.4,328129
대구광역시 서구_2021,13.7,34.0,0.968,39.0,154832
대구광역시 남구_2021,12.8,30.2,0.95,41.4,133434
대구광역시 북구_2021,8.4,30.0,0.957,43.3,428968
대구광역시 수성구_2021,6.5,25.0,0.968,57.4,407046
대구광역시 달서구_2021,10.7,26.6,0.958,48.4,531745
대구광역시 달성군_2021,7.6,31.1,0.955,50.4,260498
대전광역시 동구_2021,8.6,32.4,0.968,49.9,214216
대전광역시 중구_2021,11.6,31.8,0.973,52.1,222053
대전광역시 서구_2021,5.6,26.7,0.967,60.2,464031
대전광역시 유성구_2021,7.4,28.6,0.973,54.8,353449
대전광역시 대덕구_2021,10.3,32.0,0.946,54.1,169462
부산광역시 중구_2021,13.3,29.9,0.96,47.0,38730
부산광역시 서구_2021,9.7,25.9,0.964,48.5,99582
부산광역시 동구_2021,11.5,31.3,0.941,42.9,81417
부산광역시 영도구_2021,8.8,36.9,0.937,36.8,102790
부산광역시 부산진구_2021,12.2,28.7,0.958,49.7,340830
부산광역시 동래구_2021,9.4,26.9,0.958,55.2,261023
부산광역시 남구_2021,13.2,28.2,0.95,41.6,258565
부산광역시 북구_2021,11.7,28.2,0.965,42.8,269265
부산광역시 해운대구_2021,9.3,28.4,0.953,47.2,387131
부산광역시 사하구_2021,8.4,32.2,0.949,48.2,293229
부산광역시 금정구_2021,8.3,28.3,0.967,54.9,222742
부산광역시 강서구_2021,10.7,31.5,0.953,57.7,146005
부산광역시 연제구_2021,13.8,30.9,0.942,38.7,200956
부산광역시 수영구_2021,10.8,29.6,0.971,43.7,170275
부산광역시 사상구_2021,13.3,34.4,0.964,39.7,200297
부산광역시 기장군_2021,11.3,33.0,0.958,49.6,173261
서울특별시 종로구_2021,9.8,26.3,0.963,51.4,150247
서울특별시 중구_2021,5.6,28.2,0.96,59.7,131039
서울특별시 용산구_2021,11.1,26.0,0.974,54.6,223143
서울특별시 성동구_2021,7,26.5,0.945,52.6,287798
서울특별시 광진구_2021,11.1,28.5,0.954,54.1,345012
서울특별시 동대문구_2021,9.7,31.2,0.96,43.6,338656
서울특별시 중랑구_2021,11.2,31.3,0.954,47.2,375453
서울특별시 성북구_2021,8.4,28.1,0.939,46.3,426978
서울특별시 강북구_2021,13.3,32.1,0.939,48.1,286095
서울특별시 도봉구_2021,10.2,34.6,0.937,46.7,309015
서울특별시 노원구_2021,6.4,29.6,0.961,59.9,491934
서울특별시 은평구_2021,9.7,30.4,0.941,60.6,460000
서울특별시 서대문구_2021,8.1,33.8,0.955,52.0,305983
서울특별시 마포구_2021,8.9,26.6,0.951,59.2,370730
서울특별시 양천구_2021,11.9,33.6,0.959,52.0,441675
서울특별시 강서구_2021,8.9,30.6,0.953,55.5,561142
서울특별시 구로구_2021,8.1,28.2,0.96,49.4,416949
서울특별시 금천구_2021,13.2,35.6,0.953,40.3,241594
서울특별시 영등포구_2021,8.2,27.9,0.951,47.2,401630
서울특별시 동작구_2021,6.6,29.6,0.955,54.8,386898
서울특별시 관악구_2021,11.1,29.8,0.953,52.3,484647
서울특별시 서초구_2021,7.5,24.4,0.958,58.8,421277
서울특별시 강남구_2021,6.1,23.9,0.963,58.3,549216
서울특별시 송파구_2021,10.6,28.1,0.949,52.5,658889
서울특별시 강동구_2021,6.4,27.9,0.958,55.4,457120
울산광역시 중구_2021,10.8,29.5,0.967,46.3,209591
울산광역시 남구_2021,10.7,30.8,0.941,51.9,312990
울산광역시 동구_2021,10.7,33.7,0.959,47.0,153674
울산광역시 북구_2021,11.5,32.9,0.956,43.4,218579
울산광역시 울주군_2021,9.6,29.1,0.98,52.2,224951
인천광역시 강화군_2021,13.6,37.9,0.949,44.1,67660
인천광역시 옹진군_2021,19.5,38.3,0.963,42.5,20085
인천광역시 중구_2021,9,31.6,0.956,43.2,144064
인천광역시 동구_2021,13,35.2,0.952,40.9,59503
인천광역시 미추홀구_2021,14.9,36.3,0.952,46.5,399196
인천광역시 연수구_2021,9.9,29.4,0.963,45.1,394996
인천광역시 남동구_2021,10.4,35.7,0.946,43.3,513309
인천광역시 부평구_2021,11.8,35.7,0.956,44.1,481047
인천광역시 계양구_2021,12.6,31.7,0.951,47.9,290155
인천광역시 서구_2021,14,36.9,0.953,48.9,559362
전라남도 목포시_2021,14.5,32.5,0.976,49.3,210256
전라남도 여수시_2021,11.5,31.4,0.959,41.2,272891
전라남도 순천시_2021,9.1,29.4,0.96,51.5,277607
전라남도 나주시_2021,8.1,33.3,0.941,50.6,114611
전라남도 광양시_2021,9.2,33.4,0.973,47.8,149513
전라남도 담양군_2021,10.5,30.9,0.967,55.3,45186
전라남도 곡성군_2021,13.8,31.2,0.951,47.1,26293
전라남도 구례군_2021,12.4,35.1,0.974,52.2,24228
전라남도 고흥군_2021,6.2,30.0,0.964,66.4,60106
전라남도 보성군_2021,14.6,34.9,0.969,53.9,37692
전라남도 화순군_2021,8.3,30.6,0.966,52.4,61017
전라남도 장흥군_2021,14.4,34.1,0.978,48.4,35014
전라남도 강진군_2021,14.8,36.6,0.959,48.2,32412
전라남도 해남군_2021,15,38.8,0.96,43.7,65057
전라남도 영암군_2021,6,39.8,0.948,46.5,55184
전라남도 무안군_2021,6.5,33.4,0.968,48.9,89907
전라남도 함평군_2021,11.5,30.9,0.97,38.5,30302
전라남도 영광군_2021,17.6,34.4,0.956,46.2,50196
전라남도 장성군_2021,8.7,31.3,0.96,51.6,42606
전라남도 완도군_2021,12.9,33.5,0.959,54.2,47986
전라남도 진도군_2021,15.1,40.5,0.948,39.4,29269
전라남도 신안군_2021,12.8,33.5,0.968,63.6,37008
전북특별자치도 전주시_2021,13.3,30.6,0.95,42.5,642011
전북특별자치도 군산시_2021,11,33.8,0.958,44.2,258393
전북특별자치도 익산시_2021,6.7,30.6,0.951,43.9,267067
전북특별자치도 정읍시_2021,12.4,34.7,0.963,44.2,102331
전북특별자치도 남원시_2021,11.8,32.0,0.951,43.4,75796
전북특별자치도 김제시_2021,9.2,36.2,0.945,47.0,76933
전북특별자치도 완주군_2021,14.2,34.9,0.962,45.5,89286
전북특별자치도 진안군_2021,5.6,28.1,0.965,49.8,24115
전북특별자치도 무주군_2021,8.1,34.2,0.957,49.2,22994
전북특별자치도 장수군_2021,10.8,32.0,0.967,46.4,20938
전북특별자치도 임실군_2021,13.2,35.9,0.958,46.8,25642
전북특별자치도 순창군_2021,13,30.1,0.945,54.9,25958
전북특별자치도 고창군_2021,10.7,34.0,0.954,47.6,51608
전북특별자치도 부안군_2021,12.9,37.1,0.953,44.4,49041
제주특별자치도 제주시_2021,12.9,35.8,0.958,55.1,489824
제주특별자치도 서귀포시_2021,13.2,36.5,0.953,44.9,182354
충청남도 천안시_2021,11.7,30.2,0.943,53.0,670612
충청남도 공주시_2021,13.4,33.0,0.939,54.6,101191
충청남도 보령시_2021,14.4,35.0,0.963,45.0,96897
충청남도 아산시_2021,10.2,34.7,0.958,40.7,340467
충청남도 서산시_2021,10.4,33.1,0.935,44.7,178782
충청남도 논산시_2021,10.5,33.9,0.95,56.8,111354
충청남도 계룡시_2021,10.7,30.1,0.969,50.4,43271
충청남도 당진시_2021,15.2,32.9,0.936,43.7,171248
충청남도 금산군_2021,15,31.6,0.932,54.5,50668
충청남도 부여군_2021,7.2,32.7,0.955,60.4,61797
충청남도 서천군_2021,8.3,34.3,0.954,55.0,49663
충청남도 청양군_2021,14.8,32.0,0.95,53.5,30182
충청남도 홍성군_2021,9.6,36.4,0.945,39.9,99051
충청남도 예산군_2021,10,35.9,0.949,44.3,77462
충청남도 태안군_2021,9.1,34.6,0.96,41.8,60913
충청북도 청주시_2021,12.3,28.9,0.958,49.9,844975
충청북도 충주시_2021,12.3,33.3,0.942,45.9,206798
충청북도 제천시_2021,11.9,33.2,0.95,44.9,127926
충청북도 보은군_2021,11.4,37.1,0.942,41.2,31137
충청북도 옥천군_2021,10.6,36.1,0.957,52.9,48987
충청북도 영동군_2021,12.2,36.7,0.958,48.0,44702
충청북도 증평군_2021,12.3,32.4,0.94,43.3,36108
충청북도 진천군_2021,14.7,30.1,0.963,45.4,90380
충청북도 괴산군_2021,14.9,30.7,0.954,45.1,37459
충청북도 음성군_2021,14.7,39.9,0.934,41.1,98091
충청북도 단양군_2021,14.1,33.6,0.952,43.6,27262
