,행정구역,소멸위험지수,소멸위험등급
0,강원특별자치도_2015,0.6873610268168905,C
1,강원특별자치도 강릉시_2015,0.6239108106623947,C
2,강원특별자치도 고성군_2015,0.18750009958398137,B
3,강원특별자치도 동해시_2015,0.7083592595657736,C
4,강원특별자치도 삼척시_2015,0.2305345326378197,B
5,강원특별자치도 속초시_2015,0.8427035815022093,C
6,강원특별자치도 양구군_2015,0.5852383693967742,C
7,강원특별자치도 양양군_2015,0.20302286048898063,B
8,강원특별자치도 영월군_2015,0.25401735960320404,B
9,강원특별자치도 원주시_2015,1.7153964530143109,D
10,강원특별자치도 인제군_2015,0.6393717566701675,C
11,강원특별자치도 정선군_2015,0.22196118377050753,B
12,강원특별자치도 철원군_2015,0.5890043719829263,C
13,강원특별자치도 춘천시_2015,1.0994316806439794,C
14,강원특별자치도 태백시_2015,0.3385845158269358,B
15,강원특별자치도 평창군_2015,0.260274625062739,B
16,강원특별자치도 홍천군_2015,0.3203397827172921,B
17,강원특별자치도 화천군_2015,0.3570751970672426,B
18,강원특별자치도 횡성군_2015,0.3224230587219117,B
19,경기도_2015,2.558837783455033,D
20,경기도 가평군_2015,0.4258470612535009,B
21,경기도 고양시_2015,2.680214332545797,D
22,경기도 과천시_2015,1.9306425794600286,D
23,경기도 광명시_2015,2.5259889223323797,D
24,경기도 광주시_2015,2.6154622288839704,D
25,경기도 구리시_2015,2.673484826869082,D
26,경기도 군포시_2015,3.0974965451465275,D
27,경기도 김포시_2015,2.3847195089215667,D
28,경기도 남양주시_2015,2.362166415926008,D
29,경기도 동두천시_2015,0.8412484708503774,C
30,경기도 부천시_2015,2.9333219329782816,D
31,경기도 성남시_2015,2.417350443071441,D
32,경기도 수원시_2015,4.421850330675927,D
33,경기도 시흥시_2015,4.974503124317034,D
34,경기도 안산시_2015,4.634025584497635,D
35,경기도 안성시_2015,0.9552066815703866,C
36,경기도 안양시_2015,2.8188522413958963,D
37,경기도 양주시_2015,1.586111851090338,D
38,경기도 양평군_2015,0.5513845430961003,B
39,경기도 여주시_2015,0.6674322266808987,C
40,경기도 연천군_2015,0.34231027486958443,B
41,경기도 오산시_2015,5.336184782631133,D
42,경기도 용인시_2015,2.6927401408249017,D
43,경기도 의왕시_2015,2.4717679435098914,D
44,경기도 의정부시_2015,1.809732492231082,D
45,경기도 이천시_2015,1.6932241785483333,D
46,경기도 파주시_2015,1.9366955281775633,D
47,경기도 평택시_2015,2.160819079793824,D
48,경기도 포천시_2015,0.7490193703750927,C
49,경기도 하남시_2015,2.3184066634907414,D
50,경기도 화성시_2015,4.468961816399332,D
51,경상남도_2015,1.1448952538324948,C
52,경상남도 거제시_2015,4.179102596792757,D
53,경상남도 거창군_2015,0.32548716037312164,B
54,경상남도 고성군_2015,0.107733702321091,A
55,경상남도 김해시_2015,3.685819424678916,D
56,경상남도 남해군_2015,0.0026085997831196,A
57,경상남도 밀양시_2015,0.28808687398695415,B
58,경상남도 사천시_2015,0.4363687645105516,B
59,경상남도 산청군_2015,0.197995749679711,B
60,경상남도 양산시_2015,2.4090986449213725,D
61,경상남도 의령군_2015,0.0,A
62,경상남도 진주시_2015,1.2505832921398297,C
63,경상남도 창녕군_2015,0.25416446784723246,B
64,경상남도 창원시_2015,2.2368250666408382,D
65,경상남도 통영시_2015,0.8814825132934564,C
66,경상남도 하동군_2015,0.33982461392881486,B
67,경상남도 함안군_2015,0.4414867582719849,B
68,경상남도 함양군_2015,0.10991646733482939,A
69,경상남도 합천군_2015,0.0,A
70,경상북도_2015,0.5790213774239135,B
71,경상북도 경산시_2015,1.2962890492808394,C
72,경상북도 경주시_2015,0.4797385942786771,B
73,경상북도 고령군_2015,0.07006944631241786,A
74,경상북도 구미시_2015,5.847614630678478,D
75,경상북도 김천시_2015,0.6257131218810944,C
76,경상북도 문경시_2015,0.21379691578837362,B
77,경상북도 봉화군_2015,0.09901899210982136,A
78,경상북도 상주시_2015,0.1533124034436744,A
79,경상북도 성주군_2015,0.1907526008582882,B
80,경상북도 안동시_2015,0.4438218622772092,B
81,경상북도 영덕군_2015,0.047761438176384535,A
82,경상북도 영양군_2015,0.0,A
83,경상북도 영주시_2015,0.2391633257051284,B
84,경상북도 영천시_2015,0.2377582938001661,B
85,경상북도 예천군_2015,0.02891125359759647,A
86,경상북도 울릉군_2015,0.2279141704889121,B
87,경상북도 울진군_2015,0.19389122489301386,B
88,경상북도 의성군_2015,0.013627236879474702,A
89,경상북도 청도군_2015,0.10787894437014828,A
90,경상북도 청송군_2015,0.1283754729779099,A
91,경상북도 칠곡군_2015,1.5566164149400403,D
92,경상북도 포항시_2015,1.3590305506258058,D
93,광주광역시_2015,2.1464364438562487,D
94,광주광역시 광산구_2015,5.058368083251393,D
95,광주광역시 남구_2015,1.3522928600314068,D
96,광주광역시 동구_2015,0.40649057475097794,B
97,광주광역시 북구_2015,2.0037487375010583,D
98,광주광역시 서구_2015,2.31007050794567,D
99,대구광역시_2015,1.4906695781836845,D
100,대구광역시 군위군_2015,0.13666452552703914,A
101,대구광역시 남구_2015,0.5260261522404586,B
102,대구광역시 달서구_2015,2.680683813542956,D
103,대구광역시 달성군_2015,2.003096156218731,D
104,대구광역시 동구_2015,0.9089624498250626,C
105,대구광역시 북구_2015,2.0892042636036683,D
106,대구광역시 서구_2015,0.6549635449903378,C
107,대구광역시 수성구_2015,1.7920967971708321,D
108,대구광역시 중구_2015,0.7427790291293993,C
109,대전광역시_2015,2.2281883596222074,D
110,대전광역시 대덕구_2015,1.8517003283002498,D
111,대전광역시 동구_2015,0.835404541449332,C
112,대전광역시 서구_2015,3.2822403104425444,D
113,대전광역시 유성구_2015,6.013181861662981,D
114,대전광역시 중구_2015,0.9588376628197703,C
115,부산광역시_2015,1.0484382572029385,C
116,부산광역시 강서구_2015,2.258737379392752,D
117,부산광역시 금정구_2015,0.8612065514330272,C
118,부산광역시 기장군_2015,1.7665661011602038,D
119,부산광역시 남구_2015,0.83500406411167,C
120,부산광역시 동구_2015,0.17967041591465277,B
121,부산광역시 동래구_2015,1.1303816112128957,C
122,부산광역시 부산진구_2015,0.915081082940735,C
123,부산광역시 북구_2015,1.8790103687357813,D
124,부산광역시 사상구_2015,1.3003119516320307,C
125,부산광역시 사하구_2015,1.1937342244505806,C
126,부산광역시 서구_2015,0.3251638190002764,B
127,부산광역시 수영구_2015,0.9125055853358393,C
128,부산광역시 연제구_2015,1.1171549262567364,C
129,부산광역시 영도구_2015,0.22880983205612876,B
130,부산광역시 중구_2015,0.3010238156275302,B
131,부산광역시 해운대구_2015,1.5295411797998826,D
132,서울특별시_2015,1.770039234316745,D
133,서울특별시 강남구_2015,3.3374597942130824,D
134,서울특별시 강동구_2015,1.9454754403407526,D
135,서울특별시 강북구_2015,0.8759298057550254,C
136,서울특별시 강서구_2015,2.2463318436689015,D
137,서울특별시 관악구_2015,1.8711148488837825,D
138,서울특별시 광진구_2015,2.6143361725284127,D
139,서울특별시 구로구_2015,1.6564135510025224,D
140,서울특별시 금천구_2015,1.4214325993206336,D
141,서울특별시 노원구_2015,1.8403437722606857,D
142,서울특별시 도봉구_2015,1.2935657312685476,C
143,서울특별시 동대문구_2015,1.1615103722978248,C
144,서울특별시 동작구_2015,1.5365143239798473,D
145,서울특별시 마포구_2015,2.104351660798661,D
146,서울특별시 서대문구_2015,1.2590933178034118,C
147,서울특별시 서초구_2015,2.7337222839002506,D
148,서울특별시 성동구_2015,1.7319638508895783,D
149,서울특별시 성북구_2015,1.342951990661072,D
150,서울특별시 송파구_2015,2.9802997654564196,D
151,서울특별시 양천구_2015,2.727172867188379,D
152,서울특별시 영등포구_2015,1.473837510611323,D
153,서울특별시 용산구_2015,1.0900241361912202,C
154,서울특별시 은평구_2015,1.3760664101490592,D
155,서울특별시 종로구_2015,0.9668910352245527,C
156,서울특별시 중구_2015,0.8436422732145479,C
157,서울특별시 중랑구_2015,1.4625886858766284,D
158,세종특별자치시_2015,3.333634781804432,D
159,울산광역시_2015,3.439005986145737,D
160,울산광역시 남구_2015,4.35771298478758,D
161,울산광역시 동구_2015,4.030839555645279,D
162,울산광역시 북구_2015,7.161515038047316,D
163,울산광역시 울주군_2015,1.9390332860656159,D
164,울산광역시 중구_2015,2.6226539241737834,D
165,인천광역시_2015,2.3877639904292836,D
166,인천광역시 강화군_2015,0.25448384269418994,B
167,인천광역시 계양구_2015,3.9056919879938254,D
168,인천광역시 남동구_2015,3.133397232163686,D
169,인천광역시 동구_2015,0.49455991208452005,B
170,인천광역시 미추홀구_2015,1.216975718565153,C
171,인천광역시 부평구_2015,2.4107727601025046,D
172,인천광역시 서구_2015,4.582645829427933,D
173,인천광역시 연수구_2015,4.785205611521492,D
174,인천광역시 옹진군_2015,0.27367423120254364,B
175,인천광역시 중구_2015,1.3329294412559811,D
176,전라남도_2015,0.4054474644566499,B
177,전라남도 강진군_2015,0.0,A
178,전라남도 고흥군_2015,0.01034650254358837,A
179,전라남도 곡성군_2015,0.14303642828369928,A
180,전라남도 광양시_2015,2.2263454112260495,D
181,전라남도 구례군_2015,0.21924510479622206,B
182,전라남도 나주시_2015,0.636493240793141,C
183,전라남도 담양군_2015,0.12717584662307627,A
184,전라남도 목포시_2015,1.3282919971285092,C
185,전라남도 무안군_2015,0.513932664301234,B
186,전라남도 보성군_2015,0.01543641050802367,A
187,전라남도 순천시_2015,1.4138957885192274,D
188,전라남도 신안군_2015,0.031860101963468654,A
189,전라남도 여수시_2015,0.7976930156795098,C
190,전라남도 영광군_2015,0.11563399607594028,A
191,전라남도 영암군_2015,0.1292222376570698,A
192,전라남도 완도군_2015,0.13893059320092474,A
193,전라남도 장성군_2015,0.1790835447798139,B
194,전라남도 장흥군_2015,0.215535206053176,B
195,전라남도 진도군_2015,0.06626576087716028,A
196,전라남도 함평군_2015,0.0872778509372439,A
197,전라남도 해남군_2015,0.0288737664554697,A
198,전라남도 화순군_2015,0.18003739074842318,B
199,전북특별자치도_2015,0.6041819014435723,C
200,전북특별자치도 고창군_2015,0.1689146238156742,B
201,전북특별자치도 군산시_2015,0.934026043452818,C
202,전북특별자치도 김제시_2015,0.07031722948911305,A
203,전북특별자치도 남원시_2015,0.20027203170062785,B
204,전북특별자치도 무주군_2015,0.08252515471501096,A
205,전북특별자치도 부안군_2015,0.08260066556152984,A
206,전북특별자치도 순창군_2015,0.136377081323048,A
207,전북특별자치도 완주군_2015,0.7913203947137987,C
208,전북특별자치도 익산시_2015,0.8224477568462696,C
209,전북특별자치도 임실군_2015,0.21914004599349818,B
210,전북특별자치도 장수군_2015,0.15720416850444716,A
211,전북특별자치도 전주시_2015,1.8243472398317206,D
212,전북특별자치도 정읍시_2015,0.18636967327858842,B
213,전북특별자치도 진안군_2015,0.05928680183277906,A
214,제주특별자치도_2015,1.356678256948242,D
215,제주특별자치도 서귀포시_2015,0.8317692020679924,C
216,제주특별자치도 제주시_2015,1.722251909989231,D
217,충청남도_2015,0.7861311297459856,C
218,충청남도 계룡시_2015,3.9124743234636066,D
219,충청남도 공주시_2015,0.19719213181041265,B
220,충청남도 금산군_2015,0.16644990224591197,B
221,충청남도 논산시_2015,0.29152972364653473,B
222,충청남도 당진시_2015,0.7440730053155037,C
223,충청남도 보령시_2015,0.3627010901359951,B
224,충청남도 부여군_2015,0.104862602057986,A
225,충청남도 서산시_2015,0.8510037242212019,C
226,충청남도 서천군_2015,0.03096910701057827,A
227,충청남도 아산시_2015,1.9529343361561833,D
228,충청남도 예산군_2015,0.03714006360453845,A
229,충청남도 천안시_2015,3.6644197108030894,D
230,충청남도 청양군_2015,0.24168423264481126,B
231,충청남도 태안군_2015,0.32964576681335217,B
232,충청남도 홍성군_2015,0.5882767312581592,C
233,충청북도_2015,0.9868032163523649,C
234,충청북도 괴산군_2015,0.2500175067927711,B
235,충청북도 단양군_2015,0.169283165206637,B
236,충청북도 보은군_2015,0.19287738495559287,B
237,충청북도 영동군_2015,0.20592824520818992,B
238,충청북도 옥천군_2015,0.2485872963971352,B
239,충청북도 음성군_2015,0.6625011710996592,C
240,충청북도 제천시_2015,0.5849952663949483,C
241,충청북도 증평군_2015,1.4373833198513473,D
242,충청북도 진천군_2015,0.9818034501768189,C
243,충청북도 청주시_2015,2.3329718516471902,D
244,충청북도 충주시_2015,0.713414573781605,C
245,강원특별자치도_2016,0.6353563734638539,C
246,강원특별자치도 강릉시_2016,0.596853875139251,C
247,강원특별자치도 고성군_2016,0.22877412937536576,B
248,강원특별자치도 동해시_2016,0.6524257318216993,C
249,강원특별자치도 삼척시_2016,0.22441035907951734,B
250,강원특별자치도 속초시_2016,0.7975680808159028,C
251,강원특별자치도 양구군_2016,0.4528629270089078,B
252,강원특별자치도 양양군_2016,0.13201305499857605,A
253,강원특별자치도 영월군_2016,0.1930522427649032,B
254,강원특별자치도 원주시_2016,1.6260416055660072,D
255,강원특별자치도 인제군_2016,0.33090581002857256,B
256,강원특별자치도 정선군_2016,0.1373675096895921,A
257,강원특별자치도 철원군_2016,0.24985066989325858,B
258,강원특별자치도 춘천시_2016,1.0868765076610252,C
259,강원특별자치도 태백시_2016,0.3429137868638426,B
260,강원특별자치도 평창군_2016,0.2435617914582036,B
261,강원특별자치도 홍천군_2016,0.2934358759420431,B
262,강원특별자치도 화천군_2016,0.20025406508343951,B
263,강원특별자치도 횡성군_2016,0.277018174361137,B
264,경기도_2016,2.4020680504148637,D
265,경기도 가평군_2016,0.37922540219745665,B
266,경기도 고양시_2016,2.4494756744039314,D
267,경기도 과천시_2016,1.3896326257478533,D
268,경기도 광명시_2016,2.2098830637726374,D
269,경기도 광주시_2016,2.4977109437361125,D
270,경기도 구리시_2016,2.701054938586899,D
271,경기도 군포시_2016,2.694367104529654,D
272,경기도 김포시_2016,2.2987883320718407,D
273,경기도 남양주시_2016,2.0875892479536597,D
274,경기도 동두천시_2016,0.766416663909435,C
275,경기도 부천시_2016,2.6933501232449357,D
276,경기도 성남시_2016,2.28763718901751,D
277,경기도 수원시_2016,4.04339574942411,D
278,경기도 시흥시_2016,4.5256979113949285,D
279,경기도 안산시_2016,4.1614196558306,D
280,경기도 안성시_2016,1.0794436140671269,C
281,경기도 안양시_2016,2.6240291818106054,D
282,경기도 양주시_2016,1.3835495788453673,D
283,경기도 양평군_2016,0.5325897120146721,B
284,경기도 여주시_2016,0.6195251419151536,C
285,경기도 연천군_2016,0.29207802229842345,B
286,경기도 오산시_2016,5.020793537914268,D
287,경기도 용인시_2016,2.5185053847074026,D
288,경기도 의왕시_2016,2.1986749564479373,D
289,경기도 의정부시_2016,1.693619701351901,D
290,경기도 이천시_2016,1.8332022307541436,D
291,경기도 파주시_2016,1.8035430165782544,D
292,경기도 평택시_2016,2.086489717417375,D
293,경기도 포천시_2016,0.7052181077233276,C
294,경기도 하남시_2016,2.9217676370163383,D
295,경기도 화성시_2016,4.472124456855936,D
296,경상남도_2016,1.0404057025350442,C
297,경상남도 거제시_2016,3.7152058878532244,D
298,경상남도 거창군_2016,0.28229414946809067,B
299,경상남도 고성군_2016,0.10267275497005046,A
300,경상남도 김해시_2016,3.279388941775714,D
301,경상남도 남해군_2016,0.0200422301962149,A
302,경상남도 밀양시_2016,0.2950465193058388,B
303,경상남도 사천시_2016,0.41946869980105267,B
304,경상남도 산청군_2016,0.16156323408867646,B
305,경상남도 양산시_2016,2.3665678382538804,D
306,경상남도 의령군_2016,0.020009720135204023,A
307,경상남도 진주시_2016,1.1393448999846345,C
308,경상남도 창녕군_2016,0.20838636322890897,B
309,경상남도 창원시_2016,1.9281212407931658,D
310,경상남도 통영시_2016,0.7515314536389724,C
311,경상남도 하동군_2016,0.07024402887336945,A
312,경상남도 함안군_2016,0.3444603273814777,B
313,경상남도 함양군_2016,0.15710741884573215,A
314,경상남도 합천군_2016,0.0,A
315,경상북도_2016,0.5226298874680289,B
316,경상북도 경산시_2016,1.1376602950110448,C
317,경상북도 경주시_2016,0.4776959130936539,B
318,경상북도 고령군_2016,0.09379884089098892,A
319,경상북도 구미시_2016,5.216373757052696,D
320,경상북도 김천시_2016,0.5032829843800948,B
321,경상북도 문경시_2016,0.087679006893148,A
322,경상북도 봉화군_2016,0.06385859601125415,A
323,경상북도 상주시_2016,0.15358936825043804,A
324,경상북도 성주군_2016,0.20824277622290882,B
325,경상북도 안동시_2016,0.37865051642512926,B
326,경상북도 영덕군_2016,0.13225521957806868,A
327,경상북도 영양군_2016,0.04349217150269284,A
328,경상북도 영주시_2016,0.26368849412837686,B
329,경상북도 영천시_2016,0.22462631869778565,B
330,경상북도 예천군_2016,0.4541763227284371,B
331,경상북도 울릉군_2016,0.16500048401781817,B
332,경상북도 울진군_2016,0.2117253490381413,B
333,경상북도 의성군_2016,0.07118687939223942,A
334,경상북도 청도군_2016,0.12217635063339331,A
335,경상북도 청송군_2016,0.11749080199160933,A
336,경상북도 칠곡군_2016,1.4525831176160264,D
337,경상북도 포항시_2016,1.1320089752048066,C
338,광주광역시_2016,1.9395831233774143,D
339,광주광역시 광산구_2016,4.713492985396646,D
340,광주광역시 남구_2016,1.1024215009629632,C
341,광주광역시 동구_2016,0.29969866094865355,B
342,광주광역시 북구_2016,1.6707133234916998,D
343,광주광역시 서구_2016,2.317246854388829,D
344,대구광역시_2016,1.341888854393351,D
345,대구광역시 군위군_2016,0.17810204772586782,B
346,대구광역시 남구_2016,0.36994574682972486,B
347,대구광역시 달서구_2016,2.1788123173536293,D
348,대구광역시 달성군_2016,2.5509058268237075,D
349,대구광역시 동구_2016,0.8346708629611764,C
350,대구광역시 북구_2016,1.8252474460578534,D
351,대구광역시 서구_2016,0.4037257304027738,B
352,대구광역시 수성구_2016,1.5829943912231004,D
353,대구광역시 중구_2016,0.47660392780122124,B
354,대전광역시_2016,2.055160954778948,D
355,대전광역시 대덕구_2016,1.5678330484266623,D
356,대전광역시 동구_2016,0.7720187028534264,C
357,대전광역시 서구_2016,3.0061589593409366,D
358,대전광역시 유성구_2016,5.629019253782486,D
359,대전광역시 중구_2016,0.884168394047574,C
360,부산광역시_2016,0.9100595131862815,C
361,부산광역시 강서구_2016,2.4590178126797486,D
362,부산광역시 금정구_2016,0.7992584852791992,C
363,부산광역시 기장군_2016,1.5530163666511987,D
364,부산광역시 남구_2016,0.6956536100323061,C
365,부산광역시 동구_2016,0.13941735208928374,A
366,부산광역시 동래구_2016,1.0600117971122718,C
367,부산광역시 부산진구_2016,0.7964332318354436,C
368,부산광역시 북구_2016,1.5272610796112405,D
369,부산광역시 사상구_2016,1.0579992977117991,C
370,부산광역시 사하구_2016,1.0471738656693705,C
371,부산광역시 서구_2016,0.2101495562039234,B
372,부산광역시 수영구_2016,0.778908358403999,C
373,부산광역시 연제구_2016,0.8579023418212581,C
374,부산광역시 영도구_2016,0.14717597039722108,A
375,부산광역시 중구_2016,0.3087427067709806,B
376,부산광역시 해운대구_2016,1.3143977740931136,C
377,서울특별시_2016,1.6118215510458487,D
378,서울특별시 강남구_2016,2.9327942593720406,D
379,서울특별시 강동구_2016,1.695499125201958,D
380,서울특별시 강북구_2016,0.7830345386134135,C
381,서울특별시 강서구_2016,2.1155471478732357,D
382,서울특별시 관악구_2016,1.7261746801419597,D
383,서울특별시 광진구_2016,2.3770317909629064,D
384,서울특별시 구로구_2016,1.4516189472508672,D
385,서울특별시 금천구_2016,1.3009832867345514,C
386,서울특별시 노원구_2016,1.6613161772046836,D
387,서울특별시 도봉구_2016,1.1162269045265576,C
388,서울특별시 동대문구_2016,1.0318719153626355,C
389,서울특별시 동작구_2016,1.5339219349989526,D
390,서울특별시 마포구_2016,1.9116089074845992,D
391,서울특별시 서대문구_2016,1.22712536152708,C
392,서울특별시 서초구_2016,2.5692501939697134,D
393,서울특별시 성동구_2016,1.6758926211739948,D
394,서울특별시 성북구_2016,1.2055424712392402,C
395,서울특별시 송파구_2016,2.7224226307015145,D
396,서울특별시 양천구_2016,2.3525286664817116,D
397,서울특별시 영등포구_2016,1.329380278962376,D
398,서울특별시 용산구_2016,1.0232797037007628,C
399,서울특별시 은평구_2016,1.1814989953917339,C
400,서울특별시 종로구_2016,0.8868912477685253,C
401,서울특별시 중구_2016,0.8945272653332406,C
402,서울특별시 중랑구_2016,1.3279276228216654,C
403,세종특별자치시_2016,3.3475163146185056,D
404,울산광역시_2016,2.940831694006402,D
405,울산광역시 남구_2016,3.7318002455470536,D
406,울산광역시 동구_2016,3.460750568819501,D
407,울산광역시 북구_2016,6.487422567120393,D
408,울산광역시 울주군_2016,1.5792905004469284,D
409,울산광역시 중구_2016,2.011705775479266,D
410,인천광역시_2016,2.1852708246028016,D
411,인천광역시 강화군_2016,0.23476396767691185,B
412,인천광역시 계양구_2016,3.376758176546553,D
413,인천광역시 남동구_2016,2.616322852320419,D
414,인천광역시 동구_2016,0.41764835756815843,B
415,인천광역시 미추홀구_2016,1.402964644469571,D
416,인천광역시 부평구_2016,2.1126012782870442,D
417,인천광역시 서구_2016,4.175811616320489,D
418,인천광역시 연수구_2016,4.559381750540624,D
419,인천광역시 옹진군_2016,0.3106774572618408,B
420,인천광역시 중구_2016,1.2066273039486073,C
421,전라남도_2016,0.35130251771689747,B
422,전라남도 강진군_2016,0.0,A
423,전라남도 고흥군_2016,0.011612182166050762,A
424,전라남도 곡성군_2016,0.06715267921240416,A
425,전라남도 광양시_2016,2.107890347550896,D
426,전라남도 구례군_2016,0.20245257470443961,B
427,전라남도 나주시_2016,0.6165655815659654,C
428,전라남도 담양군_2016,0.20665049007503006,B
429,전라남도 목포시_2016,1.2053617323567871,C
430,전라남도 무안군_2016,0.4244731131582785,B
431,전라남도 보성군_2016,0.0,A
432,전라남도 순천시_2016,1.2483971345931277,C
433,전라남도 신안군_2016,0.0,A
434,전라남도 여수시_2016,0.7004949543649623,C
435,전라남도 영광군_2016,0.08869468059976486,A
436,전라남도 영암군_2016,0.04858235132438657,A
437,전라남도 완도군_2016,0.06360092586916019,A
438,전라남도 장성군_2016,0.11738822041291064,A
439,전라남도 장흥군_2016,0.0,A
440,전라남도 진도군_2016,0.042117994888625665,A
441,전라남도 함평군_2016,0.005951271934514779,A
442,전라남도 해남군_2016,0.0,A
443,전라남도 화순군_2016,0.23188765739145523,B
444,전북특별자치도_2016,0.5537712851890226,B
445,전북특별자치도 고창군_2016,0.23756102310613253,B
446,전북특별자치도 군산시_2016,0.8301984221549248,C
447,전북특별자치도 김제시_2016,0.09676374490484799,A
448,전북특별자치도 남원시_2016,0.1933373537587039,B
449,전북특별자치도 무주군_2016,0.0644774071433298,A
450,전북특별자치도 부안군_2016,0.2040228226703588,B
451,전북특별자치도 순창군_2016,0.061995639407250724,A
452,전북특별자치도 완주군_2016,0.4213233988467491,B
453,전북특별자치도 익산시_2016,0.7492472178510041,C
454,전북특별자치도 임실군_2016,0.11460063318411133,A
455,전북특별자치도 장수군_2016,0.3290132460547588,B
456,전북특별자치도 전주시_2016,1.6767745721708855,D
457,전북특별자치도 정읍시_2016,0.2091457919362183,B
458,전북특별자치도 진안군_2016,0.10417059902327301,A
459,제주특별자치도_2016,1.302387769609075,C
460,제주특별자치도 서귀포시_2016,0.8179125284172639,C
461,제주특별자치도 제주시_2016,1.6361066837356766,D
462,충청남도_2016,0.7674828875328231,C
463,충청남도 계룡시_2016,3.5552126863127476,D
464,충청남도 공주시_2016,0.24036273327628035,B
465,충청남도 금산군_2016,0.15634367444243458,A
466,충청남도 논산시_2016,0.2270556027441814,B
467,충청남도 당진시_2016,0.6956165383386297,C
468,충청남도 보령시_2016,0.2346492055924446,B
469,충청남도 부여군_2016,0.0449725325134077,A
470,충청남도 서산시_2016,0.7185166388913393,C
471,충청남도 서천군_2016,0.023329676204663835,A
472,충청남도 아산시_2016,1.8732499044938025,D
473,충청남도 예산군_2016,0.0,A
474,충청남도 천안시_2016,3.530598247040254,D
475,충청남도 청양군_2016,0.26510246911464985,B
476,충청남도 태안군_2016,0.25268759574446686,B
477,충청남도 홍성군_2016,0.74345715584611,C
478,충청북도_2016,0.9394101476718821,C
479,충청북도 괴산군_2016,0.20265601229458313,B
480,충청북도 단양군_2016,0.13846349701990862,A
481,충청북도 보은군_2016,0.15197295207740863,A
482,충청북도 영동군_2016,0.1884806241759857,B
483,충청북도 옥천군_2016,0.21229427670168466,B
484,충청북도 음성군_2016,0.6682125233440808,C
485,충청북도 제천시_2016,0.6000492394892003,C
486,충청북도 증평군_2016,1.0970988236335137,C
487,충청북도 진천군_2016,0.896069876492903,C
488,충청북도 청주시_2016,2.1760351197861327,D
489,충청북도 충주시_2016,0.6992673542896669,C
490,강원특별자치도_2017,0.5567291243019709,B
491,강원특별자치도 강릉시_2017,0.549556518212774,B
492,강원특별자치도 고성군_2017,0.19159041466370313,B
493,강원특별자치도 동해시_2017,0.5756906336002369,B
494,강원특별자치도 삼척시_2017,0.20908004405126102,B
495,강원특별자치도 속초시_2017,0.7599530170655776,C
496,강원특별자치도 양구군_2017,0.3830169557907174,B
497,강원특별자치도 양양군_2017,0.19382348798915106,B
498,강원특별자치도 영월군_2017,0.2308881828233545,B
499,강원특별자치도 원주시_2017,1.4018979007725716,D
500,강원특별자치도 인제군_2017,0.3718644623061331,B
501,강원특별자치도 정선군_2017,0.10047099650589202,A
502,강원특별자치도 철원군_2017,0.21341631962950608,B
503,강원특별자치도 춘천시_2017,0.8982217745316192,C
504,강원특별자치도 태백시_2017,0.14920166608952096,A
505,강원특별자치도 평창군_2017,0.19775614555055965,B
506,강원특별자치도 홍천군_2017,0.32028335151870213,B
507,강원특별자치도 화천군_2017,0.29165062481040893,B
508,강원특별자치도 횡성군_2017,0.2812128822322432,B
509,경기도_2017,2.095616820018792,D
510,경기도 가평군_2017,0.36706984551898214,B
511,경기도 고양시_2017,2.085585427159646,D
512,경기도 과천시_2017,0.9270606386561061,C
513,경기도 광명시_2017,1.8358958564939658,D
514,경기도 광주시_2017,2.3034152687763134,D
515,경기도 구리시_2017,2.4038215047212383,D
516,경기도 군포시_2017,2.213449560481969,D
517,경기도 김포시_2017,2.408640912562311,D
518,경기도 남양주시_2017,1.7165643361618697,D
519,경기도 동두천시_2017,0.5629816819050978,B
520,경기도 부천시_2017,2.2268576580284885,D
521,경기도 성남시_2017,1.9222879548022234,D
522,경기도 수원시_2017,3.4583642944948108,D
523,경기도 시흥시_2017,4.201624985521179,D
524,경기도 안산시_2017,3.3992778613835113,D
525,경기도 안성시_2017,0.8500933251642105,C
526,경기도 안양시_2017,2.1351625580169227,D
527,경기도 양주시_2017,1.4161272475458504,D
528,경기도 양평군_2017,0.5551287502960567,B
529,경기도 여주시_2017,0.5490882757434523,B
530,경기도 연천군_2017,0.15987148558625974,B
531,경기도 오산시_2017,4.476207830088827,D
532,경기도 용인시_2017,2.187556191385997,D
533,경기도 의왕시_2017,1.7915739907786399,D
534,경기도 의정부시_2017,1.4828720842362684,D
535,경기도 이천시_2017,1.5691450525476662,D
536,경기도 파주시_2017,1.6458132551632751,D
537,경기도 평택시_2017,1.9295162844036926,D
538,경기도 포천시_2017,0.5281845539086387,B
539,경기도 하남시_2017,2.4134411437231216,D
540,경기도 화성시_2017,4.367387742033771,D
541,경상남도_2017,0.9169243522174465,C
542,경상남도 거제시_2017,3.037757382320815,D
543,경상남도 거창군_2017,0.16109180966633116,B
544,경상남도 고성군_2017,0.08602905882129089,A
545,경상남도 김해시_2017,2.849356559119711,D
546,경상남도 남해군_2017,0.08033840551578028,A
547,경상남도 밀양시_2017,0.1876449524427856,B
548,경상남도 사천시_2017,0.38478434636542486,B
549,경상남도 산청군_2017,0.2161929658243594,B
550,경상남도 양산시_2017,2.26414259124258,D
551,경상남도 의령군_2017,0.06691458986966434,A
552,경상남도 진주시_2017,0.9691263921722851,C
553,경상남도 창녕군_2017,0.18755437347707365,B
554,경상남도 창원시_2017,1.597886775575458,D
555,경상남도 통영시_2017,0.5307562664357527,B
556,경상남도 하동군_2017,0.036967208686410076,A
557,경상남도 함안군_2017,0.23830524041529813,B
558,경상남도 함양군_2017,0.17953948622290733,B
559,경상남도 합천군_2017,0.0,A
560,경상북도_2017,0.4481838211060118,B
561,경상북도 경산시_2017,1.017292968081094,C
562,경상북도 경주시_2017,0.37775307438870187,B
563,경상북도 고령군_2017,0.039189382223405386,A
564,경상북도 구미시_2017,4.49992221359479,D
565,경상북도 김천시_2017,0.41405762245030603,B
566,경상북도 문경시_2017,0.021167821614539478,A
567,경상북도 봉화군_2017,0.05531724875516074,A
568,경상북도 상주시_2017,0.11899174212485089,A
569,경상북도 성주군_2017,0.15045215707025086,A
570,경상북도 안동시_2017,0.24043019951667416,B
571,경상북도 영덕군_2017,0.012900513799085404,A
572,경상북도 영양군_2017,0.0,A
573,경상북도 영주시_2017,0.20759532317528626,B
574,경상북도 영천시_2017,0.22831230185103468,B
575,경상북도 예천군_2017,0.663674487804444,C
576,경상북도 울릉군_2017,0.22741268106129417,B
577,경상북도 울진군_2017,0.07930825992342191,A
578,경상북도 의성군_2017,0.07127639610889905,A
579,경상북도 청도군_2017,0.11058694304366393,A
580,경상북도 청송군_2017,0.037283878413834626,A
581,경상북도 칠곡군_2017,1.0303062677593067,C
582,경상북도 포항시_2017,0.9307264516831153,C
583,광주광역시_2017,1.6910559789570083,D
584,광주광역시 광산구_2017,4.226559519911322,D
585,광주광역시 남구_2017,0.9682036175502026,C
586,광주광역시 동구_2017,0.42785612173195486,B
587,광주광역시 북구_2017,1.4753483587071436,D
588,광주광역시 서구_2017,1.8656528682374716,D
589,대구광역시_2017,1.1333744976838174,C
590,대구광역시 군위군_2017,0.17209639044229014,B
591,대구광역시 남구_2017,0.32494033570075354,B
592,대구광역시 달서구_2017,1.667763757662272,D
593,대구광역시 달성군_2017,2.5624691041367695,D
594,대구광역시 동구_2017,0.6448901615778326,C
595,대구광역시 북구_2017,1.639273250167862,D
596,대구광역시 서구_2017,0.2178862830569514,B
597,대구광역시 수성구_2017,1.2979408680206943,C
598,대구광역시 중구_2017,0.49904881033715986,B
599,대전광역시_2017,1.7363175064785148,D
600,대전광역시 대덕구_2017,1.1900660787242834,C
601,대전광역시 동구_2017,0.6488767468568324,C
602,대전광역시 서구_2017,2.530312816972449,D
603,대전광역시 유성구_2017,4.898368236147097,D
604,대전광역시 중구_2017,0.7469813547530297,C
605,부산광역시_2017,0.7492900449097718,C
606,부산광역시 강서구_2017,2.199073983338911,D
607,부산광역시 금정구_2017,0.7062728982318894,C
608,부산광역시 기장군_2017,1.2924351755443768,C
609,부산광역시 남구_2017,0.5434863974198331,B
610,부산광역시 동구_2017,0.22953528348974764,B
611,부산광역시 동래구_2017,0.8513016055020185,C
612,부산광역시 부산진구_2017,0.7061863641591164,C
613,부산광역시 북구_2017,1.0148678562467315,C
614,부산광역시 사상구_2017,0.8663799758393087,C
615,부산광역시 사하구_2017,0.9091061692080824,C
616,부산광역시 서구_2017,0.17318865302829659,B
617,부산광역시 수영구_2017,0.7274959642725427,C
618,부산광역시 연제구_2017,0.8391039532677314,C
619,부산광역시 영도구_2017,0.10799114551583378,A
620,부산광역시 중구_2017,0.20127584648701802,B
621,부산광역시 해운대구_2017,0.9841115349102395,C
622,서울특별시_2017,1.4258175620965814,D
623,서울특별시 강남구_2017,2.4590015745215275,D
624,서울특별시 강동구_2017,1.5142131892327841,D
625,서울특별시 강북구_2017,0.7025388359880872,C
626,서울특별시 강서구_2017,1.8940399735433022,D
627,서울특별시 관악구_2017,1.55020651700379,D
628,서울특별시 광진구_2017,2.1601607567462437,D
629,서울특별시 구로구_2017,1.167637745048851,C
630,서울특별시 금천구_2017,1.1456720738004196,C
631,서울특별시 노원구_2017,1.2932039008875709,C
632,서울특별시 도봉구_2017,0.8998859091145713,C
633,서울특별시 동대문구_2017,0.9063281278377187,C
634,서울특별시 동작구_2017,1.2980150620606368,C
635,서울특별시 마포구_2017,1.7972874207201956,D
636,서울특별시 서대문구_2017,1.0666081017940958,C
637,서울특별시 서초구_2017,2.175034140938113,D
638,서울특별시 성동구_2017,1.6554738202302564,D
639,서울특별시 성북구_2017,1.1059002434815821,C
640,서울특별시 송파구_2017,2.4463131952621446,D
641,서울특별시 양천구_2017,1.9423701262472863,D
642,서울특별시 영등포구_2017,1.2839305137638712,C
643,서울특별시 용산구_2017,1.028716215854031,C
644,서울특별시 은평구_2017,1.0524514932740932,C
645,서울특별시 종로구_2017,1.0045055556537665,C
646,서울특별시 중구_2017,0.8949390498783137,C
647,서울특별시 중랑구_2017,1.1162423101035222,C
648,세종특별자치시_2017,3.5687383009917326,D
649,울산광역시_2017,2.368234425874136,D
650,울산광역시 남구_2017,2.8824214726749884,D
651,울산광역시 동구_2017,2.4390626530723054,D
652,울산광역시 북구_2017,5.6651363336871015,D
653,울산광역시 울주군_2017,1.4515616473101418,D
654,울산광역시 중구_2017,1.5367011434311681,D
655,인천광역시_2017,1.8572228363226833,D
656,인천광역시 강화군_2017,0.2850637952908035,B
657,인천광역시 계양구_2017,2.630144785832204,D
658,인천광역시 남동구_2017,2.2875536307360753,D
659,인천광역시 동구_2017,0.31539157615646274,B
660,인천광역시 미추홀구_2017,1.1146174131805284,C
661,인천광역시 부평구_2017,1.721959390443177,D
662,인천광역시 서구_2017,3.556951055396359,D
663,인천광역시 연수구_2017,3.9839212881891233,D
664,인천광역시 옹진군_2017,0.24768664738630153,B
665,인천광역시 중구_2017,1.2613176567382696,C
666,전라남도_2017,0.32131254935572306,B
667,전라남도 강진군_2017,0.0,A
668,전라남도 고흥군_2017,0.04441919875767679,A
669,전라남도 곡성군_2017,0.08471825254103421,A
670,전라남도 광양시_2017,1.7997340359804552,D
671,전라남도 구례군_2017,0.19386787673118294,B
672,전라남도 나주시_2017,0.6309843707894689,C
673,전라남도 담양군_2017,0.18167045969341045,B
674,전라남도 목포시_2017,0.9685115085305942,C
675,전라남도 무안군_2017,0.5265483050923385,B
676,전라남도 보성군_2017,0.0,A
677,전라남도 순천시_2017,1.1497583431132803,C
678,전라남도 신안군_2017,0.0,A
679,전라남도 여수시_2017,0.5804128087959776,B
680,전라남도 영광군_2017,0.0345748169376235,A
681,전라남도 영암군_2017,0.0,A
682,전라남도 완도군_2017,0.04188534902221714,A
683,전라남도 장성군_2017,0.17255509388175946,B
684,전라남도 장흥군_2017,0.04567582763974573,A
685,전라남도 진도군_2017,0.06497719056552628,A
686,전라남도 함평군_2017,0.12912405588637793,A
687,전라남도 해남군_2017,0.0,A
688,전라남도 화순군_2017,0.19452014460539507,B
689,전북특별자치도_2017,0.48568017271209923,B
690,전북특별자치도 고창군_2017,0.16324225212147908,B
691,전북특별자치도 군산시_2017,0.6842596469817785,C
692,전북특별자치도 김제시_2017,0.10160269265667901,A
693,전북특별자치도 남원시_2017,0.15383473362406877,A
694,전북특별자치도 무주군_2017,0.11700056912394621,A
695,전북특별자치도 부안군_2017,0.03221992675030316,A
696,전북특별자치도 순창군_2017,0.0720772489509525,A
697,전북특별자치도 완주군_2017,0.4274767441665056,B
698,전북특별자치도 익산시_2017,0.7126723337311544,C
699,전북특별자치도 임실군_2017,0.12592404088298073,A
700,전북특별자치도 장수군_2017,0.0,A
701,전북특별자치도 전주시_2017,1.458810594719097,D
702,전북특별자치도 정읍시_2017,0.16829485060108076,B
703,전북특별자치도 진안군_2017,0.24397500618912593,B
704,제주특별자치도_2017,1.2319944071651856,C
705,제주특별자치도 서귀포시_2017,0.8346814075208815,C
706,제주특별자치도 제주시_2017,1.5071932047800376,D
707,충청남도_2017,0.7246126647194024,C
708,충청남도 계룡시_2017,3.151104794561221,D
709,충청남도 공주시_2017,0.2025230892423583,B
710,충청남도 금산군_2017,0.04851467353516782,A
711,충청남도 논산시_2017,0.220400576697382,B
712,충청남도 당진시_2017,0.6157852329044827,C
713,충청남도 보령시_2017,0.23268423998127927,B
714,충청남도 부여군_2017,0.016236386511359155,A
715,충청남도 서산시_2017,0.6836512332742425,C
716,충청남도 서천군_2017,0.006468253563397905,A
717,충청남도 아산시_2017,1.8119477437313316,D
718,충청남도 예산군_2017,0.07413388198220357,A
719,충청남도 천안시_2017,3.2079155145401743,D
720,충청남도 청양군_2017,0.22388585052034077,B
721,충청남도 태안군_2017,0.20735882547838547,B
722,충청남도 홍성군_2017,0.503496179102024,B
723,충청북도_2017,0.8154710429045836,C
724,충청북도 괴산군_2017,0.17810381434125994,B
725,충청북도 단양군_2017,0.13177121898275784,A
726,충청북도 보은군_2017,0.11912775674648876,A
727,충청북도 영동군_2017,0.13374727891960636,A
728,충청북도 옥천군_2017,0.12506070737824188,A
729,충청북도 음성군_2017,0.44261978187459283,B
730,충청북도 제천시_2017,0.4981920696916875,B
731,충청북도 증평군_2017,0.942795508788512,C
732,충청북도 진천군_2017,1.0648107011118193,C
733,충청북도 청주시_2017,1.880832934722077,D
734,충청북도 충주시_2017,0.5949086028738945,C
735,강원특별자치도_2018,0.4667738044973238,B
736,강원특별자치도 강릉시_2018,0.454851533321406,B
737,강원특별자치도 고성군_2018,0.0,A
738,강원특별자치도 동해시_2018,0.3954819027996569,B
739,강원특별자치도 삼척시_2018,0.28013421756191875,B
740,강원특별자치도 속초시_2018,0.5754627337276069,B
741,강원특별자치도 양구군_2018,0.2727544418119511,B
742,강원특별자치도 양양군_2018,0.2043442358085616,B
743,강원특별자치도 영월군_2018,0.11977498431123029,A
744,강원특별자치도 원주시_2018,1.2585156624554295,C
745,강원특별자치도 인제군_2018,0.26206989326451285,B
746,강원특별자치도 정선군_2018,0.09719147688884627,A
747,강원특별자치도 철원군_2018,0.1824928326191636,B
748,강원특별자치도 춘천시_2018,0.8125420233142686,C
749,강원특별자치도 태백시_2018,0.12051704346472328,A
750,강원특별자치도 평창군_2018,0.11264694911735679,A
751,강원특별자치도 홍천군_2018,0.19958543623897756,B
752,강원특별자치도 화천군_2018,0.06070845545472214,A
753,강원특별자치도 횡성군_2018,0.30246419477346964,B
754,경기도_2018,1.898617984305966,D
755,경기도 가평군_2018,0.2664768222433194,B
756,경기도 고양시_2018,1.81601032493746,D
757,경기도 과천시_2018,1.427784590503395,D
758,경기도 광명시_2018,1.5780592262485413,D
759,경기도 광주시_2018,2.0921533805245622,D
760,경기도 구리시_2018,2.0281923049564514,D
761,경기도 군포시_2018,1.8537229313606156,D
762,경기도 김포시_2018,2.3758731479891337,D
763,경기도 남양주시_2018,1.703218888643918,D
764,경기도 동두천시_2018,0.5051736288974338,B
765,경기도 부천시_2018,1.8385618567316335,D
766,경기도 성남시_2018,1.6158759845509985,D
767,경기도 수원시_2018,2.9765184157999776,D
768,경기도 시흥시_2018,4.064455685751908,D
769,경기도 안산시_2018,2.755025031850655,D
770,경기도 안성시_2018,0.7950715219541458,C
771,경기도 안양시_2018,1.753183527740615,D
772,경기도 양주시_2018,1.2263689933020576,C
773,경기도 양평군_2018,0.3459263033662623,B
774,경기도 여주시_2018,0.420816676247546,B
775,경기도 연천군_2018,0.06989676814963092,A
776,경기도 오산시_2018,4.089925407944256,D
777,경기도 용인시_2018,2.0783468151391906,D
778,경기도 의왕시_2018,1.4296876387787865,D
779,경기도 의정부시_2018,1.376972652017308,D
780,경기도 이천시_2018,1.3561835905731376,D
781,경기도 파주시_2018,1.6430539770670627,D
782,경기도 평택시_2018,1.8570998824721123,D
783,경기도 포천시_2018,0.4195022523283684,B
784,경기도 하남시_2018,2.2076571879772793,D
785,경기도 화성시_2018,4.40048813365106,D
786,경상남도_2018,0.7893661786300575,C
787,경상남도 거제시_2018,2.567820944664317,D
788,경상남도 거창군_2018,0.20230707079594462,B
789,경상남도 고성군_2018,0.0433020402575935,A
790,경상남도 김해시_2018,2.4892190438619433,D
791,경상남도 남해군_2018,0.0406337032199761,A
792,경상남도 밀양시_2018,0.1261126921252393,A
793,경상남도 사천시_2018,0.379220532695994,B
794,경상남도 산청군_2018,0.05317499588775281,A
795,경상남도 양산시_2018,1.8740498348635595,D
796,경상남도 의령군_2018,0.10361862119716314,A
797,경상남도 진주시_2018,0.858507799583256,C
798,경상남도 창녕군_2018,0.07308060290455257,A
799,경상남도 창원시_2018,1.3779549038082333,D
800,경상남도 통영시_2018,0.47783361810809055,B
801,경상남도 하동군_2018,0.0,A
802,경상남도 함안군_2018,0.1419105705540029,A
803,경상남도 함양군_2018,0.1530713666417872,A
804,경상남도 합천군_2018,0.0,A
805,경상북도_2018,0.38005948615189916,B
806,경상북도 경산시_2018,0.9220093261194598,C
807,경상북도 경주시_2018,0.35585450666239415,B
808,경상북도 고령군_2018,0.0,A
809,경상북도 구미시_2018,3.8267704530983493,D
810,경상북도 김천시_2018,0.22838189958751354,B
811,경상북도 문경시_2018,0.014225062809779254,A
812,경상북도 봉화군_2018,0.02559141829561993,A
813,경상북도 상주시_2018,0.12504586758961675,A
814,경상북도 성주군_2018,0.059203756732712456,A
815,경상북도 안동시_2018,0.13143975613602846,A
816,경상북도 영덕군_2018,0.05245022246861431,A
817,경상북도 영양군_2018,0.08211162666990915,A
818,경상북도 영주시_2018,0.10950594533331211,A
819,경상북도 영천시_2018,0.27713286378848956,B
820,경상북도 예천군_2018,0.6985359550193506,C
821,경상북도 울릉군_2018,0.1254044120811401,A
822,경상북도 울진군_2018,0.02239215770530964,A
823,경상북도 의성군_2018,0.07340135965158859,A
824,경상북도 청도군_2018,0.09379204076825205,A
825,경상북도 청송군_2018,0.023622773140195716,A
826,경상북도 칠곡군_2018,0.868661084685236,C
827,경상북도 포항시_2018,0.7682366071454066,C
828,광주광역시_2018,1.5200861592773147,D
829,광주광역시 광산구_2018,3.7804853233585667,D
830,광주광역시 남구_2018,0.8391591024770746,C
831,광주광역시 동구_2018,0.36446377216490583,B
832,광주광역시 북구_2018,1.3669429607465786,D
833,광주광역시 서구_2018,1.6226936703172727,D
834,대구광역시_2018,0.9729545021974806,C
835,대구광역시 군위군_2018,0.044172833792469605,A
836,대구광역시 남구_2018,0.3328203467890458,B
837,대구광역시 달서구_2018,1.4979074603291205,D
838,대구광역시 달성군_2018,1.9105572996275713,D
839,대구광역시 동구_2018,0.6611631848427207,C
840,대구광역시 북구_2018,1.3677936699519337,D
841,대구광역시 서구_2018,0.13112025992131232,A
842,대구광역시 수성구_2018,1.1337436715147051,C
843,대구광역시 중구_2018,0.5949667311757006,C
844,대전광역시_2018,1.5085281264740276,D
845,대전광역시 대덕구_2018,0.9363109568367121,C
846,대전광역시 동구_2018,0.6640792359112503,C
847,대전광역시 서구_2018,2.227316077581571,D
848,대전광역시 유성구_2018,4.182312139511054,D
849,대전광역시 중구_2018,0.6161917969262442,C
850,부산광역시_2018,0.6401013773183599,C
851,부산광역시 강서구_2018,1.9654673076850393,D
852,부산광역시 금정구_2018,0.5570609267511403,B
853,부산광역시 기장군_2018,1.208985024408182,C
854,부산광역시 남구_2018,0.7932831174882786,C
855,부산광역시 동구_2018,0.11868950912794243,A
856,부산광역시 동래구_2018,0.6759911049400675,C
857,부산광역시 부산진구_2018,0.5044594479985538,B
858,부산광역시 북구_2018,0.7977243182119012,C
859,부산광역시 사상구_2018,0.5638331526493515,B
860,부산광역시 사하구_2018,0.6256342285258341,C
861,부산광역시 서구_2018,0.38870676190493925,B
862,부산광역시 수영구_2018,0.4761148905287774,B
863,부산광역시 연제구_2018,0.7904425673759672,C
864,부산광역시 영도구_2018,0.006955080380795758,A
865,부산광역시 중구_2018,0.05894403969755996,A
866,부산광역시 해운대구_2018,0.9337477596662275,C
867,서울특별시_2018,1.2599574102419784,C
868,서울특별시 강남구_2018,2.107620394422929,D
869,서울특별시 강동구_2018,1.239132922612813,C
870,서울특별시 강북구_2018,0.5573493133229199,B
871,서울특별시 강서구_2018,1.5628787235432795,D
872,서울특별시 관악구_2018,1.4881125524811663,D
873,서울특별시 광진구_2018,1.906402760122297,D
874,서울특별시 구로구_2018,0.9913585122609313,C
875,서울특별시 금천구_2018,0.9711371922495494,C
876,서울특별시 노원구_2018,1.1250674661692148,C
877,서울특별시 도봉구_2018,0.7326300595154099,C
878,서울특별시 동대문구_2018,0.8802169603958779,C
879,서울특별시 동작구_2018,1.2599129852591038,C
880,서울특별시 마포구_2018,1.7948977227543972,D
881,서울특별시 서대문구_2018,0.9607338620285907,C
882,서울특별시 서초구_2018,1.9234294322124341,D
883,서울특별시 성동구_2018,1.5328549203166395,D
884,서울특별시 성북구_2018,0.9573748660879248,C
885,서울특별시 송파구_2018,2.1105372947938927,D
886,서울특별시 양천구_2018,1.6249957990848258,D
887,서울특별시 영등포구_2018,1.2144273227331415,C
888,서울특별시 용산구_2018,1.0112090672150071,C
889,서울특별시 은평구_2018,0.9478076962725006,C
890,서울특별시 종로구_2018,0.7863869232158309,C
891,서울특별시 중구_2018,0.8252462189062352,C
892,서울특별시 중랑구_2018,0.9212976733832942,C
893,세종특별자치시_2018,3.6961766962499643,D
894,울산광역시_2018,1.9343228741742098,D
895,울산광역시 남구_2018,2.316925976231324,D
896,울산광역시 동구_2018,1.83346742286344,D
897,울산광역시 북구_2018,5.098729754507154,D
898,울산광역시 울주군_2018,1.250990989671331,C
899,울산광역시 중구_2018,1.0552038004780266,C
900,인천광역시_2018,1.628989175524703,D
901,인천광역시 강화군_2018,0.1843459393171374,B
902,인천광역시 계양구_2018,1.9552627321405711,D
903,인천광역시 남동구_2018,1.889259828341088,D
904,인천광역시 동구_2018,0.06683086730074855,A
905,인천광역시 미추홀구_2018,0.9279565659688794,C
906,인천광역시 부평구_2018,1.3151880014429416,C
907,인천광역시 서구_2018,3.3955172130987297,D
908,인천광역시 연수구_2018,3.6509912714853967,D
909,인천광역시 옹진군_2018,0.0,A
910,인천광역시 중구_2018,1.3065020575349398,C
911,전라남도_2018,0.27285137489784705,B
912,전라남도 강진군_2018,0.0,A
913,전라남도 고흥군_2018,0.012906331405444466,A
914,전라남도 곡성군_2018,0.0031862544139785176,A
915,전라남도 광양시_2018,1.626317545312458,D
916,전라남도 구례군_2018,0.0469467663539747,A
917,전라남도 나주시_2018,0.5203392090007448,B
918,전라남도 담양군_2018,0.09462778485065729,A
919,전라남도 목포시_2018,0.9008470385583505,C
920,전라남도 무안군_2018,0.33637649430803285,B
921,전라남도 보성군_2018,0.0,A
922,전라남도 순천시_2018,1.0317397492758382,C
923,전라남도 신안군_2018,0.0,A
924,전라남도 여수시_2018,0.4921289144853609,B
925,전라남도 영광군_2018,0.058763280366280146,A
926,전라남도 영암군_2018,0.054417558274881,A
927,전라남도 완도군_2018,0.013280269567903125,A
928,전라남도 장성군_2018,0.10803852053952574,A
929,전라남도 장흥군_2018,0.0,A
930,전라남도 진도군_2018,0.0,A
931,전라남도 함평군_2018,0.0,A
932,전라남도 해남군_2018,0.0,A
933,전라남도 화순군_2018,0.16271112674317081,B
934,전북특별자치도_2018,0.4107276468381647,B
935,전북특별자치도 고창군_2018,0.0,A
936,전북특별자치도 군산시_2018,0.6208622077509293,C
937,전북특별자치도 김제시_2018,0.015135416861746936,A
938,전북특별자치도 남원시_2018,0.1552900477008156,A
939,전북특별자치도 무주군_2018,0.10182430675572306,A
940,전북특별자치도 부안군_2018,0.0,A
941,전북특별자치도 순창군_2018,0.004694310680600708,A
942,전북특별자치도 완주군_2018,0.21969204053667357,B
943,전북특별자치도 익산시_2018,0.4666562778502915,B
944,전북특별자치도 임실군_2018,0.10309483679505965,A
945,전북특별자치도 장수군_2018,0.2520230014080644,B
946,전북특별자치도 전주시_2018,1.3645326644567646,D
947,전북특별자치도 정읍시_2018,0.12184651457001328,A
948,전북특별자치도 진안군_2018,0.012611358866971713,A
949,제주특별자치도_2018,1.1187514876006048,C
950,제주특별자치도 서귀포시_2018,0.6608179353276538,C
951,제주특별자치도 제주시_2018,1.411699003782926,D
952,충청남도_2018,0.6395535798838674,C
953,충청남도 계룡시_2018,2.504200457024904,D
954,충청남도 공주시_2018,0.21897080340861166,B
955,충청남도 금산군_2018,0.05807935036313781,A
956,충청남도 논산시_2018,0.11501723381921383,A
957,충청남도 당진시_2018,0.5579852360272332,B
958,충청남도 보령시_2018,0.16491728488595492,B
959,충청남도 부여군_2018,0.03096138571298629,A
960,충청남도 서산시_2018,0.6874272893230003,C
961,충청남도 서천군_2018,0.0,A
962,충청남도 아산시_2018,1.524231878558515,D
963,충청남도 예산군_2018,0.1766377101553807,B
964,충청남도 천안시_2018,2.9662867697010675,D
965,충청남도 청양군_2018,0.02580296387720466,A
966,충청남도 태안군_2018,0.07002914766110353,A
967,충청남도 홍성군_2018,0.2876267570743423,B
968,충청북도_2018,0.7404572984762369,C
969,충청북도 괴산군_2018,0.18043838171114357,B
970,충청북도 단양군_2018,0.21455826264606132,B
971,충청북도 보은군_2018,0.050312779217171213,A
972,충청북도 영동군_2018,0.07744384007463273,A
973,충청북도 옥천군_2018,0.1568240389930503,A
974,충청북도 음성군_2018,0.2994689382120622,B
975,충청북도 제천시_2018,0.375709618307554,B
976,충청북도 증평군_2018,0.5975904651704705,C
977,충청북도 진천군_2018,1.0884513182504518,C
978,충청북도 청주시_2018,1.6753498743153261,D
979,충청북도 충주시_2018,0.6066612797407085,C
980,강원특별자치도_2019,0.4302759609462397,B
981,강원특별자치도 강릉시_2019,0.4514267613723639,B
982,강원특별자치도 고성군_2019,0.0,A
983,강원특별자치도 동해시_2019,0.3843589971055685,B
984,강원특별자치도 삼척시_2019,0.12070277778661069,A
985,강원특별자치도 속초시_2019,0.5282239914244283,B
986,강원특별자치도 양구군_2019,0.13081607567839576,A
987,강원특별자치도 양양군_2019,0.2737217305557659,B
988,강원특별자치도 영월군_2019,0.038522411380112115,A
989,강원특별자치도 원주시_2019,1.162897264176066,C
990,강원특별자치도 인제군_2019,0.21559844881728749,B
991,강원특별자치도 정선군_2019,0.0775473463613392,A
992,강원특별자치도 철원군_2019,0.1301877386732292,A
993,강원특별자치도 춘천시_2019,0.7297405486199458,C
994,강원특별자치도 태백시_2019,0.07123897296201456,A
995,강원특별자치도 평창군_2019,0.060150877268836916,A
996,강원특별자치도 홍천군_2019,0.11168049201187494,A
997,강원특별자치도 화천군_2019,0.2125589724848964,B
998,강원특별자치도 횡성군_2019,0.15442887938148125,A
999,경기도_2019,1.6566344500901933,D
1000,경기도 가평군_2019,0.16236960879781975,B
1001,경기도 고양시_2019,1.7318781743006526,D
1002,경기도 과천시_2019,1.246853724441995,C
1003,경기도 광명시_2019,1.1962484185231892,C
1004,경기도 광주시_2019,1.6923513670266968,D
1005,경기도 구리시_2019,1.3824205128276175,D
1006,경기도 군포시_2019,1.6261634727673622,D
1007,경기도 김포시_2019,1.977163981051243,D
1008,경기도 남양주시_2019,1.5903693495883287,D
1009,경기도 동두천시_2019,0.3723764739038798,B
1010,경기도 부천시_2019,1.4006614608878083,D
1011,경기도 성남시_2019,1.3733091822493488,D
1012,경기도 수원시_2019,2.520678611070315,D
1013,경기도 시흥시_2019,3.5955748819218956,D
1014,경기도 안산시_2019,2.3074477509629068,D
1015,경기도 안성시_2019,0.6572515163952241,C
1016,경기도 안양시_2019,1.4356366311034505,D
1017,경기도 양주시_2019,1.115892285776265,C
1018,경기도 양평군_2019,0.29999637484196123,B
1019,경기도 여주시_2019,0.35307462238698695,B
1020,경기도 연천군_2019,0.04539772753655051,A
1021,경기도 오산시_2019,3.5563248501938256,D
1022,경기도 용인시_2019,1.8423639201073212,D
1023,경기도 의왕시_2019,1.6629101057863382,D
1024,경기도 의정부시_2019,1.205636292112451,C
1025,경기도 이천시_2019,1.2301179096652082,C
1026,경기도 파주시_2019,1.3089914387825061,C
1027,경기도 평택시_2019,1.7613954443035507,D
1028,경기도 포천시_2019,0.31628659990363006,B
1029,경기도 하남시_2019,2.0342265821127183,D
1030,경기도 화성시_2019,4.152073954486019,D
1031,경상남도_2019,0.6697103918785204,C
1032,경상남도 거제시_2019,2.1402993197789897,D
1033,경상남도 거창군_2019,0.18772666105386476,B
1034,경상남도 고성군_2019,0.0,A
1035,경상남도 김해시_2019,2.2613509064995,D
1036,경상남도 남해군_2019,0.10826745741883323,A
1037,경상남도 밀양시_2019,0.08972068571826661,A
1038,경상남도 사천시_2019,0.212426756169932,B
1039,경상남도 산청군_2019,0.0,A
1040,경상남도 양산시_2019,1.4254629406174584,D
1041,경상남도 의령군_2019,0.0,A
1042,경상남도 진주시_2019,0.7988839385109329,C
1043,경상남도 창녕군_2019,0.0033686237883817777,A
1044,경상남도 창원시_2019,1.0883632961019685,C
1045,경상남도 통영시_2019,0.3566142468533013,B
1046,경상남도 하동군_2019,0.0,A
1047,경상남도 함안군_2019,0.06151963193389112,A
1048,경상남도 함양군_2019,0.06986775658877406,A
1049,경상남도 합천군_2019,0.003575789235648427,A
1050,경상북도_2019,0.342663397576154,B
1051,경상북도 경산시_2019,0.8390586141487374,C
1052,경상북도 경주시_2019,0.29340108701954876,B
1053,경상북도 고령군_2019,0.0,A
1054,경상북도 구미시_2019,3.186939644922659,D
1055,경상북도 김천시_2019,0.3148524809595508,B
1056,경상북도 문경시_2019,0.22024358145992418,B
1057,경상북도 봉화군_2019,0.0,A
1058,경상북도 상주시_2019,0.1988342646294701,B
1059,경상북도 성주군_2019,0.0017198708318869466,A
1060,경상북도 안동시_2019,0.16801205412533088,B
1061,경상북도 영덕군_2019,0.0,A
1062,경상북도 영양군_2019,0.0,A
1063,경상북도 영주시_2019,0.06992303875459395,A
1064,경상북도 영천시_2019,0.23294784376093125,B
1065,경상북도 예천군_2019,0.439487692280797,B
1066,경상북도 울릉군_2019,0.038007829620179026,A
1067,경상북도 울진군_2019,0.0511287233948384,A
1068,경상북도 의성군_2019,0.08915577834715593,A
1069,경상북도 청도군_2019,0.11786407039603092,A
1070,경상북도 청송군_2019,0.0283429348935011,A
1071,경상북도 칠곡군_2019,0.7164908590997773,C
1072,경상북도 포항시_2019,0.6433364804849665,C
1073,광주광역시_2019,1.3519555735036821,D
1074,광주광역시 광산구_2019,3.409302216502185,D
1075,광주광역시 남구_2019,0.8696639400759698,C
1076,광주광역시 동구_2019,0.6309975018149118,C
1077,광주광역시 북구_2019,1.052344650166384,C
1078,광주광역시 서구_2019,1.3832420707181132,D
1079,대구광역시_2019,0.7993474952915096,C
1080,대구광역시 군위군_2019,0.11189238816247161,A
1081,대구광역시 남구_2019,0.29098817868377247,B
1082,대구광역시 달서구_2019,1.2224750973466771,C
1083,대구광역시 달성군_2019,1.6927076488014867,D
1084,대구광역시 동구_2019,0.40641764613706033,B
1085,대구광역시 북구_2019,1.1643434151569045,C
1086,대구광역시 서구_2019,0.0,A
1087,대구광역시 수성구_2019,1.0052819424114878,C
1088,대구광역시 중구_2019,0.39533987814190497,B
1089,대전광역시_2019,1.2592989718803196,C
1090,대전광역시 대덕구_2019,0.7000704961363975,C
1091,대전광역시 동구_2019,0.542666044616825,B
1092,대전광역시 서구_2019,1.8907545770272893,D
1093,대전광역시 유성구_2019,3.5308859471653546,D
1094,대전광역시 중구_2019,0.5133490391396522,B
1095,부산광역시_2019,0.5464478672542201,B
1096,부산광역시 강서구_2019,1.9247769005069264,D
1097,부산광역시 금정구_2019,0.3729384605454001,B
1098,부산광역시 기장군_2019,0.8900447550815876,C
1099,부산광역시 남구_2019,0.4318791046534385,B
1100,부산광역시 동구_2019,0.3655493182230848,B
1101,부산광역시 동래구_2019,0.8447299753837674,C
1102,부산광역시 부산진구_2019,0.5304123741199741,B
1103,부산광역시 북구_2019,0.6095344027780552,C
1104,부산광역시 사상구_2019,0.42306614155918887,B
1105,부산광역시 사하구_2019,0.4426798771523831,B
1106,부산광역시 서구_2019,0.1448669646600221,A
1107,부산광역시 수영구_2019,0.5348648568395047,B
1108,부산광역시 연제구_2019,0.7066418696492477,C
1109,부산광역시 영도구_2019,0.0,A
1110,부산광역시 중구_2019,0.13098265444764598,A
1111,부산광역시 해운대구_2019,0.7700732544261769,C
1112,서울특별시_2019,1.146732185542761,C
1113,서울특별시 강남구_2019,2.0032610126035806,D
1114,서울특별시 강동구_2019,1.3299084931303469,D
1115,서울특별시 강북구_2019,0.4592668669993885,B
1116,서울특별시 강서구_2019,1.3489189042937457,D
1117,서울특별시 관악구_2019,1.3568064424627684,D
1118,서울특별시 광진구_2019,1.618611298624102,D
1119,서울특별시 구로구_2019,1.0054825274824108,C
1120,서울특별시 금천구_2019,0.8546329759452578,C
1121,서울특별시 노원구_2019,0.9003103237245256,C
1122,서울특별시 도봉구_2019,0.5560175837154903,B
1123,서울특별시 동대문구_2019,0.8034030965796368,C
1124,서울특별시 동작구_2019,1.1293472899455044,C
1125,서울특별시 마포구_2019,1.6650830140405621,D
1126,서울특별시 서대문구_2019,0.9130896854706732,C
1127,서울특별시 서초구_2019,1.7373586634767852,D
1128,서울특별시 성동구_2019,1.1281973495162525,C
1129,서울특별시 성북구_2019,1.1301955738775362,C
1130,서울특별시 송파구_2019,1.9116124749129624,D
1131,서울특별시 양천구_2019,1.3639938320208567,D
1132,서울특별시 영등포구_2019,1.138388582489886,C
1133,서울특별시 용산구_2019,0.9295232156303788,C
1134,서울특별시 은평구_2019,0.8478538782808177,C
1135,서울특별시 종로구_2019,0.6951811289987067,C
1136,서울특별시 중구_2019,0.7567240258278252,C
1137,서울특별시 중랑구_2019,0.7313669142109026,C
1138,세종특별자치시_2019,3.529805663590829,D
1139,울산광역시_2019,1.5867181241549497,D
1140,울산광역시 남구_2019,1.7289033096868716,D
1141,울산광역시 동구_2019,1.3020965123051467,C
1142,울산광역시 북구_2019,4.69280168981506,D
1143,울산광역시 울주군_2019,1.0984904758415597,C
1144,울산광역시 중구_2019,0.727496058668147,C
1145,인천광역시_2019,1.392085122657609,D
1146,인천광역시 강화군_2019,0.18735460709144236,B
1147,인천광역시 계양구_2019,1.5255810372079215,D
1148,인천광역시 남동구_2019,1.4890328380815314,D
1149,인천광역시 동구_2019,0.11580443074071334,A
1150,인천광역시 미추홀구_2019,0.6935559598325293,C
1151,인천광역시 부평구_2019,1.0753793015841822,C
1152,인천광역시 서구_2019,2.761066123532041,D
1153,인천광역시 연수구_2019,3.4603598168834786,D
1154,인천광역시 옹진군_2019,0.0,A
1155,인천광역시 중구_2019,1.6360073242655218,D
1156,전라남도_2019,0.23766661312806345,B
1157,전라남도 강진군_2019,0.0,A
1158,전라남도 고흥군_2019,0.012866380944097984,A
1159,전라남도 곡성군_2019,0.0,A
1160,전라남도 광양시_2019,1.3475129459080912,D
1161,전라남도 구례군_2019,0.0,A
1162,전라남도 나주시_2019,0.36658532371144015,B
1163,전라남도 담양군_2019,0.09221234740132259,A
1164,전라남도 목포시_2019,0.7680473021098837,C
1165,전라남도 무안군_2019,0.3083827937733502,B
1166,전라남도 보성군_2019,0.0,A
1167,전라남도 순천시_2019,0.90924971379576,C
1168,전라남도 신안군_2019,0.0,A
1169,전라남도 여수시_2019,0.49554196575273035,B
1170,전라남도 영광군_2019,0.09495766126852342,A
1171,전라남도 영암군_2019,0.16633835082915693,B
1172,전라남도 완도군_2019,0.0,A
1173,전라남도 장성군_2019,0.14412216923823526,A
1174,전라남도 장흥군_2019,0.0,A
1175,전라남도 진도군_2019,0.0,A
1176,전라남도 함평군_2019,0.0,A
1177,전라남도 해남군_2019,0.0,A
1178,전라남도 화순군_2019,0.047084765347621765,A
1179,전북특별자치도_2019,0.3549355993624147,B
1180,전북특별자치도 고창군_2019,0.0,A
1181,전북특별자치도 군산시_2019,0.5234822761202595,B
1182,전북특별자치도 김제시_2019,0.014619205312172381,A
1183,전북특별자치도 남원시_2019,0.08633137708231768,A
1184,전북특별자치도 무주군_2019,0.05817167731663685,A
1185,전북특별자치도 부안군_2019,0.0,A
1186,전북특별자치도 순창군_2019,0.0,A
1187,전북특별자치도 완주군_2019,0.10399610578835797,A
1188,전북특별자치도 익산시_2019,0.3646089349520187,B
1189,전북특별자치도 임실군_2019,0.0,A
1190,전북특별자치도 장수군_2019,0.0,A
1191,전북특별자치도 전주시_2019,1.2211936707157574,C
1192,전북특별자치도 정읍시_2019,0.08952992890683069,A
1193,전북특별자치도 진안군_2019,0.03519662208675141,A
1194,제주특별자치도_2019,0.9588827123074851,C
1195,제주특별자치도 서귀포시_2019,0.508148865816631,B
1196,제주특별자치도 제주시_2019,1.2375582833161973,C
1197,충청남도_2019,0.5343203651003734,B
1198,충청남도 계룡시_2019,1.9465910372358326,D
1199,충청남도 공주시_2019,0.16595899965190336,B
1200,충청남도 금산군_2019,0.0,A
1201,충청남도 논산시_2019,0.13164565943831502,A
1202,충청남도 당진시_2019,0.4450738507771264,B
1203,충청남도 보령시_2019,0.16089527163357953,B
1204,충청남도 부여군_2019,0.0,A
1205,충청남도 서산시_2019,0.5500896194899084,B
1206,충청남도 서천군_2019,0.0,A
1207,충청남도 아산시_2019,1.370217416173929,D
1208,충청남도 예산군_2019,0.07043977709496144,A
1209,충청남도 천안시_2019,2.564292361256537,D
1210,충청남도 청양군_2019,0.0,A
1211,충청남도 태안군_2019,0.09117634849800414,A
1212,충청남도 홍성군_2019,0.25227693279961794,B
1213,충청북도_2019,0.6390449388508647,C
1214,충청북도 괴산군_2019,0.13866452900951712,A
1215,충청북도 단양군_2019,0.003853097870266123,A
1216,충청북도 보은군_2019,0.0,A
1217,충청북도 영동군_2019,0.0,A
1218,충청북도 옥천군_2019,0.11666906727247438,A
1219,충청북도 음성군_2019,0.2880076973124567,B
1220,충청북도 제천시_2019,0.33941409891118,B
1221,충청북도 증평군_2019,0.6453673033867466,C
1222,충청북도 진천군_2019,0.926369519383337,C
1223,충청북도 청주시_2019,1.4590234272428337,D
1224,충청북도 충주시_2019,0.47365116545998087,B
1225,강원특별자치도_2020,0.3865581431440994,B
1226,강원특별자치도 강릉시_2020,0.37006813078546164,B
1227,강원특별자치도 고성군_2020,0.009909191142966067,A
1228,강원특별자치도 동해시_2020,0.39474187653615633,B
1229,강원특별자치도 삼척시_2020,0.0,A
1230,강원특별자치도 속초시_2020,0.5032137517809009,B
1231,강원특별자치도 양구군_2020,0.13379871606821134,A
1232,강원특별자치도 양양군_2020,0.22063476622542266,B
1233,강원특별자치도 영월군_2020,0.047581803864805816,A
1234,강원특별자치도 원주시_2020,1.0302317545443331,C
1235,강원특별자치도 인제군_2020,0.2866984341965643,B
1236,강원특별자치도 정선군_2020,0.06485804940473172,A
1237,강원특별자치도 철원군_2020,0.0661416481960446,A
1238,강원특별자치도 춘천시_2020,0.6527336040753672,C
1239,강원특별자치도 태백시_2020,0.0,A
1240,강원특별자치도 평창군_2020,0.07407064029550509,A
1241,강원특별자치도 홍천군_2020,0.2213646402355818,B
1242,강원특별자치도 화천군_2020,0.21202552418609463,B
1243,강원특별자치도 횡성군_2020,0.14826002562595436,A
1244,경기도_2020,1.4466698951083599,D
1245,경기도 가평군_2020,0.20891245022888894,B
1246,경기도 고양시_2020,1.424406890099839,D
1247,경기도 과천시_2020,1.5153524713667832,D
1248,경기도 광명시_2020,0.8935348801814866,C
1249,경기도 광주시_2020,1.4461109397377965,D
1250,경기도 구리시_2020,1.2168466527783681,C
1251,경기도 군포시_2020,1.283145375506103,C
1252,경기도 김포시_2020,2.0585062870052853,D
1253,경기도 남양주시_2020,1.293183416915759,C
1254,경기도 동두천시_2020,0.3854185060557059,B
1255,경기도 부천시_2020,1.1341745700310075,C
1256,경기도 성남시_2020,1.242592546277259,C
1257,경기도 수원시_2020,2.097311807157298,D
1258,경기도 시흥시_2020,3.0859390044448984,D
1259,경기도 안산시_2020,2.0454704342225454,D
1260,경기도 안성시_2020,0.734264923743047,C
1261,경기도 안양시_2020,1.0707934230335763,C
1262,경기도 양주시_2020,1.0692283387597141,C
1263,경기도 양평군_2020,0.3430974248760288,B
1264,경기도 여주시_2020,0.3991071661077208,B
1265,경기도 연천군_2020,0.12505432130663305,A
1266,경기도 오산시_2020,2.9462406306463875,D
1267,경기도 용인시_2020,1.5464452625651146,D
1268,경기도 의왕시_2020,1.331656713045124,D
1269,경기도 의정부시_2020,1.1139963313404302,C
1270,경기도 이천시_2020,1.1252899344451064,C
1271,경기도 파주시_2020,1.308311630908621,C
1272,경기도 평택시_2020,1.7159147740084462,D
1273,경기도 포천시_2020,0.32021430536680345,B
1274,경기도 하남시_2020,1.9601272860797498,D
1275,경기도 화성시_2020,3.6763198330605196,D
1276,경상남도_2020,0.5369224494436422,B
1277,경상남도 거제시_2020,1.691419220216338,D
1278,경상남도 거창군_2020,0.09192488624239117,A
1279,경상남도 고성군_2020,0.0,A
1280,경상남도 김해시_2020,1.7572084466083582,D
1281,경상남도 남해군_2020,0.024453853790776043,A
1282,경상남도 밀양시_2020,0.1215132494527501,A
1283,경상남도 사천시_2020,0.2504117728997688,B
1284,경상남도 산청군_2020,0.009268299644970529,A
1285,경상남도 양산시_2020,1.1581358456641753,C
1286,경상남도 의령군_2020,0.028877254685251652,A
1287,경상남도 진주시_2020,0.6855879037659759,C
1288,경상남도 창녕군_2020,0.012030971725594017,A
1289,경상남도 창원시_2020,0.8770417110420186,C
1290,경상남도 통영시_2020,0.21282563508445695,B
1291,경상남도 하동군_2020,0.0,A
1292,경상남도 함안군_2020,0.010901212556798823,A
1293,경상남도 함양군_2020,0.03156454788480134,A
1294,경상남도 합천군_2020,0.0,A
1295,경상북도_2020,0.24971804477007553,B
1296,경상북도 경산시_2020,0.6958885414689487,C
1297,경상북도 경주시_2020,0.23131941415652366,B
1298,경상북도 고령군_2020,0.0,A
1299,경상북도 구미시_2020,2.5933412187245377,D
1300,경상북도 김천시_2020,0.23556710596400346,B
1301,경상북도 문경시_2020,0.06778131833175333,A
1302,경상북도 봉화군_2020,0.0,A
1303,경상북도 상주시_2020,0.0,A
1304,경상북도 성주군_2020,0.007300537065480027,A
1305,경상북도 안동시_2020,0.20704599134568374,B
1306,경상북도 영덕군_2020,0.0,A
1307,경상북도 영양군_2020,0.0,A
1308,경상북도 영주시_2020,0.03242629690006926,A
1309,경상북도 영천시_2020,0.1310883295346673,A
1310,경상북도 예천군_2020,0.23377214071019042,B
1311,경상북도 울릉군_2020,0.0,A
1312,경상북도 울진군_2020,0.07695841293366167,A
1313,경상북도 의성군_2020,0.0,A
1314,경상북도 청도군_2020,0.012965599735132397,A
1315,경상북도 청송군_2020,0.014006798492312816,A
1316,경상북도 칠곡군_2020,0.541886293602923,B
1317,경상북도 포항시_2020,0.4981826032661075,B
1318,광주광역시_2020,1.1546786645662601,C
1319,광주광역시 광산구_2020,2.9864555926870406,D
1320,광주광역시 남구_2020,0.5984498528292941,C
1321,광주광역시 동구_2020,0.6480477756893636,C
1322,광주광역시 북구_2020,0.9383797070758659,C
1323,광주광역시 서구_2020,1.122006627160614,C
1324,대구광역시_2020,0.6902006603690929,C
1325,대구광역시 군위군_2020,0.0,A
1326,대구광역시 남구_2020,0.30252748087515324,B
1327,대구광역시 달서구_2020,0.9196315258133326,C
1328,대구광역시 달성군_2020,1.356310998426071,D
1329,대구광역시 동구_2020,0.394883205770153,B
1330,대구광역시 북구_2020,1.0676155245364285,C
1331,대구광역시 서구_2020,0.09431537880563909,A
1332,대구광역시 수성구_2020,0.8548194116462873,C
1333,대구광역시 중구_2020,0.4613854227040949,B
1334,대전광역시_2020,1.0815763410990493,C
1335,대전광역시 대덕구_2020,0.7439985158825732,C
1336,대전광역시 동구_2020,0.41713573321743064,B
1337,대전광역시 서구_2020,1.5879403294401948,D
1338,대전광역시 유성구_2020,3.0321862914684856,D
1339,대전광역시 중구_2020,0.39856593145148345,B
1340,부산광역시_2020,0.47874794883806104,B
1341,부산광역시 강서구_2020,1.8718907517204944,D
1342,부산광역시 금정구_2020,0.2460837144085286,B
1343,부산광역시 기장군_2020,1.197180309764667,C
1344,부산광역시 남구_2020,0.3239437878657798,B
1345,부산광역시 동구_2020,0.2954170654939434,B
1346,부산광역시 동래구_2020,0.5938293677334089,C
1347,부산광역시 부산진구_2020,0.6015777439283654,C
1348,부산광역시 북구_2020,0.40407301883256863,B
1349,부산광역시 사상구_2020,0.2976199491933108,B
1350,부산광역시 사하구_2020,0.2633672721852823,B
1351,부산광역시 서구_2020,0.2815245890354494,B
1352,부산광역시 수영구_2020,0.5070578247503577,B
1353,부산광역시 연제구_2020,0.5530496234800831,B
1354,부산광역시 영도구_2020,0.0,A
1355,부산광역시 중구_2020,0.18394325357454885,B
1356,부산광역시 해운대구_2020,0.6274473257028684,C
1357,서울특별시_2020,0.9831049520193751,C
1358,서울특별시 강남구_2020,1.6065990923166442,D
1359,서울특별시 강동구_2020,1.36562636010444,D
1360,서울특별시 강북구_2020,0.366707807540702,B
1361,서울특별시 강서구_2020,1.0791427377053586,C
1362,서울특별시 관악구_2020,1.1674884329745265,C
1363,서울특별시 광진구_2020,1.3992039701719892,D
1364,서울특별시 구로구_2020,0.7773095294865782,C
1365,서울특별시 금천구_2020,0.7522239879345424,C
1366,서울특별시 노원구_2020,0.7611132196392163,C
1367,서울특별시 도봉구_2020,0.39823418712570835,B
1368,서울특별시 동대문구_2020,0.7003792326131464,C
1369,서울특별시 동작구_2020,0.9249523773765469,C
1370,서울특별시 마포구_2020,1.521748835126854,D
1371,서울특별시 서대문구_2020,0.9310195967396853,C
1372,서울특별시 서초구_2020,1.432080740154354,D
1373,서울특별시 성동구_2020,0.967601629884608,C
1374,서울특별시 성북구_2020,0.8252432560681159,C
1375,서울특별시 송파구_2020,1.4532065377866894,D
1376,서울특별시 양천구_2020,1.1607630209561683,C
1377,서울특별시 영등포구_2020,1.2436100939207462,C
1378,서울특별시 용산구_2020,0.9134378214607237,C
1379,서울특별시 은평구_2020,0.7897458786968107,C
1380,서울특별시 종로구_2020,0.610618469993396,C
1381,서울특별시 중구_2020,0.6067060438622353,C
1382,서울특별시 중랑구_2020,0.6894455903657222,C
1383,세종특별자치시_2020,3.070798405632549,D
1384,울산광역시_2020,1.2097147266102901,C
1385,울산광역시 남구_2020,1.4218781735466064,D
1386,울산광역시 동구_2020,1.043131948800736,C
1387,울산광역시 북구_2020,3.518038008373098,D
1388,울산광역시 울주군_2020,0.8209467296478933,C
1389,울산광역시 중구_2020,0.5706335821024373,B
1390,인천광역시_2020,1.1265984317303606,C
1391,인천광역시 강화군_2020,0.14798508794804666,A
1392,인천광역시 계양구_2020,1.1940720589399674,C
1393,인천광역시 남동구_2020,1.1583852727842234,C
1394,인천광역시 동구_2020,0.07614832369513114,A
1395,인천광역시 미추홀구_2020,0.6421209626535548,C
1396,인천광역시 부평구_2020,0.7796510604280782,C
1397,인천광역시 서구_2020,2.156694454875448,D
1398,인천광역시 연수구_2020,3.0643199209163647,D
1399,인천광역시 옹진군_2020,0.0951257090467788,A
1400,인천광역시 중구_2020,1.262163158773832,C
1401,전라남도_2020,0.20032577904058102,B
1402,전라남도 강진군_2020,0.0,A
1403,전라남도 고흥군_2020,0.0,A
1404,전라남도 곡성군_2020,0.0,A
1405,전라남도 광양시_2020,0.7965429927789165,C
1406,전라남도 구례군_2020,0.0,A
1407,전라남도 나주시_2020,0.3613579309401922,B
1408,전라남도 담양군_2020,0.09496036685906838,A
1409,전라남도 목포시_2020,0.5435957223693968,B
1410,전라남도 무안군_2020,0.7534046129786324,C
1411,전라남도 보성군_2020,0.0,A
1412,전라남도 순천시_2020,0.8729828022999147,C
1413,전라남도 신안군_2020,0.0,A
1414,전라남도 여수시_2020,0.3681433314596729,B
1415,전라남도 영광군_2020,0.0,A
1416,전라남도 영암군_2020,0.03561070428209234,A
1417,전라남도 완도군_2020,0.0,A
1418,전라남도 장성군_2020,0.0,A
1419,전라남도 장흥군_2020,0.0,A
1420,전라남도 진도군_2020,0.29568276660183623,B
1421,전라남도 함평군_2020,0.0,A
1422,전라남도 해남군_2020,0.0,A
1423,전라남도 화순군_2020,0.19326350527905886,B
1424,전북특별자치도_2020,0.3204273068005199,B
1425,전북특별자치도 고창군_2020,0.0,A
1426,전북특별자치도 군산시_2020,0.4426146127441655,B
1427,전북특별자치도 김제시_2020,0.01680436675269885,A
1428,전북특별자치도 남원시_2020,0.1250842266542912,A
1429,전북특별자치도 무주군_2020,0.06914555119023141,A
1430,전북특별자치도 부안군_2020,0.0,A
1431,전북특별자치도 순창군_2020,0.0,A
1432,전북특별자치도 완주군_2020,0.22087301385923164,B
1433,전북특별자치도 익산시_2020,0.3032582406170799,B
1434,전북특별자치도 임실군_2020,0.0,A
1435,전북특별자치도 장수군_2020,0.0,A
1436,전북특별자치도 전주시_2020,1.067117367928415,C
1437,전북특별자치도 정읍시_2020,0.06167236229703783,A
1438,전북특별자치도 진안군_2020,0.0033054305534124043,A
1439,제주특별자치도_2020,0.84736042537142,C
1440,제주특별자치도 서귀포시_2020,0.4577270877316977,B
1441,제주특별자치도 제주시_2020,1.0888848031847966,C
1442,충청남도_2020,0.4698819795754587,B
1443,충청남도 계룡시_2020,1.634021061312348,D
1444,충청남도 공주시_2020,0.0759756404439559,A
1445,충청남도 금산군_2020,0.008895648255691557,A
1446,충청남도 논산시_2020,0.06092814018478776,A
1447,충청남도 당진시_2020,0.3874664325673552,B
1448,충청남도 보령시_2020,0.13862818071729974,A
1449,충청남도 부여군_2020,0.0,A
1450,충청남도 서산시_2020,0.5055572240780033,B
1451,충청남도 서천군_2020,0.0,A
1452,충청남도 아산시_2020,1.204468686885035,C
1453,충청남도 예산군_2020,0.028504234737359413,A
1454,충청남도 천안시_2020,2.2093915202421868,D
1455,충청남도 청양군_2020,0.0,A
1456,충청남도 태안군_2020,0.0723182737114472,A
1457,충청남도 홍성군_2020,0.24445076464057516,B
1458,충청북도_2020,0.5564414280039642,B
1459,충청북도 괴산군_2020,0.15970903246135984,B
1460,충청북도 단양군_2020,0.0,A
1461,충청북도 보은군_2020,0.01443169580385481,A
1462,충청북도 영동군_2020,0.0,A
1463,충청북도 옥천군_2020,0.08446345603953556,A
1464,충청북도 음성군_2020,0.14750522010289907,A
1465,충청북도 제천시_2020,0.2264443635413977,B
1466,충청북도 증평군_2020,0.4145451966208976,B
1467,충청북도 진천군_2020,0.8616262382216358,C
1468,충청북도 청주시_2020,1.287068836567658,C
1469,충청북도 충주시_2020,0.3868245065608546,B
1470,강원특별자치도_2021,0.34864502770844336,B
1471,강원특별자치도 강릉시_2021,0.343882564347157,B
1472,강원특별자치도 고성군_2021,0.28202227518823986,B
1473,강원특별자치도 동해시_2021,0.3143521951171364,B
1474,강원특별자치도 삼척시_2021,0.009497784450456181,A
1475,강원특별자치도 속초시_2021,0.41504072236938905,B
1476,강원특별자치도 양구군_2021,0.0818977107734887,A
1477,강원특별자치도 양양군_2021,0.14993891780381838,A
1478,강원특별자치도 영월군_2021,0.06772935191634226,A
1479,강원특별자치도 원주시_2021,0.8997213984987583,C
1480,강원특별자치도 인제군_2021,0.3645568614440915,B
1481,강원특별자치도 정선군_2021,0.0,A
1482,강원특별자치도 철원군_2021,0.0,A
1483,강원특별자치도 춘천시_2021,0.6213073145753755,C
1484,강원특별자치도 태백시_2021,0.0,A
1485,강원특별자치도 평창군_2021,0.04880443904446983,A
1486,강원특별자치도 홍천군_2021,0.10435513845808912,A
1487,강원특별자치도 화천군_2021,0.056882414747261856,A
1488,강원특별자치도 횡성군_2021,0.18934508961043467,B
1489,경기도_2021,1.278024606553834,C
1490,경기도 가평군_2021,0.21858986508998762,B
1491,경기도 고양시_2021,1.163239238471268,C
1492,경기도 과천시_2021,1.7567259060676759,D
1493,경기도 광명시_2021,0.9452252964711025,C
1494,경기도 광주시_2021,1.1683420914516256,C
1495,경기도 구리시_2021,0.8953495865971033,C
1496,경기도 군포시_2021,0.9690601218265749,C
1497,경기도 김포시_2021,1.65619335876259,D
1498,경기도 남양주시_2021,1.2562654717244421,C
1499,경기도 동두천시_2021,0.3878662117502251,B
1500,경기도 부천시_2021,0.9148634208306998,C
1501,경기도 성남시_2021,1.0698560871835963,C
1502,경기도 수원시_2021,1.876531568476692,D
1503,경기도 시흥시_2021,2.5156500755871902,D
1504,경기도 안산시_2021,1.6633446757650134,D
1505,경기도 안성시_2021,0.640829074110837,C
1506,경기도 안양시_2021,1.0839844047726863,C
1507,경기도 양주시_2021,0.9369358343692735,C
1508,경기도 양평군_2021,0.3706407531898126,B
1509,경기도 여주시_2021,0.34273586953221935,B
1510,경기도 연천군_2021,0.06896239912221266,A
1511,경기도 오산시_2021,2.4308914068323557,D
1512,경기도 용인시_2021,1.3031268074521583,C
1513,경기도 의왕시_2021,1.0300116374018002,C
1514,경기도 의정부시_2021,0.9463829751690753,C
1515,경기도 이천시_2021,1.1062158699991158,C
1516,경기도 파주시_2021,1.3354742783611782,D
1517,경기도 평택시_2021,1.7067124968114475,D
1518,경기도 포천시_2021,0.4509316345762748,B
1519,경기도 하남시_2021,1.9718898827977418,D
1520,경기도 화성시_2021,3.293369102808681,D
1521,경상남도_2021,0.45514775522592904,B
1522,경상남도 거제시_2021,1.2819055036326488,C
1523,경상남도 거창군_2021,0.15620098855983783,A
1524,경상남도 고성군_2021,0.028091877738892712,A
1525,경상남도 김해시_2021,1.4054465633120647,D
1526,경상남도 남해군_2021,0.0426918341066852,A
1527,경상남도 밀양시_2021,0.08332623201885911,A
1528,경상남도 사천시_2021,0.21528345269947002,B
1529,경상남도 산청군_2021,0.05363542253997641,A
1530,경상남도 양산시_2021,1.0123034546810674,C
1531,경상남도 의령군_2021,0.029930056984911635,A
1532,경상남도 진주시_2021,0.5842355450341794,B
1533,경상남도 창녕군_2021,0.00609430856520856,A
1534,경상남도 창원시_2021,0.7531439497339932,C
1535,경상남도 통영시_2021,0.15880172656831226,B
1536,경상남도 하동군_2021,0.0,A
1537,경상남도 함안군_2021,0.0,A
1538,경상남도 함양군_2021,0.007303593090895857,A
1539,경상남도 합천군_2021,0.0,A
1540,경상북도_2021,0.27485736621383117,B
1541,경상북도 경산시_2021,0.7222568830603164,C
1542,경상북도 경주시_2021,0.23146395695360536,B
1543,경상북도 고령군_2021,0.0,A
1544,경상북도 구미시_2021,2.1459667202695387,D
1545,경상북도 김천시_2021,0.24817784140118113,B
1546,경상북도 문경시_2021,0.12309657369738877,A
1547,경상북도 봉화군_2021,0.0,A
1548,경상북도 상주시_2021,0.03862489446614397,A
1549,경상북도 성주군_2021,0.0408327865945844,A
1550,경상북도 안동시_2021,0.16020388541952596,B
1551,경상북도 영덕군_2021,0.0,A
1552,경상북도 영양군_2021,0.0,A
1553,경상북도 영주시_2021,0.11241541225466126,A
1554,경상북도 영천시_2021,0.16099551573839113,B
1555,경상북도 예천군_2021,0.2111344868540043,B
1556,경상북도 울릉군_2021,0.044732421624807214,A
1557,경상북도 울진군_2021,0.03780455694737467,A
1558,경상북도 의성군_2021,0.004736952245876766,A
1559,경상북도 청도군_2021,0.09786194862619015,A
1560,경상북도 청송군_2021,0.0,A
1561,경상북도 칠곡군_2021,0.5699298001687898,B
1562,경상북도 포항시_2021,0.5135064909048204,B
1563,광주광역시_2021,1.0217761315324894,C
1564,광주광역시 광산구_2021,2.6323484080311546,D
1565,광주광역시 남구_2021,0.6970187619334206,C
1566,광주광역시 동구_2021,0.46650731997687894,B
1567,광주광역시 북구_2021,0.8112505778970264,C
1568,광주광역시 서구_2021,0.9352923998612532,C
1569,대구광역시_2021,0.5539756629853984,B
1570,대구광역시 군위군_2021,0.06128971799113991,A
1571,대구광역시 남구_2021,0.21113458080525213,B
1572,대구광역시 달서구_2021,0.6415715135271493,C
1573,대구광역시 달성군_2021,1.1974891906285827,C
1574,대구광역시 동구_2021,0.4227139483672676,B
1575,대구광역시 북구_2021,0.8410983963550667,C
1576,대구광역시 서구_2021,0.0,A
1577,대구광역시 수성구_2021,0.6707415226786969,C
1578,대구광역시 중구_2021,0.40995194721677963,B
1579,대전광역시_2021,0.9350439239938898,C
1580,대전광역시 대덕구_2021,0.5963414455482852,C
1581,대전광역시 동구_2021,0.4810872966288683,B
1582,대전광역시 서구_2021,1.337631480076414,D
1583,대전광역시 유성구_2021,2.5577996795964735,D
1584,대전광역시 중구_2021,0.32369418885974943,B
1585,부산광역시_2021,0.4024729490198729,B
1586,부산광역시 강서구_2021,1.6794629747973437,D
1587,부산광역시 금정구_2021,0.2609793824574921,B
1588,부산광역시 기장군_2021,0.8935177597871615,C
1589,부산광역시 남구_2021,0.2934977298565481,B
1590,부산광역시 동구_2021,0.18313136802737956,B
1591,부산광역시 동래구_2021,0.44314543422209746,B
1592,부산광역시 부산진구_2021,0.4295040171571033,B
1593,부산광역시 북구_2021,0.5177497288601607,B
1594,부산광역시 사상구_2021,0.2893646523653216,B
1595,부산광역시 사하구_2021,0.31268671663538866,B
1596,부산광역시 서구_2021,0.1579532441343247,B
1597,부산광역시 수영구_2021,0.38900875893087244,B
1598,부산광역시 연제구_2021,0.44496690826120244,B
1599,부산광역시 영도구_2021,0.09782233438026425,A
1600,부산광역시 중구_2021,0.2214174699819933,B
1601,부산광역시 해운대구_2021,0.5072755245254977,B
1602,서울특별시_2021,0.8547825150782761,C
1603,서울특별시 강남구_2021,1.4077873990548169,D
1604,서울특별시 강동구_2021,1.029289571128964,C
1605,서울특별시 강북구_2021,0.27265353058108427,B
1606,서울특별시 강서구_2021,1.0440732923560458,C
1607,서울특별시 관악구_2021,1.0715517723473893,C
1608,서울특별시 광진구_2021,1.238787886761207,C
1609,서울특별시 구로구_2021,0.5978484412761754,C
1610,서울특별시 금천구_2021,0.761869379693542,C
1611,서울특별시 노원구_2021,0.6100772420127674,C
1612,서울특별시 도봉구_2021,0.3359186716521187,B
1613,서울특별시 동대문구_2021,0.6863313602961061,C
1614,서울특별시 동작구_2021,0.8525914135881214,C
1615,서울특별시 마포구_2021,1.5027640245972795,D
1616,서울특별시 서대문구_2021,0.7207231261331232,C
1617,서울특별시 서초구_2021,1.2161452223080955,C
1618,서울특별시 성동구_2021,0.8643761879703014,C
1619,서울특별시 성북구_2021,0.7796176240210853,C
1620,서울특별시 송파구_2021,1.2446554830776912,C
1621,서울특별시 양천구_2021,0.9454829741954082,C
1622,서울특별시 영등포구_2021,1.0585262091059813,C
1623,서울특별시 용산구_2021,0.8030975358313788,C
1624,서울특별시 은평구_2021,0.656502186362252,C
1625,서울특별시 종로구_2021,0.5761085710753912,B
1626,서울특별시 중구_2021,0.5834129010593172,B
1627,서울특별시 중랑구_2021,0.5451309192039855,B
1628,세종특별자치시_2021,2.9127880133633086,D
1629,울산광역시_2021,0.9566499978415197,C
1630,울산광역시 남구_2021,1.077494559419689,C
1631,울산광역시 동구_2021,0.8305839927048426,C
1632,울산광역시 북구_2021,2.7555609938413426,D
1633,울산광역시 울주군_2021,0.6856455136421142,C
1634,울산광역시 중구_2021,0.4849652175847624,B
1635,인천광역시_2021,1.031676320067154,C
1636,인천광역시 강화군_2021,0.22179954408124486,B
1637,인천광역시 계양구_2021,1.1035729199830366,C
1638,인천광역시 남동구_2021,0.9533274886345502,C
1639,인천광역시 동구_2021,0.23748964934823089,B
1640,인천광역시 미추홀구_2021,0.7138063532363128,C
1641,인천광역시 부평구_2021,0.7794061008225178,C
1642,인천광역시 서구_2021,2.0503810004775422,D
1643,인천광역시 연수구_2021,2.395811350997404,D
1644,인천광역시 옹진군_2021,0.07982676196233475,A
1645,인천광역시 중구_2021,1.1568757364044502,C
1646,전라남도_2021,0.19540192919782656,B
1647,전라남도 강진군_2021,0.0,A
1648,전라남도 고흥군_2021,0.0,A
1649,전라남도 곡성군_2021,0.0060016449700934435,A
1650,전라남도 광양시_2021,0.8456199663489595,C
1651,전라남도 구례군_2021,0.012288913772421334,A
1652,전라남도 나주시_2021,0.3888085090994274,B
1653,전라남도 담양군_2021,0.15861319418752523,B
1654,전라남도 목포시_2021,0.4544823715104839,B
1655,전라남도 무안군_2021,0.8320052147775157,C
1656,전라남도 보성군_2021,0.0,A
1657,전라남도 순천시_2021,0.7157266665333258,C
1658,전라남도 신안군_2021,0.016329529156284456,A
1659,전라남도 여수시_2021,0.30617299439126283,B
1660,전라남도 영광군_2021,0.0,A
1661,전라남도 영암군_2021,0.08533467459947544,A
1662,전라남도 완도군_2021,0.0,A
1663,전라남도 장성군_2021,0.0013418083646670603,A
1664,전라남도 장흥군_2021,0.0,A
1665,전라남도 진도군_2021,0.0,A
1666,전라남도 함평군_2021,0.0,A
1667,전라남도 해남군_2021,0.0,A
1668,전라남도 화순군_2021,0.2583519731543553,B
1669,전북특별자치도_2021,0.28743379689200393,B
1670,전북특별자치도 고창군_2021,0.0,A
1671,전북특별자치도 군산시_2021,0.3951700255896555,B
1672,전북특별자치도 김제시_2021,0.04275880613835543,A
1673,전북특별자치도 남원시_2021,0.06001052078134443,A
1674,전북특별자치도 무주군_2021,0.06164748231728226,A
1675,전북특별자치도 부안군_2021,0.0,A
1676,전북특별자치도 순창군_2021,0.0,A
1677,전북특별자치도 완주군_2021,0.23131296080965422,B
1678,전북특별자치도 익산시_2021,0.29857072734397355,B
1679,전북특별자치도 임실군_2021,0.0,A
1680,전북특별자치도 장수군_2021,0.0,A
1681,전북특별자치도 전주시_2021,0.9249706938066836,C
1682,전북특별자치도 정읍시_2021,0.06799396553580177,A
1683,전북특별자치도 진안군_2021,0.013071280119709337,A
1684,제주특별자치도_2021,0.7726499413343452,C
1685,제주특별자치도 서귀포시_2021,0.48017129838696776,B
1686,제주특별자치도 제주시_2021,0.9632769332969816,C
1687,충청남도_2021,0.4485812747821844,B
1688,충청남도 계룡시_2021,1.485324343160772,D
1689,충청남도 공주시_2021,0.13100286973638012,A
1690,충청남도 금산군_2021,0.033772778885992984,A
1691,충청남도 논산시_2021,0.08234365787477377,A
1692,충청남도 당진시_2021,0.43480024528266714,B
1693,충청남도 보령시_2021,0.0767699324531621,A
1694,충청남도 부여군_2021,0.0,A
1695,충청남도 서산시_2021,0.47068174254016903,B
1696,충청남도 서천군_2021,0.0,A
1697,충청남도 아산시_2021,1.2964768794829828,C
1698,충청남도 예산군_2021,0.039992172746001545,A
1699,충청남도 천안시_2021,1.8624318235120922,D
1700,충청남도 청양군_2021,0.04202871721728181,A
1701,충청남도 태안군_2021,0.04959524669446631,A
1702,충청남도 홍성군_2021,0.2122322484882564,B
1703,충청북도_2021,0.4883101543888565,B
1704,충청북도 괴산군_2021,0.0,A
1705,충청북도 단양군_2021,0.0,A
1706,충청북도 보은군_2021,0.038723864884276586,A
1707,충청북도 영동군_2021,0.0,A
1708,충청북도 옥천군_2021,0.152630746112386,A
1709,충청북도 음성군_2021,0.21825819293673981,B
1710,충청북도 제천시_2021,0.212089046758668,B
1711,충청북도 증평군_2021,0.37491888686998676,B
1712,충청북도 진천군_2021,0.7434834936442202,C
1713,충청북도 청주시_2021,1.1275248616004556,C
1714,충청북도 충주시_2021,0.34558132142688336,B
