행정구역(동읍면)별,교원_1인당_학생수_유치원,교원_1인당_학생수_초등학교,교원_1인당_학생수_중학교,교원_1인당_학생수_고등학교,유치원_학급당 학생 수 (명),초등학교_학급당 학생 수 (명),중학교_학급당 학생 수 (명),고등학교_학급당 학생 수 (명),학교교과 교습학원 (개),평생직업 교육학원 (개),사설학원당 학생수 (명),유치원생 수,초등학생 수
세종특별자치시_2017,10.0,12.0,9.0,8.0,15.0,19.0,20.0,22.0,344.0,13.0,11.0,493.0,2200.0
경기도 수원시_2017,14.0,17.0,14.0,12.0,20.0,26.0,29.0,29.0,1879.0,178.0,66.0,20801.0,68095.0
경기도 성남시_2017,12.0,16.0,13.0,11.0,19.0,25.0,29.0,28.0,1801.0,116.0,47.0,11118.0,47213.0
경기도 안양시_2017,13.0,17.0,14.0,12.0,19.0,25.0,28.0,29.0,1032.0,62.0,50.0,7048.0,29890.0
경기도 부천시_2017,14.0,16.0,13.0,11.0,18.0,24.0,28.0,25.0,1157.0,100.0,69.0,11651.0,40820.0
경기도 광명시_2017,14.0,16.0,13.0,11.0,20.0,26.0,28.0,28.0,526.0,31.0,70.0,4274.0,19436.0
경기도 평택시_2017,13.0,16.0,13.0,13.0,15.0,24.0,27.0,29.0,652.0,46.0,65.0,7866.0,28674.0
경기도 안산시_2017,13.0,17.0,14.0,12.0,18.0,24.0,28.0,28.0,940.0,85.0,78.0,9045.0,36926.0
경기도 과천시_2017,11.0,16.0,14.0,10.0,14.0,25.0,29.0,24.0,72.0,3.0,91.0,498.0,2973.0
경기도 오산시_2017,15.0,17.0,15.0,13.0,19.0,26.0,31.0,31.0,241.0,13.0,109.0,6500.0,15696.0
경기도 시흥시_2017,14.0,16.0,14.0,13.0,17.0,24.0,29.0,31.0,602.0,33.0,81.0,5461.0,25140.0
경기도 군포시_2017,14.0,16.0,14.0,13.0,20.0,25.0,28.0,31.0,412.0,33.0,72.0,3979.0,15850.0
경기도 의왕시_2017,13.0,15.0,14.0,12.0,18.0,24.0,27.0,26.0,178.0,4.0,71.0,1821.0,7487.0
경기도 하남시_2017,15.0,17.0,13.0,9.0,19.0,25.0,28.0,22.0,228.0,7.0,88.0,2620.0,12281.0
경기도 용인시_2017,15.0,17.0,14.0,13.0,18.0,26.0,30.0,31.0,1731.0,47.0,71.0,18118.0,67328.0
경기도 이천시_2017,12.0,14.0,13.0,12.0,14.0,23.0,26.0,28.0,340.0,25.0,70.0,2897.0,12988.0
경기도 안성시_2017,12.0,13.0,13.0,13.0,14.0,20.0,26.0,28.0,207.0,19.0,84.0,2685.0,10734.0
경기도 김포시_2017,14.0,17.0,14.0,12.0,16.0,25.0,29.0,28.0,586.0,33.0,74.0,9551.0,25578.0
경기도 화성시_2017,15.0,17.0,15.0,15.0,18.0,25.0,31.0,34.0,1100.0,43.0,78.0,16066.0,52593.0
경기도 광주시_2017,14.0,18.0,15.0,13.0,19.0,27.0,30.0,30.0,384.0,8.0,77.0,2734.0,17608.0
경기도 여주시_2017,12.0,12.0,10.0,11.0,15.0,18.0,24.0,23.0,106.0,7.0,82.0,1324.0,5548.0
경기도 양평군_2017,10.0,12.0,9.0,8.0,12.0,19.0,23.0,22.0,77.0,3.0,91.0,676.0,5118.0
경기도 의정부시_2017,12.0,16.0,13.0,12.0,16.0,25.0,28.0,28.0,662.0,46.0,63.0,5332.0,21918.0
경기도 동두천시_2017,11.0,15.0,12.0,11.0,14.0,23.0,25.0,24.0,93.0,6.0,73.0,844.0,5231.0
경기도 고양시_2017,13.0,17.0,14.0,12.0,19.0,25.0,30.0,29.0,1880.0,120.0,58.0,15028.0,54467.0
경기도 구리시_2017,13.0,17.0,14.0,12.0,20.0,25.0,30.0,29.0,327.0,16.0,62.0,2694.0,9780.0
경기도 남양주시_2017,14.0,17.0,14.0,12.0,18.0,25.0,28.0,29.0,877.0,24.0,83.0,10905.0,41985.0
경기도 파주시_2017,14.0,16.0,15.0,13.0,17.0,24.0,29.0,30.0,490.0,30.0,95.0,7715.0,27888.0
경기도 양주시_2017,12.0,15.0,15.0,14.0,13.0,23.0,30.0,32.0,224.0,8.0,105.0,2983.0,13026.0
경기도 포천시_2017,11.0,12.0,10.0,11.0,12.0,19.0,23.0,24.0,135.0,7.0,102.0,1260.0,7217.0
경기도 연천군_2017,11.0,9.0,7.0,10.0,14.0,14.0,21.0,24.0,39.0,0.0,98.0,431.0,1802.0
경기도 가평군_2017,10.0,10.0,11.0,10.0,10.0,17.0,23.0,24.0,60.0,4.0,91.0,374.0,2651.0
강원특별자치도 춘천시_2017,11.0,14.0,12.0,14.0,20.0,21.0,26.0,32.0,420.0,33.0,61.0,3519.0,14701.0
강원특별자치도 원주시_2017,12.0,14.0,12.0,14.0,19.0,22.0,26.0,32.0,547.0,48.0,59.0,5233.0,19531.0
강원특별자치도 강릉시_2017,11.0,13.0,13.0,12.0,18.0,19.0,26.0,28.0,366.0,42.0,53.0,1932.0,10151.0
강원특별자치도 동해시_2017,12.0,15.0,11.0,12.0,18.0,22.0,23.0,28.0,123.0,15.0,76.0,1318.0,5062.0
강원특별자치도 태백시_2017,9.0,10.0,9.0,10.0,15.0,16.0,23.0,27.0,47.0,3.0,93.0,407.0,2323.0
강원특별자치도 속초시_2017,13.0,13.0,13.0,13.0,19.0,20.0,25.0,30.0,119.0,9.0,78.0,581.0,3870.0
강원특별자치도 삼척시_2017,12.0,9.0,6.0,8.0,17.0,14.0,16.0,21.0,68.0,6.0,78.0,814.0,2783.0
강원특별자치도 홍천군_2017,10.0,7.0,8.0,12.0,14.0,12.0,19.0,29.0,77.0,4.0,78.0,661.0,2938.0
강원특별자치도 횡성군_2017,11.0,7.0,5.0,8.0,14.0,12.0,13.0,22.0,46.0,0.0,70.0,278.0,1694.0
강원특별자치도 영월군_2017,7.0,6.0,4.0,7.0,12.0,10.0,13.0,20.0,26.0,2.0,93.0,332.0,1387.0
강원특별자치도 평창군_2017,9.0,7.0,7.0,8.0,13.0,11.0,18.0,22.0,36.0,1.0,95.0,336.0,1708.0
강원특별자치도 정선군_2017,8.0,7.0,6.0,7.0,14.0,11.0,17.0,19.0,32.0,0.0,92.0,352.0,1516.0
강원특별자치도 철원군_2017,9.0,9.0,10.0,11.0,13.0,14.0,21.0,27.0,50.0,2.0,97.0,335.0,2326.0
강원특별자치도 화천군_2017,11.0,6.0,7.0,7.0,14.0,10.0,18.0,22.0,19.0,0.0,108.0,341.0,1117.0
강원특별자치도 양구군_2017,11.0,7.0,6.0,10.0,13.0,11.0,17.0,26.0,18.0,0.0,121.0,147.0,1104.0
강원특별자치도 인제군_2017,8.0,7.0,7.0,8.0,13.0,12.0,18.0,22.0,26.0,0.0,114.0,423.0,1590.0
강원특별자치도 고성군_2017,10.0,5.0,6.0,8.0,15.0,9.0,16.0,21.0,16.0,0.0,103.0,201.0,959.0
강원특별자치도 양양군_2017,7.0,6.0,7.0,9.0,11.0,9.0,16.0,21.0,21.0,1.0,97.0,228.0,962.0
경상남도 창원시_2017,13.0,14.0,13.0,11.0,22.0,22.0,27.0,28.0,1778.0,168.0,54.0,17609.0,57188.0
경상남도 진주시_2017,12.0,14.0,12.0,12.0,20.0,22.0,26.0,29.0,791.0,71.0,37.0,4169.0,19689.0
경상남도 통영시_2017,12.0,14.0,11.0,14.0,19.0,21.0,24.0,32.0,228.0,8.0,58.0,1993.0,8135.0
경상남도 사천시_2017,10.0,13.0,11.0,8.0,15.0,20.0,24.0,22.0,194.0,10.0,44.0,993.0,6417.0
경상남도 김해시_2017,13.0,16.0,13.0,14.0,21.0,23.0,29.0,33.0,1085.0,70.0,60.0,9675.0,35186.0
경상남도 밀양시_2017,12.0,10.0,10.0,11.0,17.0,17.0,24.0,24.0,136.0,9.0,47.0,1052.0,4248.0
경상남도 거제시_2017,14.0,15.0,12.0,16.0,21.0,22.0,27.0,38.0,432.0,29.0,66.0,5364.0,17487.0
경상남도 양산시_2017,13.0,15.0,13.0,14.0,22.0,22.0,28.0,34.0,468.0,27.0,66.0,7033.0,19371.0
경상남도 의령군_2017,7.0,5.0,7.0,8.0,8.0,8.0,19.0,25.0,19.0,0.0,66.0,156.0,802.0
경상남도 함안군_2017,11.0,11.0,11.0,10.0,18.0,16.0,23.0,26.0,82.0,0.0,61.0,989.0,3704.0
경상남도 창녕군_2017,10.0,8.0,8.0,10.0,14.0,13.0,21.0,20.0,52.0,5.0,58.0,575.0,2215.0
경상남도 고성군_2017,6.0,7.0,7.0,10.0,11.0,12.0,18.0,23.0,67.0,2.0,53.0,290.0,2222.0
경상남도 남해군_2017,8.0,7.0,6.0,10.0,11.0,13.0,17.0,22.0,84.0,2.0,30.0,183.0,1422.0
경상남도 하동군_2017,5.0,7.0,5.0,7.0,7.0,11.0,18.0,19.0,36.0,6.0,82.0,165.0,1645.0
경상남도 산청군_2017,7.0,6.0,5.0,6.0,11.0,10.0,15.0,17.0,23.0,1.0,99.0,182.0,1125.0
경상남도 함양군_2017,9.0,8.0,8.0,9.0,13.0,13.0,19.0,25.0,43.0,1.0,68.0,328.0,1591.0
경상남도 거창군_2017,12.0,10.0,7.0,10.0,16.0,16.0,19.0,25.0,80.0,4.0,55.0,591.0,2916.0
경상남도 합천군_2017,8.0,5.0,6.0,7.0,12.0,8.0,17.0,19.0,40.0,1.0,51.0,300.0,1256.0
경상북도 포항시_2017,13.0,15.0,11.0,11.0,20.0,23.0,25.0,25.0,735.0,61.0,54.0,8680.0,26717.0
경상북도 경주시_2017,14.0,13.0,10.0,11.0,20.0,21.0,23.0,25.0,332.0,26.0,49.0,3297.0,11757.0
경상북도 김천시_2017,13.0,12.0,8.0,10.0,18.0,19.0,20.0,25.0,120.0,16.0,74.0,2145.0,6449.0
경상북도 안동시_2017,13.0,12.0,9.0,11.0,20.0,20.0,21.0,25.0,217.0,28.0,52.0,2413.0,8235.0
경상북도 구미시_2017,14.0,16.0,12.0,14.0,20.0,25.0,25.0,32.0,815.0,62.0,58.0,10454.0,26881.0
경상북도 영주시_2017,13.0,12.0,8.0,11.0,18.0,20.0,20.0,26.0,159.0,16.0,41.0,1165.0,4982.0
경상북도 영천시_2017,11.0,10.0,7.0,9.0,16.0,18.0,18.0,23.0,95.0,9.0,57.0,724.0,3573.0
경상북도 상주시_2017,12.0,9.0,6.0,4.0,17.0,16.0,16.0,15.0,101.0,11.0,52.0,1329.0,4033.0
경상북도 문경시_2017,12.0,10.0,8.0,6.0,18.0,16.0,20.0,22.0,75.0,8.0,56.0,890.0,2918.0
경상북도 경산시_2017,11.0,13.0,12.0,14.0,17.0,22.0,24.0,28.0,306.0,25.0,55.0,4525.0,12565.0
경상북도 군위군_2017,8.0,6.0,4.0,8.0,11.0,11.0,12.0,22.0,8.0,0.0,140.0,111.0,506.0
경상북도 의성군_2017,7.0,6.0,5.0,7.0,9.0,11.0,16.0,20.0,21.0,1.0,108.0,182.0,1250.0
경상북도 청송군_2017,11.0,6.0,3.0,6.0,16.0,11.0,10.0,18.0,10.0,1.0,109.0,230.0,657.0
경상북도 영양군_2017,6.0,6.0,3.0,7.0,8.0,11.0,9.0,17.0,8.0,0.0,116.0,110.0,553.0
경상북도 영덕군_2017,8.0,8.0,5.0,9.0,9.0,14.0,15.0,21.0,31.0,0.0,70.0,147.0,1205.0
경상북도 청도군_2017,10.0,7.0,2.0,6.0,13.0,13.0,8.0,14.0,31.0,1.0,43.0,279.0,1153.0
경상북도 고령군_2017,8.0,8.0,4.0,6.0,10.0,14.0,13.0,14.0,25.0,0.0,68.0,163.0,1233.0
경상북도 성주군_2017,10.0,6.0,5.0,9.0,12.0,12.0,15.0,22.0,30.0,0.0,63.0,212.0,1225.0
경상북도 칠곡군_2017,13.0,13.0,10.0,10.0,18.0,20.0,23.0,27.0,184.0,5.0,59.0,1973.0,7001.0
경상북도 예천군_2017,9.0,8.0,5.0,9.0,13.0,14.0,15.0,22.0,30.0,3.0,76.0,249.0,1377.0
경상북도 봉화군_2017,6.0,6.0,6.0,2.0,8.0,10.0,16.0,14.0,13.0,0.0,119.0,175.0,994.0
경상북도 울진군_2017,10.0,9.0,7.0,9.0,12.0,15.0,18.0,23.0,53.0,3.0,73.0,266.0,2094.0
경상북도 울릉군_2017,13.0,7.0,2.0,9.0,14.0,11.0,9.0,23.0,2.0,0.0,543.0,117.0,284.0
광주광역시 동구_2017,11.0,10.0,9.0,13.0,17.0,18.0,19.0,30.0,191.0,116.0,26.0,844.0,3165.0
광주광역시 서구_2017,11.0,14.0,13.0,14.0,18.0,21.0,25.0,30.0,722.0,86.0,40.0,4766.0,17461.0
광주광역시 남구_2017,12.0,14.0,10.0,14.0,20.0,21.0,24.0,30.0,502.0,41.0,38.0,3980.0,12820.0
광주광역시 북구_2017,11.0,13.0,11.0,14.0,18.0,21.0,24.0,31.0,827.0,127.0,42.0,6505.0,23464.0
광주광역시 광산구_2017,13.0,15.0,12.0,14.0,20.0,23.0,26.0,33.0,872.0,72.0,57.0,8559.0,31279.0
대구광역시 중구_2017,14.0,13.0,10.0,14.0,18.0,21.0,23.0,33.0,131.0,164.0,45.0,810.0,4144.0
대구광역시 동구_2017,12.0,14.0,11.0,14.0,16.0,23.0,22.0,33.0,344.0,28.0,66.0,5567.0,17060.0
대구광역시 서구_2017,12.0,11.0,9.0,10.0,22.0,19.0,22.0,23.0,138.0,28.0,72.0,1403.0,6161.0
대구광역시 남구_2017,11.0,12.0,9.0,10.0,18.0,20.0,22.0,23.0,96.0,34.0,71.0,1675.0,4758.0
대구광역시 북구_2017,12.0,14.0,11.0,12.0,19.0,22.0,24.0,30.0,564.0,53.0,66.0,7488.0,23118.0
대구광역시 수성구_2017,11.0,15.0,12.0,14.0,19.0,24.0,25.0,32.0,909.0,55.0,42.0,6348.0,23967.0
대구광역시 달서구_2017,13.0,14.0,12.0,12.0,22.0,23.0,25.0,29.0,879.0,71.0,59.0,9887.0,32135.0
대구광역시 달성군_2017,14.0,12.0,11.0,11.0,22.0,20.0,23.0,29.0,310.0,11.0,66.0,5758.0,13365.0
대전광역시 동구_2017,11.0,13.0,11.0,11.0,16.0,20.0,26.0,27.0,181.0,33.0,92.0,2403.0,11794.0
대전광역시 중구_2017,11.0,13.0,13.0,12.0,18.0,20.0,28.0,30.0,242.0,106.0,76.0,3725.0,13082.0
대전광역시 서구_2017,11.0,15.0,12.0,11.0,19.0,22.0,27.0,27.0,758.0,127.0,63.0,7866.0,26732.0
대전광역시 유성구_2017,12.0,14.0,12.0,12.0,19.0,22.0,27.0,29.0,486.0,46.0,82.0,7387.0,23055.0
대전광역시 대덕구_2017,12.0,11.0,11.0,9.0,17.0,19.0,24.0,23.0,232.0,12.0,67.0,2631.0,9577.0
부산광역시 중구_2017,9.0,14.0,11.0,9.0,17.0,21.0,24.0,23.0,30.0,27.0,250.0,189.0,1396.0
부산광역시 서구_2017,13.0,12.0,12.0,10.0,25.0,20.0,26.0,26.0,105.0,5.0,69.0,1022.0,3694.0
부산광역시 동구_2017,12.0,12.0,11.0,12.0,20.0,18.0,24.0,24.0,42.0,31.0,96.0,820.0,2456.0
부산광역시 영도구_2017,11.0,12.0,9.0,12.0,18.0,19.0,22.0,24.0,79.0,1.0,81.0,967.0,4086.0
부산광역시 부산진구_2017,12.0,14.0,12.0,9.0,22.0,21.0,25.0,22.0,386.0,195.0,57.0,5297.0,15375.0
부산광역시 동래구_2017,12.0,16.0,14.0,14.0,22.0,23.0,27.0,30.0,486.0,50.0,47.0,3895.0,12486.0
부산광역시 남구_2017,12.0,14.0,13.0,11.0,21.0,22.0,26.0,26.0,288.0,52.0,70.0,2970.0,12130.0
부산광역시 북구_2017,12.0,14.0,11.0,12.0,22.0,21.0,25.0,29.0,362.0,32.0,69.0,4542.0,13403.0
부산광역시 해운대구_2017,12.0,15.0,13.0,14.0,21.0,23.0,27.0,32.0,626.0,34.0,58.0,5092.0,20391.0
부산광역시 사하구_2017,11.0,14.0,12.0,12.0,21.0,21.0,26.0,28.0,395.0,35.0,52.0,4307.0,14394.0
부산광역시 금정구_2017,11.0,14.0,13.0,11.0,22.0,21.0,25.0,26.0,342.0,49.0,49.0,2908.0,9690.0
부산광역시 강서구_2017,14.0,14.0,10.0,10.0,21.0,21.0,25.0,25.0,182.0,3.0,57.0,3089.0,6962.0
부산광역시 연제구_2017,12.0,15.0,12.0,10.0,23.0,22.0,24.0,25.0,253.0,39.0,54.0,1684.0,9440.0
부산광역시 수영구_2017,12.0,15.0,12.0,13.0,22.0,22.0,25.0,30.0,253.0,22.0,38.0,2142.0,6154.0
부산광역시 사상구_2017,11.0,13.0,11.0,11.0,21.0,20.0,24.0,25.0,147.0,24.0,87.0,3320.0,8431.0
부산광역시 기장군_2017,13.0,15.0,14.0,13.0,21.0,23.0,27.0,30.0,207.0,8.0,83.0,3609.0,10375.0
서울특별시 종로구_2017,13.0,11.0,10.0,12.0,20.0,20.0,24.0,29.0,109.0,188.0,70.0,1320.0,5561.0
서울특별시 중구_2017,12.0,13.0,8.0,12.0,16.0,21.0,17.0,29.0,64.0,64.0,117.0,1172.0,5283.0
서울특별시 용산구_2017,11.0,13.0,10.0,13.0,21.0,21.0,23.0,29.0,143.0,32.0,77.0,1672.0,7624.0
서울특별시 성동구_2017,13.0,12.0,11.0,11.0,22.0,20.0,24.0,24.0,255.0,40.0,75.0,2638.0,12047.0
서울특별시 광진구_2017,12.0,14.0,13.0,13.0,23.0,23.0,26.0,30.0,383.0,59.0,62.0,3139.0,15029.0
서울특별시 동대문구_2017,12.0,14.0,12.0,9.0,19.0,22.0,24.0,22.0,304.0,56.0,62.0,3249.0,13930.0
서울특별시 중랑구_2017,12.0,14.0,12.0,12.0,20.0,22.0,25.0,27.0,266.0,22.0,92.0,3365.0,15419.0
서울특별시 성북구_2017,11.0,15.0,13.0,12.0,20.0,24.0,26.0,29.0,424.0,33.0,70.0,5094.0,21897.0
서울특별시 강북구_2017,11.0,14.0,12.0,11.0,18.0,23.0,26.0,25.0,203.0,24.0,84.0,1887.0,10878.0
서울특별시 도봉구_2017,12.0,15.0,12.0,11.0,19.0,22.0,24.0,24.0,345.0,15.0,76.0,2929.0,16242.0
서울특별시 노원구_2017,12.0,15.0,13.0,12.0,19.0,22.0,26.0,27.0,728.0,47.0,64.0,6867.0,28364.0
서울특별시 은평구_2017,12.0,15.0,13.0,12.0,17.0,23.0,26.0,26.0,480.0,41.0,66.0,4242.0,22409.0
서울특별시 서대문구_2017,12.0,14.0,12.0,12.0,20.0,22.0,24.0,27.0,289.0,53.0,61.0,2649.0,13193.0
서울특별시 마포구_2017,13.0,13.0,13.0,12.0,20.0,22.0,26.0,27.0,444.0,172.0,50.0,2975.0,15850.0
서울특별시 양천구_2017,11.0,15.0,14.0,13.0,19.0,23.0,27.0,31.0,1018.0,34.0,42.0,4972.0,24526.0
서울특별시 강서구_2017,12.0,15.0,12.0,10.0,20.0,22.0,24.0,24.0,673.0,40.0,54.0,6084.0,26594.0
서울특별시 구로구_2017,12.0,14.0,12.0,13.0,21.0,23.0,24.0,30.0,367.0,64.0,85.0,3271.0,18965.0
서울특별시 금천구_2017,13.0,12.0,11.0,11.0,18.0,20.0,22.0,25.0,180.0,35.0,74.0,1767.0,9030.0
서울특별시 영등포구_2017,12.0,12.0,12.0,11.0,21.0,20.0,24.0,25.0,315.0,155.0,80.0,3883.0,13905.0
서울특별시 동작구_2017,12.0,15.0,12.0,11.0,19.0,24.0,26.0,26.0,365.0,107.0,69.0,3620.0,16698.0
서울특별시 관악구_2017,12.0,13.0,12.0,10.0,20.0,22.0,25.0,24.0,366.0,89.0,68.0,4147.0,16227.0
서울특별시 서초구_2017,13.0,17.0,13.0,12.0,22.0,26.0,27.0,29.0,835.0,255.0,45.0,3122.0,22939.0
서울특별시 강남구_2017,12.0,15.0,13.0,13.0,22.0,25.0,27.0,30.0,1744.0,502.0,23.0,4156.0,24371.0
서울특별시 송파구_2017,12.0,14.0,13.0,12.0,22.0,23.0,26.0,27.0,1023.0,70.0,52.0,6261.0,31191.0
서울특별시 강동구_2017,15.0,13.0,12.0,11.0,21.0,22.0,24.0,23.0,631.0,38.0,47.0,4506.0,20161.0
울산광역시 중구_2017,15.0,15.0,12.0,12.0,22.0,22.0,26.0,28.0,412.0,36.0,52.0,3480.0,12074.0
울산광역시 남구_2017,14.0,15.0,12.0,13.0,22.0,22.0,27.0,31.0,1003.0,98.0,34.0,4707.0,16491.0
울산광역시 동구_2017,16.0,15.0,12.0,12.0,24.0,22.0,25.0,28.0,267.0,11.0,59.0,2930.0,10053.0
울산광역시 북구_2017,16.0,16.0,12.0,12.0,23.0,23.0,25.0,28.0,346.0,14.0,72.0,4976.0,13844.0
울산광역시 울주군_2017,13.0,15.0,12.0,14.0,18.0,21.0,25.0,33.0,369.0,10.0,61.0,3478.0,13554.0
인천광역시 강화군_2017,10.0,15.0,14.0,8.0,12.0,22.0,27.0,21.0,90.0,11.0,120.0,592.0,7346.0
인천광역시 옹진군_2017,10.0,14.0,10.0,4.0,12.0,21.0,20.0,12.0,45.0,2.0,104.0,146.0,4015.0
인천광역시 중구_2017,13.0,15.0,13.0,9.0,18.0,23.0,27.0,24.0,328.0,53.0,82.0,2018.0,17540.0
인천광역시 동구_2017,13.0,17.0,15.0,9.0,19.0,24.0,30.0,24.0,593.0,24.0,55.0,1032.0,20803.0
인천광역시 미추홀구_2017,14.0,16.0,14.0,10.0,21.0,24.0,27.0,26.0,657.0,66.0,72.0,4989.0,29429.0
인천광역시 연수구_2017,14.0,15.0,14.0,12.0,22.0,22.0,27.0,28.0,565.0,97.0,82.0,5569.0,26138.0
인천광역시 남동구_2017,14.0,15.0,13.0,13.0,20.0,22.0,26.0,28.0,363.0,29.0,87.0,9936.0,16403.0
인천광역시 부평구_2017,13.0,16.0,14.0,11.0,20.0,23.0,29.0,26.0,697.0,29.0,79.0,6484.0,31686.0
인천광역시 계양구_2017,13.0,8.0,9.0,12.0,21.0,13.0,20.0,28.0,48.0,1.0,236.0,3758.0,2513.0
인천광역시 서구_2017,16.0,7.0,5.0,13.0,22.0,9.0,11.0,30.0,4.0,0.0,2587.0,9485.0,597.0
전라남도 목포시_2017,13.0,16.0,13.0,11.0,17.0,24.0,28.0,26.0,473.0,35.0,45.0,4067.0,15569.0
전라남도 여수시_2017,11.0,13.0,12.0,13.0,14.0,21.0,27.0,29.0,535.0,33.0,46.0,3377.0,14692.0
전라남도 순천시_2017,12.0,15.0,13.0,12.0,15.0,23.0,28.0,28.0,497.0,56.0,57.0,3794.0,16662.0
전라남도 나주시_2017,9.0,11.0,7.0,8.0,15.0,18.0,18.0,22.0,156.0,7.0,46.0,1356.0,5071.0
전라남도 광양시_2017,10.0,14.0,12.0,12.0,13.0,21.0,26.0,30.0,251.0,13.0,64.0,1617.0,9076.0
전라남도 담양군_2017,10.0,7.0,7.0,10.0,13.0,13.0,19.0,25.0,13.0,1.0,197.0,347.0,1455.0
전라남도 곡성군_2017,9.0,8.0,9.0,10.0,11.0,13.0,21.0,26.0,25.0,1.0,76.0,188.0,982.0
전라남도 구례군_2017,10.0,7.0,7.0,10.0,12.0,11.0,18.0,26.0,20.0,0.0,95.0,201.0,1042.0
전라남도 고흥군_2017,5.0,8.0,6.0,11.0,9.0,13.0,17.0,25.0,49.0,2.0,81.0,299.0,2060.0
전라남도 보성군_2017,8.0,6.0,6.0,10.0,8.0,10.0,16.0,23.0,32.0,1.0,73.0,221.0,1396.0
전라남도 화순군_2017,9.0,10.0,9.0,13.0,13.0,16.0,21.0,32.0,85.0,3.0,66.0,510.0,2960.0
전라남도 장흥군_2017,10.0,7.0,7.0,10.0,10.0,12.0,19.0,24.0,27.0,1.0,112.0,317.0,1500.0
전라남도 강진군_2017,9.0,7.0,6.0,9.0,9.0,12.0,17.0,26.0,32.0,0.0,84.0,162.0,1359.0
전라남도 해남군_2017,11.0,8.0,8.0,9.0,12.0,14.0,21.0,26.0,55.0,6.0,90.0,582.0,2899.0
전라남도 영암군_2017,11.0,9.0,7.0,10.0,14.0,16.0,19.0,24.0,53.0,3.0,86.0,553.0,2562.0
전라남도 무안군_2017,8.0,11.0,11.0,11.0,15.0,18.0,25.0,26.0,141.0,5.0,50.0,878.0,4490.0
전라남도 함평군_2017,9.0,6.0,5.0,9.0,9.0,12.0,15.0,24.0,17.0,2.0,124.0,145.0,1000.0
전라남도 영광군_2017,11.0,9.0,8.0,12.0,12.0,16.0,20.0,28.0,63.0,3.0,58.0,427.0,2305.0
전라남도 장성군_2017,9.0,8.0,7.0,11.0,14.0,15.0,19.0,28.0,34.0,2.0,93.0,580.0,1928.0
전라남도 완도군_2017,12.0,7.0,6.0,8.0,14.0,13.0,17.0,23.0,31.0,2.0,129.0,611.0,2101.0
전라남도 진도군_2017,10.0,7.0,4.0,2.0,12.0,11.0,13.0,10.0,26.0,0.0,54.0,250.0,1187.0
전라남도 신안군_2017,6.0,4.0,3.0,5.0,10.0,7.0,9.0,18.0,6.0,0.0,280.0,228.0,937.0
전북특별자치도 전주시_2017,11.0,16.0,14.0,15.0,17.0,24.0,30.0,32.0,3617.0,322.0,22.0,11016.0,38417.0
전북특별자치도 군산시_2017,11.0,13.0,13.0,14.0,18.0,21.0,28.0,31.0,3617.0,322.0,8.0,4069.0,15680.0
전북특별자치도 익산시_2017,10.0,13.0,13.0,13.0,14.0,20.0,28.0,28.0,3617.0,322.0,8.0,4477.0,15896.0
전북특별자치도 정읍시_2017,9.0,9.0,9.0,10.0,13.0,15.0,22.0,24.0,3617.0,322.0,3.0,1206.0,5277.0
전북특별자치도 남원시_2017,7.0,9.0,9.0,10.0,11.0,16.0,22.0,24.0,3617.0,322.0,2.0,574.0,4115.0
전북특별자치도 김제시_2017,11.0,8.0,9.0,8.0,14.0,12.0,22.0,18.0,3617.0,322.0,1.0,942.0,3637.0
전북특별자치도 완주군_2017,8.0,10.0,9.0,9.0,15.0,16.0,21.0,21.0,3617.0,322.0,2.0,1463.0,5100.0
전북특별자치도 진안군_2017,6.0,5.0,3.0,6.0,12.0,9.0,10.0,16.0,3617.0,322.0,0.0,240.0,908.0
전북특별자치도 무주군_2017,7.0,8.0,6.0,6.0,12.0,13.0,16.0,18.0,3617.0,322.0,0.0,218.0,1076.0
전북특별자치도 장수군_2017,8.0,8.0,5.0,6.0,13.0,12.0,13.0,17.0,3617.0,322.0,0.0,200.0,985.0
전북특별자치도 임실군_2017,7.0,5.0,4.0,8.0,11.0,9.0,12.0,25.0,3617.0,322.0,0.0,215.0,1025.0
전북특별자치도 순창군_2017,7.0,5.0,6.0,8.0,10.0,10.0,17.0,22.0,3617.0,322.0,0.0,222.0,1159.0
전북특별자치도 고창군_2017,7.0,7.0,7.0,10.0,12.0,12.0,19.0,22.0,3617.0,322.0,1.0,420.0,2108.0
전북특별자치도 부안군_2017,7.0,6.0,7.0,9.0,12.0,11.0,17.0,23.0,3617.0,322.0,1.0,506.0,2000.0
제주특별자치도 제주시_2017,12.0,15.0,13.0,14.0,24.0,23.0,27.0,31.0,785.0,44.0,61.0,4736.0,29884.0
제주특별자치도 서귀포시_2017,9.0,11.0,11.0,12.0,18.0,19.0,24.0,27.0,162.0,3.0,98.0,1157.0,9017.0
충청남도 천안시_2017,13.0,15.0,13.0,14.0,20.0,24.0,28.0,33.0,1105.0,83.0,62.0,10817.0,39092.0
충청남도 공주시_2017,10.0,10.0,9.0,12.0,16.0,16.0,23.0,27.0,123.0,10.0,69.0,1333.0,4601.0
충청남도 보령시_2017,12.0,9.0,10.0,11.0,18.0,15.0,23.0,26.0,124.0,7.0,68.0,1155.0,4726.0
충청남도 아산시_2017,13.0,15.0,13.0,15.0,18.0,23.0,27.0,31.0,376.0,22.0,90.0,5604.0,20778.0
충청남도 서산시_2017,12.0,14.0,11.0,13.0,15.0,21.0,26.0,30.0,211.0,18.0,78.0,2039.0,10006.0
충청남도 논산시_2017,9.0,10.0,9.0,10.0,13.0,17.0,21.0,23.0,116.0,14.0,69.0,691.0,5834.0
충청남도 계룡시_2017,13.0,16.0,13.0,12.0,19.0,23.0,29.0,29.0,50.0,5.0,116.0,788.0,3258.0
충청남도 당진시_2017,12.0,13.0,10.0,13.0,17.0,21.0,25.0,31.0,185.0,13.0,72.0,1696.0,9937.0
충청남도 금산군_2017,8.0,9.0,7.0,11.0,13.0,14.0,21.0,26.0,35.0,1.0,121.0,371.0,2313.0
충청남도 부여군_2017,8.0,7.0,8.0,11.0,12.0,12.0,20.0,25.0,49.0,4.0,98.0,539.0,2481.0
충청남도 서천군_2017,7.0,7.0,8.0,8.0,10.0,12.0,21.0,22.0,52.0,4.0,61.0,265.0,1895.0
충청남도 청양군_2017,10.0,6.0,5.0,9.0,14.0,11.0,14.0,20.0,18.0,2.0,121.0,300.0,992.0
충청남도 홍성군_2017,11.0,12.0,10.0,11.0,16.0,19.0,23.0,24.0,112.0,12.0,86.0,1488.0,5521.0
충청남도 예산군_2017,10.0,8.0,9.0,10.0,13.0,14.0,21.0,23.0,72.0,10.0,68.0,738.0,3040.0
충청남도 태안군_2017,10.0,8.0,8.0,9.0,13.0,13.0,20.0,23.0,47.0,3.0,98.0,418.0,2489.0
충청북도  청주시_2017,12.0,15.0,13.0,14.0,18.0,22.0,27.0,31.0,1344.0,111.0,63.0,10731.0,49407.0
충청북도  충주시_2017,11.0,11.0,11.0,11.0,17.0,18.0,25.0,25.0,265.0,29.0,60.0,2125.0,10225.0
충청북도  제천시_2017,10.0,11.0,10.0,13.0,16.0,18.0,22.0,28.0,169.0,18.0,68.0,1735.0,6326.0
충청북도  보은군_2017,8.0,5.0,7.0,8.0,11.0,9.0,19.0,26.0,23.0,1.0,87.0,274.0,1158.0
충청북도  옥천군_2017,11.0,9.0,8.0,13.0,15.0,15.0,19.0,29.0,33.0,2.0,125.0,579.0,2200.0
충청북도  영동군_2017,9.0,7.0,6.0,10.0,14.0,12.0,16.0,25.0,41.0,1.0,76.0,417.0,1745.0
충청북도  증평군_2017,10.0,14.0,11.0,10.0,17.0,21.0,23.0,25.0,50.0,3.0,70.0,285.0,2084.0
충청북도  진천군_2017,10.0,12.0,9.0,11.0,16.0,18.0,21.0,26.0,75.0,5.0,96.0,747.0,4153.0
충청북도  괴산군_2017,9.0,6.0,5.0,11.0,11.0,10.0,14.0,28.0,15.0,0.0,142.0,210.0,1095.0
충청북도  음성군_2017,11.0,11.0,9.0,13.0,16.0,17.0,20.0,29.0,90.0,9.0,89.0,1106.0,4744.0
충청북도  단양군_2017,6.0,6.0,6.0,13.0,7.0,10.0,18.0,29.0,14.0,0.0,212.0,142.0,1103.0
