"시군구별(1)",시군구별(2),2015,2015,2015,2015,2015,2016,2016,2016,2016,2016,2017,2017,2017,2017,2017,2018,2018,2018,2018,2018,2020,2020,2020,2020,2020,2021,2021,2021,2021,2021,2022,2022,2022,2022,2022,2023,2023,2023,2023,2023
"시군구별(1)",시군구별(2),응답자수 (명),조율 (%),조율표준오차,표준화율 (%),표준화율표준오차,응답자수 (명),조율 (%),조율표준오차,표준화율 (%),표준화율표준오차,응답자수 (명),조율 (%),조율표준오차,표준화율 (%),표준화율표준오차,응답자수 (명),조율 (%),조율표준오차,표준화율 (%),표준화율표준오차,응답자수 (명),조율 (%),조율표준오차,표준화율 (%),표준화율표준오차,응답자수 (명),조율 (%),조율표준오차,표준화율 (%),표준화율표준오차,응답자수 (명),조율 (%),조율표준오차,표준화율 (%),표준화율표준오차,응답자수 (명),조율 (%),조율표준오차,표준화율 (%),표준화율표준오차
"서울특별시",소계,22677,24.7,0.3,24.5,0.3,22590,25.7,0.3,25.5,0.3,22647,25.7,0.3,25.5,0.3,22293,28.8,0.3,28.6,0.3,22628,28.2,0.3,28.5,0.3,22751,28.6,0.3,29.2,0.3,22763,29.5,0.3,30.2,0.4,22856,28.2,0.3,28.8,0.3
"서울특별시",강남구,914,22.6,1.4,22.8,1.4,909,20.3,1.5,20.9,1.3,911,22.4,1.5,23.1,1.3,906,23.8,1.3,24.1,1.3,909,24.8,1.4,26.3,1.3,922,22.5,1.3,23.9,1.4,915,25.9,1.5,26.8,1.6,920,26.2,1.5,27.5,1.5
"서울특별시",강동구,911,24.0,1.4,23.4,1.5,909,30.9,1.6,31.3,1.5,915,24.2,1.4,24.6,1.4,896,30.1,1.7,29.6,1.8,916,31.3,1.8,32.0,1.6,917,27.1,1.3,27.9,1.5,919,28.9,1.6,30.0,1.7,919,33.3,1.5,33.9,1.7
"서울특별시",강북구,910,29.5,1.6,29.5,1.7,920,29.3,1.8,28.9,1.6,915,29.6,1.5,29.1,1.7,838,28.5,1.9,29.3,1.7,904,30.3,1.7,31.2,2.0,897,32.3,1.7,32.1,1.8,900,33.0,1.9,33.3,1.9,902,31.0,1.6,33.2,1.8
"서울특별시",강서구,898,24.6,1.7,24.5,1.4,888,26.8,1.8,25.7,1.5,917,25.2,1.6,25.3,1.5,877,30.7,1.9,30.7,1.6,889,29.9,1.8,31.2,1.9,918,29.6,1.5,30.6,1.7,917,27.7,1.9,29.0,1.8,907,28.6,1.7,29.2,1.7
"서울특별시",관악구,871,24.7,1.2,24.1,1.4,914,25.8,1.5,26.0,1.4,904,25.5,1.7,25.0,1.4,906,26.2,1.4,26.1,1.7,917,26.6,1.6,25.5,1.5,919,29.5,1.5,29.8,1.5,916,31.0,1.9,30.7,1.6,918,27.7,1.5,28.7,1.5
"서울특별시",광진구,913,24.5,1.8,24.7,1.4,916,26.1,1.7,26.6,1.4,914,24.7,1.5,25.2,1.5,909,30.5,1.6,30.4,1.6,921,24.6,1.2,24.5,1.3,917,27.6,1.3,28.5,1.4,918,31.1,1.5,31.6,1.6,916,29.4,1.3,30.5,1.5
"서울특별시",구로구,908,25.6,1.5,25.1,1.5,895,29.5,1.8,28.9,1.5,913,27.7,1.8,27.7,1.6,897,31.3,1.7,30.3,1.6,907,29.0,1.5,28.7,1.7,914,28.0,1.4,28.2,1.8,915,31.5,1.6,32.5,1.8,915,29.4,1.8,30.6,1.8
"서울특별시",금천구,897,30.5,1.7,29.9,1.7,904,27.2,1.8,26.8,1.6,897,28.4,1.4,28.7,1.7,883,29.0,1.7,28.2,1.7,911,29.9,1.9,29.6,1.7,916,34.9,1.7,35.6,1.9,911,33.1,1.8,33.6,1.8,915,30.6,1.6,31.6,1.8
"서울특별시",노원구,913,24.2,1.5,23.9,1.4,910,26.9,1.7,26.5,1.5,899,27.4,1.6,27.1,1.6,901,30.2,1.4,30.4,1.6,903,30.9,1.6,31.7,1.7,911,28.9,1.9,29.6,1.6,894,29.1,1.9,29.1,1.8,916,28.5,1.7,29.2,1.8
"서울특별시",도봉구,903,25.9,1.2,25.6,1.5,891,27.8,1.6,27.9,1.6,887,28.5,1.8,27.9,1.7,892,27.9,1.6,27.5,1.6,904,33.5,2.0,36.0,1.8,882,33.6,2.0,34.6,1.9,905,32.7,1.6,33.1,1.9,915,29.3,1.5,30.4,1.8
"서울특별시",동대문구,914,25.4,1.6,24.8,1.5,914,28.0,1.4,27.0,1.6,909,27.3,1.7,26.8,1.5,915,30.3,1.7,29.4,1.6,916,30.8,1.7,30.5,1.6,914,31.3,1.6,31.2,1.7,913,29.5,1.4,30.5,1.6,917,29.2,1.3,29.4,1.7
"서울특별시",동작구,904,25.7,1.6,25.6,1.5,897,21.7,1.8,21.5,1.4,910,25.2,1.4,25.0,1.5,881,27.6,1.7,27.4,1.6,908,29.1,1.7,28.9,1.6,915,28.8,1.6,29.6,1.6,916,29.7,1.6,31.0,1.7,914,26.6,1.7,26.1,1.7
"서울특별시",마포구,904,25.3,1.6,25.0,1.5,905,23.0,1.5,22.9,1.4,903,22.1,1.6,22.4,1.3,898,26.6,1.7,25.6,1.5,899,27.2,1.6,27.7,1.6,918,25.8,1.6,26.6,1.6,915,28.9,1.4,29.7,1.6,915,27.9,1.5,28.7,1.7
"서울특별시",서대문구,907,23.5,1.4,23.5,1.5,871,23.6,1.4,23.0,1.4,889,27.0,1.8,26.1,1.6,900,27.8,1.7,28.3,1.6,917,26.5,1.5,27.2,1.7,908,32.0,1.8,33.8,1.8,916,30.2,1.6,30.6,1.6,915,28.2,1.8,29.3,1.5
"서울특별시",서초구,919,22.4,1.5,23.0,1.5,902,21.5,1.7,21.6,1.4,906,24.1,1.7,24.3,1.4,896,23.8,1.5,24.1,1.5,905,24.0,1.4,24.7,1.5,918,23.5,1.5,24.4,1.5,928,25.3,1.5,26.8,1.5,921,22.5,1.3,24.4,1.5
"서울특별시",성동구,920,24.1,1.8,24.0,1.5,914,26.1,1.4,26.2,1.3,910,26.9,1.7,26.4,1.6,892,29.5,1.7,29.3,1.5,915,28.6,1.5,28.7,1.5,916,26.3,1.6,26.5,1.4,915,28.0,1.6,28.3,1.7,918,26.5,1.5,26.9,1.5
"서울특별시",성북구,919,25.4,1.5,24.5,1.4,915,28.6,1.4,27.7,1.5,919,23.4,1.3,22.9,1.5,905,32.3,1.8,32.2,1.7,908,27.5,1.8,27.0,1.6,883,28.2,1.8,28.1,1.8,867,29.8,1.5,31.9,1.8,903,27.8,1.9,28.4,1.5
"서울특별시",송파구,926,22.7,1.3,23.5,1.4,915,21.4,1.2,21.2,1.2,923,21.6,1.3,21.6,1.2,912,24.7,1.3,25.1,1.4,922,26.5,1.4,26.7,1.4,923,27.2,1.6,28.1,1.4,929,28.1,1.6,28.8,1.5,923,25.0,1.5,24.9,1.3
"서울특별시",양천구,912,23.1,1.3,22.8,1.5,887,26.2,1.5,25.7,1.6,888,26.0,1.7,25.3,1.6,883,29.5,1.9,29.1,1.7,898,28.6,1.5,28.9,1.6,910,33.2,1.7,33.6,1.6,915,30.1,1.6,30.8,1.6,913,29.8,1.7,30.7,1.8
"서울특별시",영등포구,906,26.6,1.2,26.5,1.4,905,24.6,1.5,24.4,1.4,918,27.3,1.7,26.5,1.5,902,29.3,1.8,29.2,1.6,904,27.7,1.8,28.0,1.5,912,28.0,1.3,27.9,1.4,915,28.5,1.6,29.6,1.5,917,24.7,1.5,24.5,1.4
"서울특별시",용산구,915,24.7,1.5,24.6,1.6,892,24.0,1.6,23.1,1.5,903,25.8,1.5,25.7,1.5,878,24.7,1.4,24.0,1.6,840,25.4,1.6,24.6,1.8,907,26.2,1.5,26.0,1.6,912,27.2,1.9,28.2,1.8,919,26.7,1.3,26.6,1.6
"서울특별시",은평구,894,24.4,1.6,24.1,1.4,911,26.8,1.6,27.3,1.6,910,27.7,1.7,27.5,1.7,885,33.8,1.7,33.6,1.6,917,27.9,1.9,27.7,1.7,911,29.7,1.8,30.4,1.8,903,30.7,1.6,30.7,1.7,915,30.4,1.4,31.1,1.7
"서울특별시",종로구,894,25.0,1.6,24.2,1.6,894,26.0,1.8,25.9,1.7,891,25.8,1.8,25.3,1.5,868,32.4,1.7,32.5,1.9,895,28.1,1.5,28.9,1.5,870,25.4,1.6,26.3,1.6,887,27.5,1.7,27.1,1.7,895,31.0,1.6,32.1,1.7
"서울특별시",중구,907,23.6,1.4,23.4,1.5,901,25.7,1.9,25.1,1.5,890,24.5,1.6,24.0,1.5,879,27.6,1.5,26.1,1.6,898,25.6,1.5,25.4,1.7,919,27.2,1.4,28.2,1.6,909,25.5,1.3,25.1,1.4,912,24.3,1.3,24.8,1.4
"서울특별시",중랑구,898,25.8,1.8,25.1,1.4,911,28.3,1.5,27.9,1.6,906,30.3,1.7,30.7,1.6,894,34.2,1.9,34.1,1.9,905,31.4,1.8,31.8,1.7,914,31.0,1.2,31.3,1.5,913,34.6,1.7,35.5,1.7,916,32.5,1.6,32.7,1.8
"부산광역시",소계,14447,25.7,0.4,25.5,0.4,14369,26.3,0.5,26.5,0.4,14336,25.7,0.5,25.8,0.4,14226,28.7,0.5,28.6,0.5,14433,28.9,0.5,30.1,0.5,14493,29.0,0.4,29.8,0.5,14479,30.2,0.5,31.2,0.5,14475,31.0,0.5,32.1,0.5
"부산광역시",강서구,899,29.4,1.5,28.6,1.7,897,29.4,1.7,28.5,1.6,899,28.6,1.7,27.8,1.8,883,33.7,2.0,32.9,1.8,899,31.5,1.6,30.5,1.7,901,32.1,1.6,31.5,1.9,901,30.3,1.7,29.6,1.6,901,31.3,2.0,30.1,1.9
"부산광역시",금정구,910,24.1,1.8,25.2,1.7,906,22.3,1.5,22.2,1.5,912,18.4,1.5,18.3,1.4,910,19.4,1.5,18.7,1.4,906,27.3,1.4,27.7,1.7,908,26.4,1.4,28.3,1.9,909,26.3,1.8,28.2,1.9,908,28.6,1.7,29.6,2.0
"부산광역시",기장군,902,29.3,1.6,29.0,1.8,869,28.1,1.6,27.0,1.6,883,27.8,1.6,26.9,1.7,901,32.7,1.5,33.0,1.7,906,31.4,1.5,31.9,1.8,906,32.2,1.7,33.0,1.8,899,33.0,1.5,32.5,1.7,905,32.2,1.8,31.1,1.8
"부산광역시",남구,914,23.1,1.7,23.3,1.4,896,25.2,1.6,25.5,1.5,907,26.5,1.6,26.4,1.5,888,30.1,1.8,31.2,1.7,909,30.9,2.2,32.6,2.0,905,28.4,1.6,28.2,1.8,909,28.4,1.7,30.3,2.0,910,32.9,1.8,32.4,1.9
"부산광역시",동구,878,28.6,1.7,27.4,1.8,880,26.2,1.5,24.9,1.6,875,27.4,1.6,26.9,1.8,852,29.7,1.6,28.8,2.0,903,31.4,1.8,32.5,2.0,903,29.7,1.7,31.3,2.0,904,29.2,1.7,32.1,2.1,896,31.4,1.7,33.8,2.5
"부산광역시",동래구,911,24.6,1.5,24.2,1.8,905,25.7,1.6,25.5,1.6,916,25.0,1.7,25.0,1.5,905,28.2,1.6,27.3,1.5,909,26.9,1.6,28.7,1.6,909,26.2,1.5,26.9,1.6,908,29.1,1.7,29.7,1.6,909,29.3,1.7,30.4,1.6
"부산광역시",부산진구,898,25.6,1.5,24.9,1.4,906,24.0,1.1,23.9,1.4,910,27.8,1.8,28.3,1.7,889,26.2,1.5,25.9,1.5,910,26.6,1.7,28.1,1.7,910,28.3,1.4,28.7,1.5,910,29.8,1.5,29.9,1.8,908,33.2,1.6,34.8,1.7
"부산광역시",북구,912,25.6,1.4,26.0,1.6,902,26.7,2.0,26.8,1.6,910,25.8,1.5,25.5,1.5,907,28.2,1.6,28.6,1.9,907,29.2,1.7,30.2,1.8,909,27.0,1.7,28.2,1.8,909,35.1,1.7,36.2,2.0,909,32.5,1.7,33.7,2.0
"부산광역시",사상구,895,28.0,1.5,26.5,1.4,915,30.1,1.9,29.9,1.7,891,27.0,1.8,27.6,1.6,878,32.7,1.5,33.0,1.7,885,33.4,1.7,35.0,1.9,909,33.3,1.7,34.4,1.9,908,30.3,2.0,31.0,2.0,909,31.4,1.7,33.2,2.0
"부산광역시",사하구,915,25.1,1.6,24.8,1.5,912,26.1,1.5,27.0,1.5,906,24.6,1.6,24.5,1.5,904,29.9,1.7,29.2,1.8,904,29.6,2.0,30.8,1.8,910,30.9,1.5,32.2,1.8,910,29.8,1.5,29.8,2.0,904,34.0,2.0,35.6,2.1
"부산광역시",서구,880,25.9,1.5,25.5,1.8,896,28.9,1.6,29.8,1.7,905,27.1,1.7,27.3,2.2,868,30.9,1.9,31.2,2.0,873,26.8,1.5,26.4,1.8,903,26.3,1.4,25.9,1.9,903,31.4,1.9,33.1,2.3,905,28.5,1.6,31.7,2.3
"부산광역시",수영구,898,25.1,1.7,24.6,1.6,900,27.0,1.8,27.5,1.7,894,27.0,1.6,27.9,1.9,897,26.0,1.8,26.3,1.8,907,28.8,1.7,30.6,1.9,907,27.3,1.8,29.6,1.9,912,30.7,1.8,33.8,2.0,906,27.6,1.7,29.6,1.9
"부산광역시",연제구,907,25.9,1.6,25.7,1.4,904,27.9,1.6,28.3,1.6,907,23.1,1.5,23.3,1.6,904,30.2,1.5,31.3,1.7,908,26.8,1.8,27.5,1.7,909,29.4,1.6,30.9,1.9,900,30.0,1.8,30.8,1.8,907,29.5,1.7,31.7,2.0
"부산광역시",영도구,916,27.3,1.7,27.7,1.8,898,26.2,1.7,26.7,1.7,870,29.7,1.5,28.6,1.6,876,34.4,1.7,34.3,1.9,903,30.6,1.6,31.8,1.9,900,35.8,2.0,36.9,2.1,904,31.9,1.6,31.8,1.8,898,34.0,1.9,35.0,2.4
"부산광역시",중구,909,26.0,1.6,26.1,1.7,879,29.1,1.6,29.6,1.8,876,28.3,1.4,28.9,1.7,876,30.9,2.1,31.8,2.0,894,31.5,1.7,33.3,2.0,894,28.8,1.7,29.9,2.0,894,29.1,1.6,29.9,2.0,892,31.3,1.8,34.4,2.0
"부산광역시",해운대구,903,25.2,1.3,25.5,1.6,904,26.6,1.8,27.0,1.6,875,25.1,1.8,26.5,1.6,888,28.6,1.7,28.4,1.8,910,27.1,1.5,28.8,1.6,910,27.6,1.4,28.4,1.6,899,30.0,1.6,32.7,2.0,908,27.7,1.6,28.6,1.8
"대구광역시",소계,7135,25.5,0.6,25.6,0.6,7139,24.6,0.6,24.8,0.6,7173,26.3,0.6,26.5,0.6,7092,27.9,0.6,28.2,0.6,7250,28.7,0.6,29.6,0.6,7283,28.0,0.6,29.4,0.6,7275,28.2,0.6,28.8,0.6,8152,30.5,0.6,32.0,0.6
"대구광역시",남구,899,23.8,1.6,24.3,1.5,906,24.5,1.5,25.9,1.6,908,24.5,1.4,23.6,1.5,902,26.0,1.5,27.2,1.9,914,29.8,1.5,33.6,1.7,913,29.7,1.5,30.2,1.8,913,31.5,1.8,34.1,2.1,908,30.6,1.6,32.5,1.9
"대구광역시",달서구,893,27.9,1.6,28.1,1.4,903,25.8,1.8,26.1,1.5,904,27.4,1.4,28.6,1.6,882,26.7,1.5,26.9,1.7,910,29.4,1.6,30.2,1.6,921,25.1,1.5,26.6,1.5,914,27.8,1.5,27.8,1.4,917,31.0,1.6,32.3,1.5
"대구광역시",달성군,906,26.7,1.5,26.6,1.5,894,26.9,1.8,27.0,1.7,894,28.5,1.7,28.3,1.6,887,33.3,1.9,33.0,1.6,908,31.6,1.8,32.0,1.9,916,31.1,1.7,31.1,1.7,914,31.2,1.4,31.3,1.8,912,31.8,1.8,32.8,1.8
"대구광역시",동구,883,25.1,1.4,25.3,1.5,888,25.0,1.6,24.4,1.6,905,28.0,1.6,27.5,1.6,878,30.1,1.5,30.8,1.7,903,28.8,1.6,29.2,1.6,904,32.3,1.5,34.7,1.7,912,30.5,1.7,31.3,1.9,917,33.1,1.5,33.9,1.7
"대구광역시",북구,897,26.1,1.6,26.2,1.4,907,24.5,1.4,24.9,1.5,884,25.2,1.4,25.0,1.4,884,28.2,1.6,28.4,1.5,910,31.2,1.8,31.4,1.6,914,28.6,1.5,30.0,1.3,916,28.4,1.5,29.5,1.5,914,33.7,1.8,35.8,1.7
"대구광역시",서구,864,26.0,1.7,25.9,1.6,863,28.4,1.4,28.2,1.6,862,28.3,1.5,27.2,1.6,861,32.0,1.9,32.4,1.8,883,30.2,1.7,30.6,1.7,885,32.0,1.6,34.0,1.8,884,27.3,1.8,27.1,1.8,895,34.0,1.7,37.3,1.9
"대구광역시",수성구,904,21.8,1.5,22.6,1.4,904,19.8,1.5,20.2,1.3,911,23.4,1.6,23.4,1.4,905,24.2,1.4,23.9,1.3,916,22.6,0.9,25.1,1.4,922,23.5,1.1,25.0,1.2,911,23.0,1.2,23.6,1.6,913,23.6,1.5,24.9,1.5
"대구광역시",중구,889,24.3,1.5,24.1,1.6,874,26.2,1.9,26.3,1.9,905,26.4,1.5,28.0,1.7,893,24.5,1.7,23.0,1.5,906,26.9,1.7,27.6,1.6,908,28.0,1.5,30.2,1.7,911,31.2,1.6,33.0,1.7,910,23.5,1.3,24.3,1.5
"대구광역시",군위군,-,-,-,-,-,-,-,-,-,-,-,-,-,-,-,-,-,-,-,-,-,-,-,-,-,-,-,-,-,-,-,-,-,-,-,866,25.7,1.6,29.6,3.9
"인천광역시",소계,8789,26.9,0.6,26.8,0.6,8774,28.6,0.6,28.4,0.6,8888,30.0,0.7,29.8,0.6,8753,32.0,0.6,31.9,0.6,8930,33.2,0.6,33.5,0.6,8933,34.1,0.7,34.5,0.7,8965,32.3,0.6,32.6,0.6,8971,34.1,0.6,34.5,0.7
"인천광역시",강화군,807,30.9,2.3,30.4,2.5,834,33.5,2.5,36.7,2.9,865,31.0,1.7,31.6,2.7,859,35.0,1.7,34.8,2.7,882,34.9,1.9,40.2,2.8,869,34.5,1.7,37.9,3.1,894,32.9,1.5,36.0,2.8,893,37.4,1.9,38.6,3.2
"인천광역시",계양구,854,26.6,1.8,26.4,1.7,875,30.3,1.7,30.2,1.7,898,27.6,1.6,28.1,1.5,903,32.5,1.5,32.8,1.6,902,32.4,1.5,32.9,1.7,902,31.4,1.6,31.7,1.7,902,28.9,1.6,28.8,1.6,902,32.9,1.8,33.0,1.9
"인천광역시",미추홀구,886,25.7,1.4,25.7,1.4,878,31.8,1.6,31.1,1.5,889,31.7,1.7,31.6,1.6,862,30.6,1.5,31.2,1.6,903,31.0,1.7,31.3,1.6,901,34.9,1.5,36.3,1.7,902,32.6,2.0,34.1,1.8,902,38.2,1.7,39.7,2.0
"인천광역시",남동구,899,28.0,1.5,27.8,1.6,892,27.5,1.3,27.5,1.5,905,31.2,1.9,30.4,1.6,897,31.2,1.8,31.4,1.8,901,36.0,1.7,36.7,1.8,901,35.5,1.7,35.7,1.8,902,30.6,1.4,30.1,1.6,900,35.0,1.9,35.8,1.7
"인천광역시",동구,899,26.9,1.8,27.3,1.6,891,33.5,1.8,32.2,1.8,894,31.5,1.7,30.7,1.8,863,35.8,1.8,35.3,1.9,892,38.8,2.2,39.1,2.1,896,33.2,1.7,35.2,2.2,894,37.0,2.3,38.4,2.4,896,38.0,2.0,39.2,2.5
"인천광역시",부평구,901,27.3,1.4,27.2,1.4,907,26.0,1.2,25.9,1.4,896,30.6,2.0,30.7,1.7,881,29.9,1.3,29.7,1.6,901,32.9,1.4,33.6,1.5,896,35.0,1.8,35.7,1.8,903,35.1,1.6,36.5,1.6,903,34.8,1.3,35.0,1.6
"인천광역시",서구,902,24.7,1.5,24.7,1.4,892,27.5,1.9,27.5,1.5,900,29.2,1.6,29.5,1.5,901,34.7,1.6,34.7,1.7,901,33.6,2.0,33.7,1.7,903,36.4,1.9,36.9,1.8,902,31.9,1.6,31.1,1.6,902,30.9,1.5,30.5,1.5
"인천광역시",연수구,904,28.2,1.6,29.1,1.7,904,26.7,1.4,26.7,1.6,906,28.6,1.7,29.0,1.5,900,30.3,1.5,29.5,1.5,905,30.7,1.4,30.5,1.5,903,29.6,1.6,29.4,1.5,902,31.1,1.9,31.7,1.7,902,30.8,1.8,31.8,1.8
"인천광역시",옹진군,870,28.2,2.0,28.1,2.2,823,35.1,2.8,36.2,2.7,838,31.0,2.9,29.9,3.0,804,42.7,2.6,45.4,2.8,849,41.0,2.0,40.3,2.5,868,38.5,2.8,38.3,2.8,864,36.0,2.2,38.0,2.8,870,38.4,2.3,41.7,3.1
"인천광역시",중구,867,29.0,1.7,27.8,1.6,878,31.8,2.0,30.7,1.9,897,27.8,1.6,27.2,1.6,883,35.5,1.7,35.0,1.9,894,32.6,1.6,32.3,1.6,894,32.3,1.6,31.6,1.8,900,35.8,1.6,36.3,1.8,901,37.3,1.7,36.3,1.8
"광주광역시",소계,4497,23.7,0.8,23.5,0.7,4522,26.1,0.7,26.2,0.7,4531,27.2,0.8,27.3,0.7,4406,29.5,0.8,29.5,0.8,4603,29.5,0.7,29.7,0.7,4591,30.5,0.7,31.6,0.7,4553,30.3,0.8,31.0,0.7,4563,28.9,0.7,29.2,0.7
"광주광역시",광산구,921,23.3,1.4,23.0,1.4,911,27.3,1.5,26.9,1.4,914,29.8,1.8,29.4,1.5,898,29.4,1.5,29.0,1.6,921,27.5,1.4,27.5,1.4,924,32.6,1.4,33.5,1.4,913,31.6,1.6,31.4,1.5,914,31.8,1.6,31.9,1.5
"광주광역시",남구,889,24.0,1.7,23.6,1.4,889,27.1,1.6,27.1,1.5,894,26.1,1.6,26.7,1.5,863,29.6,1.5,30.6,1.6,929,27.3,1.5,27.3,1.6,919,28.1,1.5,29.8,1.7,907,30.2,1.7,30.3,1.7,913,26.8,1.8,27.8,1.6
"광주광역시",동구,864,26.2,1.5,25.3,1.5,876,27.4,1.8,27.0,1.7,900,26.4,1.6,27.0,1.8,830,29.7,1.7,29.3,1.7,906,27.4,1.5,29.3,1.8,917,26.8,1.7,26.1,1.6,910,25.6,1.6,26.2,1.8,909,24.5,1.4,24.3,1.6
"광주광역시",북구,921,24.3,1.5,24.3,1.3,911,24.2,1.3,23.8,1.4,914,24.6,1.6,25.1,1.4,907,29.6,1.6,29.7,1.5,917,31.6,1.5,31.6,1.5,909,31.1,1.5,32.2,1.4,910,29.8,1.5,31.5,1.4,915,28.2,1.5,29.2,1.4
"광주광역시",서구,902,22.2,1.7,22.1,1.4,935,26.4,1.5,27.7,1.4,909,28.7,1.6,28.5,1.5,908,29.4,1.4,29.6,1.4,930,31.2,1.7,31.4,1.6,922,29.9,1.6,31.2,1.5,913,31.3,1.6,32.1,1.6,912,29.1,1.5,28.4,1.4
"대전광역시",소계,4518,25.9,0.7,25.7,0.7,4494,24.8,0.7,24.6,0.7,4531,25.6,0.8,25.6,0.7,4541,29.9,0.8,30.0,0.8,4552,26.9,0.7,27.0,0.7,4586,28.8,0.8,29.4,0.7,4585,28.0,0.7,28.5,0.7,4587,28.3,0.8,28.4,0.7
"대전광역시",대덕구,904,29.6,1.7,29.3,1.6,903,27.1,1.6,27.0,1.6,902,27.6,1.5,27.7,1.6,902,30.8,1.7,30.5,1.6,907,30.2,1.6,30.4,1.7,916,31.3,1.7,32.0,1.8,915,30.6,1.7,30.3,1.6,914,34.0,1.7,32.9,1.9
"대전광역시",동구,895,29.4,1.6,29.4,1.6,891,29.1,1.5,29.5,1.7,899,32.1,1.9,32.6,1.8,914,33.2,1.6,33.2,1.7,900,32.1,1.7,32.8,1.7,918,31.2,1.7,32.4,1.8,920,30.8,1.6,31.6,1.8,917,29.9,1.6,31.6,1.7
"대전광역시",서구,904,23.4,1.4,23.3,1.4,892,21.6,1.5,21.8,1.4,907,22.3,1.7,22.7,1.5,912,30.4,1.6,31.2,1.5,919,20.5,1.4,20.1,1.3,934,25.9,1.6,26.7,1.5,922,23.3,1.2,23.7,1.4,925,23.7,1.4,23.2,1.4
"대전광역시",유성구,908,23.9,1.5,24.3,1.4,905,24.8,1.5,24.4,1.4,909,24.9,1.6,24.7,1.4,903,27.5,1.6,27.3,1.5,915,28.5,1.5,28.7,1.5,913,28.5,1.6,28.6,1.5,916,30.2,1.5,30.6,1.5,914,29.4,1.7,29.8,1.6
"대전광역시",중구,907,26.5,1.5,26.3,1.7,903,25.0,1.7,24.8,1.6,914,25.0,1.6,24.7,1.7,910,28.3,1.6,28.2,1.6,911,30.0,1.8,30.2,1.8,905,31.1,1.8,31.8,1.8,912,29.8,1.7,31.0,1.8,917,30.2,1.8,30.9,1.8
"울산광역시",소계,4503,25.7,0.7,25.1,0.7,4460,26.3,0.8,26.0,0.7,4527,26.9,0.7,26.7,0.7,4508,28.8,0.7,28.5,0.7,4545,30.0,0.8,30.4,0.8,4536,30.3,0.8,31.0,0.8,4543,32.6,0.8,33.4,0.8,4544,32.2,0.8,33.2,0.8
"울산광역시",남구,907,27.4,1.7,27.0,1.5,906,24.2,1.5,24.5,1.4,909,25.9,1.5,25.5,1.5,895,26.1,1.4,26.6,1.4,914,31.7,1.6,32.2,1.7,915,30.2,1.5,30.8,1.7,913,31.4,1.6,32.2,1.9,914,29.8,1.8,30.5,1.7
"울산광역시",동구,889,25.8,1.7,25.2,1.5,892,27.5,1.7,26.2,1.5,899,27.1,1.4,26.7,1.5,896,29.7,1.7,28.8,1.6,910,31.0,1.8,30.6,1.9,910,32.8,1.7,33.7,1.7,911,34.3,1.8,33.6,1.7,910,35.4,2.1,37.0,1.8
"울산광역시",북구,908,26.3,1.5,25.7,1.5,910,30.7,1.8,30.5,1.6,909,29.9,1.6,29.2,1.6,907,31.8,1.4,32.0,1.5,907,33.0,1.7,32.9,1.7,912,32.8,1.8,32.9,1.5,910,31.9,1.8,32.5,1.6,910,31.3,1.5,32.1,1.7
"울산광역시",울주군,894,25.8,1.5,25.1,1.5,872,26.8,1.8,26.5,1.8,900,25.7,1.7,26.4,1.6,907,29.5,1.7,28.4,1.7,904,29.0,1.6,29.9,1.7,902,27.7,1.9,29.1,1.9,899,36.6,1.7,37.9,1.9,905,34.5,1.7,35.9,2.0
"울산광역시",중구,905,22.5,1.6,22.0,1.5,880,24.5,1.6,23.8,1.5,910,26.8,1.4,26.9,1.6,903,28.8,1.3,28.4,1.5,910,25.2,1.5,24.6,1.6,897,28.8,1.5,29.5,1.8,910,29.6,1.5,31.6,1.8,905,31.8,1.8,33.8,2.0
"세종특별자치시",소계,902,26.0,1.6,26.2,1.5,914,30.2,1.8,30.1,1.7,908,28.4,1.6,27.7,1.6,907,28.4,1.5,27.8,1.7,906,28.7,1.6,28.0,1.6,919,27.9,1.5,27.5,1.5,917,28.1,1.4,27.7,1.5,920,29.6,1.7,29.3,1.5
"세종특별자치시",세종시,902,26.0,1.6,26.2,1.5,914,30.2,1.8,30.1,1.7,908,28.4,1.6,27.7,1.6,907,28.4,1.5,27.8,1.7,906,28.7,1.6,28.0,1.6,919,27.9,1.5,27.5,1.5,917,28.1,1.4,27.7,1.5,920,29.6,1.7,29.3,1.5
"경기도",소계,40347,26.5,0.3,26.0,0.2,40360,28.0,0.3,27.5,0.2,40494,28.5,0.3,28.2,0.3,39874,31.2,0.3,30.7,0.3,41685,31.6,0.3,31.6,0.3,41619,31.7,0.3,31.6,0.3,43473,31.7,0.3,31.9,0.3,43416,32.9,0.3,33.0,0.3
"경기도",가평군,820,30.2,1.8,27.1,1.7,830,31.2,1.9,29.8,1.9,847,30.8,1.5,29.3,1.8,819,33.5,1.6,31.9,2.2,853,31.8,1.7,32.5,1.9,877,28.4,1.7,27.6,1.9,878,32.3,1.5,32.6,2.0,861,35.2,1.6,35.0,2.1
"경기도",고양시,2704,24.8,1.0,24.7,0.9,2727,26.9,1.0,27.0,0.9,2723,27.3,1.0,27.0,0.9,2670,28.6,0.9,29.0,0.9,2758,28.9,1.0,29.9,0.9,2739,29.4,0.9,29.9,0.9,2747,31.2,1.0,32.1,1.0,2737,31.5,0.9,32.0,1.0
"경기도",과천시,897,22.4,1.4,21.4,1.5,901,22.9,1.6,23.0,1.6,899,19.4,1.6,19.7,1.4,900,24.7,1.7,25.0,1.6,899,22.6,1.6,22.9,1.5,901,26.8,1.8,27.2,1.6,901,20.5,1.4,20.6,1.4,900,21.7,1.7,22.9,1.5
"경기도",구리시,896,23.7,1.6,23.8,1.6,897,26.1,1.6,25.8,1.5,913,25.5,1.6,25.5,1.5,896,32.2,1.6,31.2,1.7,910,27.9,1.6,29.2,1.6,908,34.2,1.7,34.2,1.6,905,28.4,1.6,27.9,1.7,911,29.5,1.7,31.2,1.8
"경기도",김포시,907,26.6,1.7,25.3,1.5,902,28.6,1.7,28.4,1.7,915,30.5,1.6,30.3,1.6,910,29.6,1.5,29.1,1.6,906,34.6,1.6,34.9,1.6,910,32.6,1.7,32.8,1.5,910,31.4,1.7,31.3,1.6,912,37.5,1.8,38.2,1.9
"경기도",남양주시,875,25.9,1.6,25.6,1.4,870,28.8,1.7,27.6,1.6,911,27.2,1.5,26.7,1.6,901,30.0,1.5,29.7,1.7,1805,33.4,1.3,33.5,1.2,1804,33.1,1.1,33.9,1.2,1810,33.9,1.3,35.0,1.3,1815,33.6,1.4,34.7,1.3
"경기도",동두천시,902,33.0,1.6,32.1,1.7,894,32.6,1.7,32.7,1.8,900,32.3,1.9,32.0,1.6,896,34.8,1.8,34.3,1.8,917,36.3,1.8,35.5,1.8,891,31.8,1.8,33.6,1.9,878,36.8,1.7,37.4,1.9,892,37.1,1.9,37.7,2.2
"경기도",부천시,2706,25.8,0.9,25.7,0.9,2711,29.8,1.0,29.1,0.9,2691,26.9,1.0,26.8,1.0,2680,31.7,0.9,30.9,1.0,2750,31.7,1.0,32.1,1.0,2732,32.9,0.9,32.9,1.0,2736,33.8,1.1,34.5,1.1,2739,33.0,1.1,34.0,1.1
"경기도",양주시,906,27.2,1.5,25.8,1.6,905,29.0,1.8,28.3,1.7,899,35.0,1.8,35.4,2.0,894,34.5,1.7,34.4,1.7,901,33.3,1.6,31.8,1.6,911,35.2,1.7,35.7,1.7,905,32.7,1.6,32.9,1.8,909,33.9,1.6,34.9,1.7
"경기도",양평군,832,27.4,1.8,25.6,1.9,862,28.0,1.7,27.6,1.8,855,27.3,2.0,25.7,1.8,822,31.3,2.0,30.4,2.4,907,31.8,1.8,33.7,2.0,891,32.5,2.0,32.7,2.3,904,31.4,1.6,32.1,2.3,906,29.9,1.9,31.7,2.0
"경기도",여주시,906,29.5,1.7,28.6,1.7,890,30.5,1.5,30.1,1.7,897,30.7,1.5,29.9,1.8,889,33.6,1.5,33.1,1.7,907,34.7,1.8,35.5,2.0,909,34.3,1.6,34.1,1.9,907,34.1,1.8,35.4,2.2,909,36.5,1.8,36.7,2.3
"경기도",연천군,917,30.8,1.9,32.2,1.8,874,28.3,1.7,28.7,1.7,896,30.3,1.6,29.2,2.1,846,33.7,2.1,33.2,2.4,895,33.1,2.0,33.1,2.3,887,34.1,2.0,34.2,2.4,892,35.9,1.8,36.8,2.5,895,36.2,1.8,36.8,2.3
"경기도",의정부시,906,28.3,1.9,26.4,1.6,909,28.7,1.7,27.8,1.5,875,31.5,1.7,31.7,1.6,903,33.7,1.6,33.6,1.5,907,34.8,1.7,35.2,1.9,911,30.1,1.6,30.4,1.6,908,32.2,1.7,32.3,1.7,909,32.4,2.0,32.6,1.7
"경기도",이천시,894,25.2,1.9,24.8,1.6,876,27.1,1.8,26.5,1.6,894,31.9,1.7,31.4,1.8,890,32.7,1.7,31.8,1.5,911,35.0,1.8,34.7,1.6,912,31.1,1.8,30.2,1.5,909,31.2,1.6,30.1,1.6,912,32.1,1.5,32.2,1.8
"경기도",파주시,901,27.2,1.8,26.5,1.6,897,28.9,1.7,27.8,1.5,897,32.7,1.4,32.1,1.7,865,34.0,1.8,33.6,1.9,891,30.7,1.9,30.6,1.7,909,31.2,1.5,30.9,1.6,905,31.0,1.7,31.0,1.7,900,31.0,1.5,31.3,1.6
"경기도",포천시,909,28.2,1.5,27.9,1.7,875,30.2,1.8,29.7,1.8,890,33.1,2.1,31.9,1.8,835,36.0,2.0,33.3,1.9,890,37.5,1.9,39.2,2.1,881,36.8,1.9,37.0,1.9,908,35.8,1.9,38.5,1.9,908,36.1,1.6,36.4,2.0
"경기도",하남시,910,29.5,1.5,27.8,1.5,906,27.2,1.8,26.8,1.6,907,29.7,2.2,29.3,1.5,905,31.6,1.7,31.0,1.6,905,31.9,1.9,30.9,1.7,898,28.6,1.4,28.0,1.6,907,28.8,1.5,28.2,1.5,906,28.3,1.6,27.6,1.7
"경기도",광명시,908,25.2,1.7,25.6,1.5,917,27.0,1.6,26.0,1.4,908,25.8,1.4,26.1,1.4,896,28.8,1.7,28.7,1.5,908,30.6,1.4,29.3,1.5,902,31.3,1.6,30.8,1.6,902,29.9,1.7,29.8,1.7,896,30.3,1.8,30.7,1.7
"경기도",광주시,880,27.9,1.6,26.9,1.6,911,32.0,1.8,31.8,1.7,909,27.4,1.9,26.6,1.5,911,29.1,1.9,27.9,1.6,915,28.2,1.6,27.3,1.6,909,32.6,1.7,31.9,1.7,908,33.6,1.9,33.2,1.6,909,41.6,2.0,40.0,1.8
"경기도",군포시,895,24.1,1.8,24.1,1.6,906,26.0,1.6,26.1,1.4,910,28.2,1.6,28.2,1.5,895,28.5,1.6,28.8,1.6,889,28.5,1.8,28.1,1.7,908,28.9,1.5,29.0,1.6,906,31.6,1.9,32.3,1.7,906,34.9,1.5,35.4,1.7
"경기도",성남시,2711,22.4,0.8,22.2,0.8,2729,24.9,0.9,24.7,0.8,2680,25.2,0.8,24.7,0.9,2654,27.6,0.9,26.7,0.9,2712,27.4,1.0,27.3,0.9,2700,26.9,0.9,27.1,0.9,2705,27.4,1.0,27.7,1.1,2692,27.4,1.0,27.3,0.9
"경기도",수원시,3624,25.9,0.8,25.7,0.8,3627,27.7,0.8,27.3,0.8,3630,28.5,0.8,28.6,0.8,3572,30.6,0.9,30.8,0.8,3645,31.5,0.8,31.6,0.8,3648,32.5,0.8,32.7,0.8,3629,31.0,0.8,31.1,0.8,3625,32.5,0.8,32.6,0.8
"경기도",시흥시,913,29.3,1.5,28.4,1.5,910,28.8,1.6,28.6,1.5,909,29.3,1.5,28.9,1.5,906,33.2,1.7,32.5,1.6,909,33.4,1.8,33.1,1.5,910,35.0,1.9,33.9,1.6,909,34.4,1.6,34.2,1.7,910,33.8,1.4,33.5,1.6
"경기도",안산시,1800,27.8,1.1,27.5,1.1,1815,30.5,1.2,30.3,1.1,1834,30.8,1.2,30.6,1.1,1792,34.4,1.3,33.6,1.2,1826,34.1,1.3,34.6,1.2,1836,34.2,1.2,34.4,1.2,1816,34.4,1.1,35.4,1.3,1813,35.5,1.3,35.8,1.2
"경기도",안성시,878,32.1,1.7,31.5,1.8,851,30.1,1.5,28.6,1.5,869,31.5,1.6,31.1,1.7,836,33.1,1.8,31.2,1.7,895,34.0,1.7,34.4,1.8,889,36.0,2.1,36.1,2.1,893,37.0,1.9,36.8,1.8,890,33.7,1.7,34.8,1.8
"경기도",안양시,1793,25.0,1.0,24.7,1.0,1778,27.8,1.0,27.8,1.0,1782,27.1,1.1,27.0,1.1,1803,33.0,1.3,32.8,1.2,1811,32.2,1.1,32.5,1.1,1803,32.0,1.2,32.5,1.2,1817,30.4,1.1,31.1,1.1,1804,30.4,1.2,31.0,1.2
"경기도",오산시,907,26.3,1.5,25.7,1.5,873,28.5,1.8,27.4,1.6,909,31.2,1.6,30.5,1.5,878,33.4,1.8,32.6,1.6,906,32.8,1.8,32.1,1.6,908,32.6,1.6,31.8,1.6,909,34.5,1.8,34.3,1.7,906,35.3,1.8,34.5,1.6
"경기도",용인시,2683,26.3,0.8,25.8,0.9,2685,24.9,0.9,24.6,0.8,2689,24.8,0.9,24.8,0.9,2651,29.7,1.0,29.4,0.9,2695,29.2,0.9,29.3,0.9,2699,27.8,0.9,27.5,0.9,2722,29.7,0.9,29.3,0.9,2711,31.4,1.0,31.4,0.9
"경기도",의왕시,892,26.6,1.6,26.4,1.5,914,29.2,1.4,28.9,1.5,922,26.0,1.6,26.0,1.5,902,33.2,1.7,33.2,1.6,917,30.7,1.8,30.9,1.6,913,29.5,1.6,30.5,1.6,908,31.4,1.5,32.4,1.6,909,30.1,1.4,30.7,1.7
"경기도",평택시,1795,31.7,1.1,31.2,1.2,1799,29.9,1.2,29.4,1.2,1822,31.3,1.2,30.3,1.2,1754,34.8,1.3,34.3,1.3,1829,33.2,1.3,32.8,1.3,1809,38.3,1.3,37.8,1.2,1815,34.9,1.4,34.5,1.2,1809,36.7,1.2,36.3,1.3
"경기도",화성시,880,29.3,2.1,28.5,1.7,919,28.9,1.6,27.9,1.5,912,31.9,1.5,30.8,1.6,903,31.0,1.8,29.9,1.5,916,34.0,1.7,33.5,1.5,914,32.1,1.6,31.6,1.6,2724,31.2,1.0,30.4,1.0,2715,35.3,1.0,34.3,1.0
"강원특별자치도",소계,15174,30.2,0.6,29.7,0.6,14992,31.6,0.6,30.9,0.6,15170,31.4,0.6,31.8,0.6,14690,34.9,0.6,34.3,0.7,15572,32.5,0.6,32.6,0.6,15533,34.2,0.6,34.3,0.6,15619,33.9,0.6,35.0,0.7,15697,34.5,0.6,35.0,0.7
"강원특별자치도",강릉시,804,29.2,1.6,29.2,1.8,840,32.5,1.4,31.6,1.8,865,30.9,1.7,31.4,1.8,875,33.7,1.9,32.4,1.9,880,34.9,1.6,36.7,1.7,879,32.2,1.7,32.3,1.8,890,34.7,1.7,35.7,1.9,890,32.6,1.6,32.8,1.9
"강원특별자치도",고성군,809,27.3,1.8,27.3,2.1,805,31.0,1.8,31.8,2.1,744,32.0,2.4,31.1,2.3,725,34.0,2.1,33.5,2.3,833,27.9,1.4,26.6,2.2,811,31.3,1.6,29.3,2.3,864,31.6,1.9,30.5,2.2,861,31.8,2.1,31.8,2.3
"강원특별자치도",동해시,829,31.5,1.6,30.9,1.8,811,30.4,1.6,28.9,1.8,864,31.6,1.7,31.6,1.9,790,37.1,1.8,36.8,2.1,884,32.5,1.6,33.0,2.2,885,35.9,1.8,36.9,2.0,882,35.7,1.6,36.0,1.9,886,34.3,1.9,33.8,2.1
"강원특별자치도",삼척시,811,33.0,2.0,32.2,1.9,801,33.1,1.9,32.6,2.0,805,31.0,1.5,31.7,2.1,793,35.0,1.9,35.2,2.3,873,34.7,1.9,36.0,2.0,875,31.4,1.5,29.8,2.1,882,36.8,1.8,39.5,2.2,884,35.3,1.9,33.8,2.2
"강원특별자치도",속초시,846,30.0,1.5,29.6,1.9,840,32.3,1.6,31.2,1.9,864,31.2,1.6,31.2,1.7,861,32.8,1.9,32.0,1.9,885,29.7,1.6,29.2,1.8,889,33.9,1.5,35.1,1.9,883,28.9,1.8,29.3,1.8,877,37.2,1.7,38.9,1.8
"강원특별자치도",양구군,786,32.8,2.2,32.1,2.0,763,35.7,2.4,34.4,2.0,790,38.6,2.4,37.8,2.0,754,35.6,2.1,34.2,2.2,855,34.4,1.6,33.5,1.9,850,39.3,2.1,40.9,2.0,856,37.3,2.2,39.3,2.3,865,38.6,2.2,37.8,2.8
"강원특별자치도",양양군,773,33.3,1.6,33.1,2.5,732,31.6,1.9,29.1,2.0,743,32.0,1.6,29.8,2.2,684,38.5,2.2,36.6,2.5,844,34.7,1.5,33.4,2.2,855,33.9,1.6,36.1,2.3,858,34.3,1.9,38.0,2.4,860,35.6,2.0,37.5,2.6
"강원특별자치도",영월군,880,30.3,1.8,31.7,2.4,878,32.5,1.8,33.8,2.6,876,32.9,1.6,35.1,2.5,803,37.4,2.1,38.4,2.4,871,31.2,1.4,30.0,2.5,840,38.0,2.0,41.2,2.6,847,33.8,2.1,34.9,3.0,870,37.8,1.8,42.8,3.1
"강원특별자치도",원주시,895,30.9,1.7,30.3,1.4,891,29.9,1.5,29.4,1.5,892,30.3,1.4,30.7,1.5,882,37.3,1.7,37.0,1.7,891,28.7,1.8,28.5,1.5,890,33.8,1.5,34.1,1.6,892,33.7,1.6,35.7,1.6,891,34.1,1.7,34.5,1.9
"강원특별자치도",인제군,779,36.9,2.6,35.7,2.5,784,33.1,2.1,33.0,2.3,820,36.8,2.2,35.7,2.2,780,37.6,2.2,36.0,2.2,818,36.3,2.0,35.6,2.0,857,40.0,2.0,40.2,2.0,825,40.4,1.8,39.8,2.2,835,42.7,1.8,44.5,2.5
"강원특별자치도",정선군,870,30.1,1.5,28.9,2.5,870,34.1,2.0,32.4,2.2,876,33.5,2.0,33.0,2.6,820,40.3,2.1,41.0,2.7,875,34.7,1.8,34.9,2.5,823,38.8,2.0,41.0,2.7,868,37.9,1.8,42.2,2.7,877,35.1,1.9,33.7,3.1
"강원특별자치도",철원군,878,23.2,1.6,22.5,1.6,875,33.2,1.7,32.6,1.9,869,28.6,2.0,29.1,1.9,842,40.7,1.8,41.0,2.1,838,38.5,1.9,40.9,2.2,831,39.3,1.9,40.0,2.1,836,39.6,1.8,39.7,2.0,873,40.1,1.9,41.1,2.7
"강원특별자치도",춘천시,858,29.8,1.7,29.4,1.6,890,31.4,1.9,30.4,1.6,837,29.7,1.8,30.5,1.9,847,29.1,1.8,28.7,1.8,884,31.7,1.7,31.2,1.6,889,31.9,1.6,31.4,1.7,892,30.2,1.4,30.1,1.7,892,32.0,1.4,33.2,1.7
"강원특별자치도",태백시,881,28.9,1.9,27.4,1.9,878,28.9,1.5,29.5,2.0,875,29.3,1.6,28.3,1.8,877,34.3,1.7,35.4,2.2,867,37.1,1.9,38.4,2.1,875,30.8,1.7,31.3,2.1,877,35.4,1.8,37.4,2.1,877,36.2,1.7,36.5,2.4
"강원특별자치도",평창군,872,27.0,1.7,27.1,1.8,779,33.2,1.8,32.0,2.2,856,32.3,2.0,34.2,2.4,859,35.0,1.9,33.6,2.5,866,35.0,1.8,36.2,2.4,879,36.3,1.6,35.6,2.1,864,36.1,1.8,41.9,2.5,879,37.2,1.8,34.5,2.5
"강원특별자치도",홍천군,887,30.3,2.0,29.8,2.0,882,30.7,1.5,30.9,2.1,882,37.7,1.9,39.0,2.6,874,37.3,1.9,37.4,2.2,884,36.1,2.0,37.4,2.1,881,39.3,1.8,41.4,2.3,882,34.4,1.7,34.9,2.4,883,36.3,1.9,37.9,2.4
"강원특별자치도",화천군,835,35.1,1.9,32.7,1.8,818,34.8,2.3,33.8,2.1,835,37.6,2.7,37.3,2.4,748,39.7,3.0,41.0,2.8,845,36.8,2.3,37.6,2.5,848,37.6,1.9,37.6,2.0,844,42.5,2.1,44.1,2.4,825,36.5,2.0,35.9,2.4
"강원특별자치도",횡성군,881,28.7,1.8,27.5,2.0,855,33.5,1.5,35.2,2.1,877,31.8,1.7,30.3,2.1,876,35.4,1.8,35.3,2.4,879,33.5,1.9,34.8,2.5,876,35.0,2.0,37.1,2.6,877,33.6,1.6,39.0,2.5,872,35.2,1.8,37.0,2.8
"충청북도",소계,10876,26.9,0.6,26.5,0.6,11721,28.8,0.6,28.7,0.6,11592,29.2,0.6,29.0,0.6,11291,32.2,0.6,32.1,0.6,12042,32.1,0.6,32.4,0.6,12202,31.0,0.6,31.0,0.6,12258,32.2,0.5,32.9,0.6,12098,33.7,0.6,34.5,0.6
"충청북도",괴산군,717,28.5,1.9,30.2,3.0,772,32.1,2.2,35.0,3.0,820,28.1,2.0,30.3,2.7,769,33.7,2.0,33.5,3.0,854,32.0,1.7,33.7,2.7,862,29.0,1.6,30.7,2.6,875,35.9,1.9,42.8,3.3,870,33.7,2.2,38.0,3.3
"충청북도",단양군,773,31.4,1.9,32.2,2.6,770,33.3,2.1,32.3,2.5,774,32.6,1.8,33.7,2.4,758,34.3,2.1,31.8,2.4,827,35.4,2.0,37.4,2.9,841,33.9,2.1,33.6,2.5,830,37.8,1.9,45.6,2.9,821,36.3,2.1,39.8,4.1
"충청북도",보은군,720,26.3,2.1,26.8,3.0,743,26.9,1.7,26.2,2.6,730,31.5,2.1,33.8,3.0,619,33.7,2.5,34.2,3.3,764,35.7,1.9,39.9,2.8,780,33.9,2.2,37.1,2.7,810,34.8,2.3,37.4,3.1,750,38.9,1.6,44.1,2.6
"충청북도",영동군,783,23.7,1.6,23.9,2.1,836,27.6,1.6,30.4,2.3,782,24.8,1.8,27.8,2.4,787,26.6,1.7,29.3,2.3,867,29.7,2.0,31.4,2.4,871,31.0,1.8,36.7,2.9,878,27.6,1.5,32.4,2.5,887,32.0,1.7,37.4,2.8
"충청북도",옥천군,657,24.1,1.8,23.0,2.0,768,24.5,1.6,23.6,2.0,762,29.9,2.1,30.7,2.5,794,29.7,2.0,28.1,2.1,852,31.4,1.8,34.2,2.4,891,32.7,1.8,36.1,2.5,890,32.4,1.9,35.1,2.6,886,31.8,1.5,33.7,2.2
"충청북도",음성군,809,32.5,1.9,33.2,2.2,855,30.6,1.8,31.0,1.9,821,29.1,1.7,27.9,1.7,809,37.6,2.0,37.7,2.3,869,37.2,1.5,38.2,1.9,870,37.7,1.7,39.9,2.1,875,33.3,1.7,34.3,2.0,860,38.8,1.9,43.2,2.2
"충청북도",제천시,797,28.2,1.8,27.5,1.9,875,27.0,1.8,27.8,1.8,829,32.8,1.7,31.5,1.9,816,33.6,1.6,31.3,1.8,874,29.0,1.8,28.8,1.8,851,33.0,1.8,33.2,2.1,865,33.6,2.1,36.5,2.4,839,35.0,2.0,32.8,1.9
"충청북도",증평군,744,28.6,1.9,28.7,1.7,824,32.2,1.9,32.3,2.0,779,31.3,1.6,30.6,1.9,799,34.9,2.2,33.9,1.8,813,36.6,1.6,35.5,1.7,873,33.4,1.6,32.4,1.8,875,34.5,1.9,35.5,1.8,843,37.4,2.0,37.7,1.7
"충청북도",진천군,795,29.6,1.9,29.1,2.0,842,33.1,1.8,31.8,2.1,860,31.7,1.9,31.3,1.9,807,34.4,1.6,34.5,1.9,863,34.5,1.8,34.4,1.8,877,30.6,1.7,30.1,2.0,885,37.0,2.0,37.3,1.9,879,36.7,1.7,37.0,2.0
"충청북도",청주시,3251,25.3,0.9,25.1,0.8,3560,27.6,0.9,27.5,0.8,3562,28.4,0.9,28.5,0.8,3500,30.5,0.9,30.5,0.8,3581,31.2,0.9,31.3,0.8,3601,29.0,0.9,28.9,0.8,3606,31.1,0.8,31.4,0.9,3601,32.6,0.8,33.3,0.8
"충청북도",충주시,830,29.4,1.6,28.7,1.8,876,32.1,2.2,32.7,1.9,873,29.2,1.7,28.2,1.8,833,35.3,1.7,36.9,1.9,878,33.6,1.8,35.1,1.8,885,33.7,2.0,33.3,2.0,869,32.5,1.4,32.6,1.9,862,33.1,2.1,33.4,2.0
"충청남도",소계,12891,27.0,0.6,26.4,0.5,12899,28.8,0.7,28.4,0.6,12633,29.0,0.6,28.9,0.6,11805,32.5,0.6,32.1,0.7,13335,31.4,0.6,31.6,0.7,13380,31.8,0.6,32.5,0.7,14275,31.9,0.5,32.9,0.6,14281,33.2,0.6,34.4,0.7
"충청남도",계룡시,876,27.1,1.7,26.7,1.7,881,28.4,2.1,28.2,1.8,880,27.5,1.3,27.2,1.6,863,31.4,1.8,30.8,2.0,865,31.1,1.8,31.2,1.7,881,29.1,2.0,30.1,1.9,888,32.2,1.9,31.4,1.8,881,32.8,1.6,34.1,1.9
"충청남도",공주시,907,28.4,1.4,28.2,1.7,917,25.2,1.5,24.1,1.7,879,29.7,2.0,29.6,2.2,824,32.6,2.2,33.4,2.3,896,28.7,1.7,30.0,2.1,900,30.5,2.1,33.0,2.3,876,30.7,1.7,31.5,2.3,881,35.0,1.8,39.3,2.6
"충청남도",금산군,880,22.3,1.6,20.4,1.8,809,30.1,1.8,30.9,2.2,863,28.2,1.8,29.1,2.2,758,29.9,2.1,30.9,2.3,883,26.8,1.9,30.4,2.4,894,30.1,1.8,31.6,2.4,891,29.9,1.7,31.9,2.6,891,30.9,1.9,33.9,2.7
"충청남도",논산시,859,27.6,1.7,28.8,2.1,899,27.7,1.7,29.4,2.0,838,31.2,1.6,31.3,2.0,699,39.3,2.2,38.7,2.7,890,27.1,1.6,26.0,2.1,908,32.2,2.0,33.9,2.3,898,29.5,1.8,29.5,2.1,898,28.9,1.4,27.8,2.0
"충청남도",당진시,856,27.4,1.9,26.4,1.6,838,30.2,1.8,29.2,1.8,785,28.6,1.9,27.5,1.7,788,34.6,1.7,33.2,1.7,899,37.6,1.5,37.0,2.1,900,33.6,2.1,32.9,1.9,900,36.3,1.9,36.5,1.9,900,37.7,2.1,39.1,2.3
"충청남도",보령시,859,30.1,1.5,29.5,2.0,842,30.7,1.9,31.6,2.4,830,27.5,1.5,26.0,2.0,769,36.7,2.1,38.3,2.5,886,32.0,2.0,32.2,2.4,890,33.5,1.9,35.0,2.1,870,30.6,1.9,34.0,2.5,873,33.2,1.9,35.5,2.7
"충청남도",부여군,784,29.6,1.5,29.7,2.4,845,28.0,1.6,28.7,2.2,869,31.0,2.2,37.3,3.4,758,33.1,2.1,32.4,2.9,884,28.1,2.2,29.2,2.4,864,29.6,1.8,32.7,2.4,894,27.3,1.6,31.7,2.9,894,30.6,1.6,33.6,3.1
"충청남도",서산시,897,22.2,1.6,21.9,1.6,899,27.2,1.8,27.5,1.7,813,29.0,1.7,29.8,1.9,844,33.1,1.8,32.7,2.3,900,33.5,1.8,33.2,1.9,900,32.3,2.0,33.1,2.0,900,31.0,1.7,31.0,1.8,899,30.8,2.0,33.1,2.2
"충청남도",서천군,791,31.8,2.4,32.3,2.5,820,30.8,1.5,32.2,2.6,826,31.2,1.7,32.9,2.7,748,34.7,1.8,35.6,2.7,886,33.8,1.6,43.5,3.3,892,30.8,2.0,34.3,2.7,891,29.8,1.9,34.6,3.2,892,34.2,2.2,38.3,2.8
"충청남도",아산시,904,26.5,1.5,25.2,1.4,897,26.1,1.5,25.4,1.4,873,30.1,1.6,29.5,1.6,892,30.2,1.7,29.8,1.7,901,30.9,1.8,30.6,1.7,901,34.5,1.8,34.7,1.8,902,32.9,1.6,33.8,1.8,902,34.0,2.0,34.6,2.0
"충청남도",예산군,857,28.2,1.5,27.7,2.0,884,33.0,2.3,34.5,2.4,812,33.7,1.7,35.8,2.1,749,34.4,1.6,34.4,2.0,895,32.9,1.9,34.2,2.2,891,33.2,2.1,35.9,2.6,895,30.9,1.7,31.8,2.5,896,34.1,1.8,37.4,2.5
"충청남도",천안시,913,26.7,1.5,26.3,1.3,901,29.9,2.0,29.6,1.5,902,27.3,1.5,27.3,1.5,861,31.2,1.6,30.9,1.6,904,31.3,1.4,31.0,1.6,904,30.1,1.3,30.2,1.4,1807,32.3,1.2,32.6,1.2,1805,33.2,1.3,33.3,1.3
"충청남도",청양군,758,30.6,2.2,32.9,2.8,773,27.7,2.0,26.7,2.4,812,30.3,1.9,32.3,2.3,733,34.0,1.9,35.1,2.9,856,30.7,1.5,33.0,2.8,865,28.4,1.8,32.0,2.6,880,31.9,1.9,36.7,3.0,880,34.5,1.9,39.2,2.9
"충청남도",태안군,849,30.4,1.7,30.6,2.5,812,29.5,2.1,30.5,2.7,817,31.7,2.1,33.1,2.7,723,35.1,2.2,32.5,2.4,893,30.2,2.1,31.5,2.5,893,32.2,2.4,34.6,3.0,893,29.3,1.8,32.6,2.8,892,30.1,1.7,33.5,2.7
"충청남도",홍성군,901,24.9,1.6,24.3,1.6,882,28.4,1.7,29.6,1.8,834,28.2,1.4,28.0,1.9,796,29.1,2.2,27.2,2.1,897,30.7,1.8,33.8,2.1,897,33.1,2.0,36.4,2.6,890,32.5,1.9,36.0,2.1,897,34.4,1.6,38.5,2.3
"전라북도",소계,10990,26.3,0.7,25.7,0.7,11156,28.4,0.7,28.1,0.7,11296,28.2,0.6,27.9,0.7,10457,32.5,0.9,32.2,0.8,11547,29.3,0.6,29.2,0.8,11779,31.2,0.7,32.1,0.8,11871,32.7,0.7,33.4,0.8,12034,33.0,0.7,34.1,0.8
"전라북도",고창군,614,32.4,2.6,31.9,2.7,796,28.5,2.0,30.1,2.5,802,27.0,1.9,28.8,2.6,673,33.9,2.2,35.7,3.2,855,31.2,2.0,32.8,2.6,885,30.2,1.9,34.0,2.6,887,32.1,1.9,35.2,2.6,888,31.8,1.8,32.5,3.4
"전라북도",군산시,893,27.3,1.6,26.5,1.5,874,29.8,1.3,28.8,1.4,899,31.2,1.8,31.0,1.8,887,33.4,1.7,31.7,1.7,899,29.1,1.7,27.7,1.7,900,34.6,1.6,33.8,1.7,901,35.5,1.8,35.8,1.9,900,31.2,2.2,30.8,2.2
"전라북도",김제시,778,23.9,1.8,24.1,2.1,777,31.9,1.9,33.6,2.5,736,28.1,2.1,26.5,2.3,752,35.3,1.9,32.7,2.4,893,28.7,1.8,28.3,2.2,888,32.3,1.8,36.2,2.6,877,30.4,1.8,31.9,2.3,878,34.9,2.1,34.7,3.2
"전라북도",남원시,799,24.5,1.8,24.4,2.2,735,24.7,1.9,24.0,2.0,804,29.0,2.0,28.6,2.2,754,30.7,2.0,32.8,2.5,791,28.8,1.9,29.4,2.5,811,31.2,2.0,32.0,2.6,832,30.5,1.9,33.8,2.9,881,29.8,1.7,30.6,2.7
"전라북도",무주군,702,25.6,1.6,24.7,2.3,735,26.7,1.9,26.3,2.5,784,27.9,2.0,30.8,2.9,663,33.0,2.1,34.7,3.0,741,30.5,1.7,29.4,2.4,763,30.9,2.3,34.2,3.1,717,33.0,2.1,34.2,2.9,738,32.1,1.7,37.5,3.1
"전라북도",부안군,738,25.4,1.8,25.4,2.2,756,31.8,1.9,31.0,2.4,741,31.9,2.2,32.5,2.4,790,35.8,1.9,37.5,2.3,769,35.7,1.9,36.0,2.3,856,33.9,1.7,37.1,2.6,888,38.3,1.9,43.7,2.6,869,33.7,1.9,37.0,2.4
"전라북도",순창군,766,23.9,1.6,24.4,2.2,804,25.6,1.9,25.6,2.8,792,23.9,1.9,26.6,2.8,663,32.8,2.9,39.0,4.2,735,31.3,2.1,34.3,2.8,719,28.1,2.0,30.1,3.5,795,31.4,2.2,38.2,3.5,795,32.2,2.3,39.7,3.5
"전라북도",완주군,816,27.4,1.4,27.1,1.9,834,28.2,1.8,28.0,1.8,791,28.1,1.8,28.0,2.0,756,34.6,1.9,34.5,1.9,833,29.1,2.0,28.1,2.0,865,33.6,1.7,34.9,2.2,826,34.7,2.2,35.1,2.3,860,33.7,1.9,35.1,2.3
"전라북도",익산시,836,25.9,1.4,24.8,1.6,861,28.4,1.3,28.9,1.5,870,31.2,1.6,30.6,1.6,898,30.2,1.6,29.4,1.6,891,29.5,1.6,30.2,1.8,900,31.0,1.7,30.6,1.9,900,33.2,2.0,33.5,1.8,900,33.2,1.6,35.7,2.1
"전라북도",임실군,815,21.2,1.9,21.9,2.0,816,23.2,1.8,26.5,2.8,805,24.7,2.5,27.3,3.0,578,24.8,2.0,21.8,2.3,781,25.3,2.1,28.2,2.7,855,33.1,1.6,35.9,2.5,877,27.2,1.7,31.9,3.4,876,31.0,1.8,37.8,3.1
"전라북도",장수군,801,25.6,1.8,25.9,2.0,752,22.7,2.2,22.2,2.5,770,30.1,1.8,30.7,2.3,604,34.4,2.3,34.3,2.9,801,28.4,1.9,32.1,2.6,741,30.1,2.4,32.0,2.5,775,27.3,1.9,30.3,2.8,789,30.5,1.7,32.6,3.2
"전라북도",전주시,886,25.9,1.6,25.6,1.4,887,28.3,1.6,27.9,1.5,889,25.7,1.1,25.5,1.3,889,32.7,2.0,32.7,1.7,900,28.5,1.1,28.7,1.6,896,29.1,1.4,30.6,1.6,912,31.5,1.3,31.9,1.5,904,34.3,1.6,34.7,1.5
"전라북도",정읍시,780,28.6,1.7,28.0,2.0,757,28.1,1.4,27.5,2.1,757,28.6,2.1,27.7,2.1,817,33.1,2.1,32.9,1.9,874,30.2,1.5,32.3,2.1,887,33.9,1.5,34.7,2.0,893,34.2,2.1,36.4,2.2,898,32.1,1.4,34.8,2.2
"전라북도",진안군,766,27.2,1.7,27.6,2.6,772,25.9,2.3,28.9,3.4,856,21.7,2.0,23.2,3.1,733,26.8,2.0,27.8,2.9,784,31.0,2.2,33.0,3.0,813,28.1,1.6,28.1,2.8,791,29.0,1.9,28.7,3.7,858,31.0,2.2,35.1,3.1
"전라남도",소계,17510,26.1,0.5,25.4,0.5,17360,28.5,0.5,28.3,0.5,18275,28.6,0.5,28.9,0.6,16360,32.8,0.5,32.6,0.6,18584,30.7,0.5,31.4,0.6,18754,31.5,0.5,32.3,0.6,18967,32.5,0.5,33.8,0.6,18842,32.9,0.5,34.0,0.6
"전라남도",강진군,787,26.8,1.5,26.5,2.3,824,24.7,2.0,27.3,2.8,886,24.9,2.1,28.7,2.9,849,31.4,1.8,30.8,2.9,803,31.0,1.9,35.6,2.8,828,32.6,2.3,36.6,2.8,844,32.4,2.0,39.0,2.8,825,31.7,1.6,35.6,2.6
"전라남도",고흥군,663,22.4,1.7,20.9,1.9,699,27.3,2.1,25.7,2.8,832,24.7,1.5,24.3,2.2,678,34.5,2.3,36.8,2.7,859,30.5,1.8,31.1,2.6,848,26.6,1.7,30.0,2.3,883,29.5,1.8,30.1,2.6,884,34.2,2.1,37.1,2.6
"전라남도",곡성군,882,20.7,1.3,21.0,2.0,792,28.0,2.9,30.4,3.0,790,28.1,1.8,32.4,3.0,668,31.3,2.1,32.6,3.2,737,31.2,1.9,32.3,3.1,834,29.9,1.9,31.2,2.6,801,34.7,1.7,38.4,3.0,806,31.3,2.0,36.9,2.9
"전라남도",광양시,859,26.8,1.5,26.3,1.6,871,26.8,1.6,26.4,1.6,896,24.8,1.7,24.1,1.7,856,29.9,1.8,30.8,1.8,896,31.5,2.1,32.0,1.9,897,33.2,1.8,33.4,1.8,895,33.1,1.8,33.9,1.8,898,32.6,2.0,32.5,2.0
"전라남도",구례군,730,23.5,1.8,24.2,2.4,602,24.8,1.8,24.8,2.6,636,30.1,2.4,30.0,2.7,587,31.8,2.1,33.1,2.8,646,31.3,2.4,29.5,2.8,679,31.8,1.8,35.1,2.4,762,28.5,1.8,31.3,2.6,726,30.8,2.3,37.4,2.8
"전라남도",나주시,818,28.1,1.6,27.8,1.7,783,31.1,1.9,31.2,2.0,838,30.5,1.7,30.8,2.0,758,33.8,1.8,33.1,2.0,843,30.7,1.9,32.4,1.8,862,32.2,1.8,33.3,1.9,846,34.9,1.7,34.5,1.8,847,33.6,1.8,34.0,2.0
"전라남도",담양군,871,27.4,1.4,27.9,2.2,842,27.6,1.5,28.4,1.9,795,28.3,2.2,30.5,2.6,647,36.5,2.4,37.3,2.5,824,28.3,1.6,27.5,2.3,835,29.9,1.3,30.9,2.3,814,32.0,1.8,34.8,2.3,798,32.3,2.1,34.2,2.7
"전라남도",목포시,890,30.8,1.7,29.6,1.6,881,32.4,1.8,31.6,1.7,895,33.6,1.9,32.7,1.6,860,34.6,1.7,34.0,1.7,899,34.6,1.5,34.8,2.0,898,32.5,1.4,32.5,1.7,898,33.9,1.7,34.4,1.8,898,35.2,1.8,36.3,2.2
"전라남도",무안군,781,27.1,1.9,24.6,1.9,782,29.3,1.8,28.4,1.9,805,29.3,1.7,27.4,1.9,799,33.2,2.4,32.7,2.3,888,32.2,1.8,34.5,2.4,868,32.5,1.8,33.4,2.1,891,32.0,1.8,31.8,2.2,878,33.8,1.7,34.9,2.0
"전라남도",보성군,709,26.3,2.2,27.6,2.7,660,22.3,2.1,21.5,2.5,882,25.2,1.7,27.2,3.0,799,33.9,2.1,37.6,3.3,884,27.0,1.7,30.8,2.8,887,28.7,1.9,34.9,3.1,884,27.3,1.7,34.6,2.9,887,25.6,1.4,29.8,2.9
"전라남도",순천시,854,25.5,1.4,25.0,1.3,841,23.6,1.6,23.4,1.5,873,27.9,1.7,27.9,1.7,816,28.4,1.6,28.4,1.8,864,28.5,1.8,28.9,1.9,897,29.6,1.5,29.4,1.7,899,30.6,1.4,31.4,1.7,884,31.8,1.7,32.0,1.7
"전라남도",신안군,810,25.7,1.8,24.3,2.3,799,34.5,2.1,34.7,2.8,798,27.3,2.0,28.4,2.6,773,35.1,2.2,38.4,3.8,834,27.9,1.9,25.8,2.5,884,32.3,1.6,33.5,2.6,884,31.6,1.9,38.8,3.8,885,37.2,2.1,41.8,4.7
"전라남도",여수시,854,22.5,1.6,21.4,1.4,833,28.8,1.7,28.3,1.8,909,30.9,1.6,30.6,1.7,827,32.9,1.9,32.7,1.8,865,31.5,1.7,30.6,1.9,864,31.8,1.7,31.4,2.0,898,36.2,2.1,36.7,2.1,898,34.1,1.6,34.4,2.0
"전라남도",영광군,829,27.1,2.2,26.1,2.5,845,31.3,2.1,32.4,2.6,828,29.1,2.0,30.4,2.3,806,38.9,2.0,39.6,2.4,896,31.2,1.8,33.9,2.2,887,33.3,1.9,34.4,2.4,857,34.3,1.8,36.8,2.6,837,31.8,2.1,33.7,2.8
"전라남도",영암군,758,26.0,2.0,25.8,2.3,858,31.4,1.8,33.1,2.5,898,26.6,1.8,27.5,2.5,769,35.3,2.4,35.1,2.7,887,31.4,1.7,32.6,2.4,887,36.8,2.0,39.8,2.4,887,30.7,1.9,32.2,2.6,886,30.6,1.8,31.2,2.5
"전라남도",완도군,803,29.9,2.2,29.7,2.6,822,30.8,1.5,31.2,2.7,874,30.7,2.0,33.2,2.6,761,37.7,1.8,39.6,2.6,884,28.4,2.1,31.8,2.7,874,30.5,1.7,33.5,2.4,872,30.5,1.7,33.0,2.9,886,31.8,1.8,32.9,2.4
"전라남도",장성군,849,26.1,1.4,24.7,1.8,874,28.0,1.5,27.7,1.8,840,24.1,2.0,25.9,2.8,748,31.7,2.4,32.0,2.4,819,32.6,1.9,33.4,2.3,794,30.5,1.7,31.3,2.2,845,35.4,1.5,36.5,2.6,790,33.3,1.9,33.4,2.7
"전라남도",장흥군,754,25.6,1.9,25.8,2.2,752,30.8,2.0,32.9,2.5,803,29.4,2.1,32.3,2.7,598,32.2,2.3,32.0,3.0,883,28.9,1.9,28.7,2.6,882,30.9,1.8,34.1,2.5,882,28.6,1.7,29.0,2.8,884,26.9,1.8,27.7,2.8
"전라남도",진도군,787,27.4,2.3,29.7,2.9,743,30.7,2.0,31.9,2.8,829,28.4,1.7,29.7,2.6,612,39.8,2.2,39.5,3.1,877,28.2,1.6,32.1,2.7,849,33.5,3.1,40.5,3.4,873,34.3,2.0,38.2,3.1,878,31.5,2.0,38.3,3.9
"전라남도",함평군,770,29.8,1.8,33.2,2.5,750,27.0,1.9,24.6,2.3,813,23.5,1.8,23.7,2.7,810,29.4,1.9,27.1,2.5,839,25.2,1.8,25.8,2.5,831,30.4,1.4,30.9,2.4,820,33.0,1.9,36.8,2.7,824,33.8,2.0,33.1,2.9
"전라남도",해남군,643,25.1,2.0,23.7,2.2,641,32.1,2.2,33.6,2.8,722,30.9,1.9,29.9,2.7,586,35.6,2.1,37.1,3.0,804,31.3,1.8,30.0,2.2,795,35.2,1.8,38.8,2.7,843,32.2,1.9,31.8,3.6,890,31.7,1.9,35.1,2.8
"전라남도",화순군,809,23.4,1.2,25.6,2.1,866,26.0,1.7,27.1,2.1,833,21.6,2.1,24.3,2.0,753,29.5,1.6,29.2,2.3,853,28.9,1.5,31.2,2.1,874,28.6,1.3,30.6,2.3,889,25.0,1.8,29.5,2.3,853,33.9,1.8,37.7,2.6
"경상북도",소계,20950,26.4,0.4,26.5,0.5,20713,26.7,0.4,26.5,0.5,20824,29.4,0.4,29.9,0.5,19638,31.3,0.5,31.4,0.5,21280,29.7,0.4,30.8,0.5,21563,30.4,0.4,32.0,0.5,21578,31.2,0.5,32.7,0.5,20833,31.7,0.5,33.9,0.5
"경상북도",경산시,883,25.0,1.3,25.0,1.4,788,25.5,1.7,25.4,1.7,834,27.9,1.5,28.2,1.6,875,30.8,1.7,31.1,1.6,878,29.0,1.5,30.1,1.8,882,31.3,1.6,33.4,1.8,890,32.5,1.8,34.3,1.7,885,29.4,1.7,30.3,1.8
"경상북도",경주시,890,26.7,1.8,27.6,1.8,824,26.5,1.4,25.4,1.7,886,28.9,1.7,29.1,1.7,798,30.9,2.0,30.0,1.9,864,28.5,1.7,28.1,1.7,884,30.4,1.6,31.4,1.8,872,31.0,1.7,30.7,2.1,892,34.8,1.6,38.0,2.1
"경상북도",고령군,883,24.6,1.7,23.9,1.7,880,29.6,1.7,29.6,2.1,880,32.2,1.5,36.0,2.4,848,30.8,1.9,34.0,2.4,879,30.0,1.9,32.6,3.0,885,28.7,1.6,31.8,2.4,878,30.2,2.1,35.0,2.4,879,32.7,1.7,41.5,2.9
"경상북도",구미시,1784,27.5,1.3,27.6,1.4,1763,26.8,1.4,27.2,1.2,1760,31.4,1.3,31.5,1.4,1733,31.9,1.2,31.8,1.3,1750,30.7,1.3,31.2,1.3,1788,31.6,1.4,31.5,1.3,1789,33.4,1.6,34.1,1.4,1789,33.1,1.5,33.3,1.4
"경상북도",군위군,828,25.6,1.8,28.2,3.0,727,26.0,2.1,26.8,3.0,748,26.9,1.7,27.5,2.9,722,31.4,2.1,37.4,3.2,829,26.5,1.7,31.3,3.1,870,27.2,1.5,29.9,2.2,869,25.0,1.8,28.2,3.1,-,-,-,-,-
"경상북도",김천시,893,23.9,1.4,23.5,1.7,843,25.6,1.6,26.3,1.7,871,29.4,1.8,31.6,1.9,849,31.4,1.8,32.8,1.9,888,26.8,1.7,27.8,1.8,874,27.4,1.6,28.4,1.8,876,30.0,1.6,31.3,1.9,906,29.4,2.2,33.5,2.0
"경상북도",문경시,749,30.3,2.0,30.2,2.4,772,27.9,2.0,29.4,2.3,735,30.0,2.2,32.0,2.2,724,32.0,2.0,32.6,2.5,830,26.0,1.7,27.1,2.1,836,29.8,1.7,32.7,2.5,856,31.9,1.9,33.6,2.7,855,29.9,1.9,30.6,2.2
"경상북도",봉화군,884,26.5,1.9,29.7,2.8,878,26.1,1.7,26.0,2.5,876,31.5,1.8,35.6,3.1,878,31.7,1.8,33.0,3.0,886,27.4,1.8,33.1,3.2,858,31.5,2.0,35.1,3.2,879,29.6,1.6,35.7,2.7,878,32.6,1.7,39.7,4.3
"경상북도",상주시,803,24.1,1.9,24.0,1.8,747,25.4,1.6,24.3,1.9,781,27.6,1.7,27.5,2.0,724,31.4,2.0,28.5,2.2,875,25.3,1.8,27.2,2.3,824,27.4,1.6,28.5,2.5,799,32.2,2.3,36.7,2.3,842,28.3,1.8,31.5,2.5
"경상북도",성주군,792,28.3,2.2,28.0,2.1,828,26.9,2.0,27.4,2.6,794,27.1,2.0,28.7,2.4,682,26.8,2.6,24.9,2.7,856,31.7,2.1,36.1,2.5,872,31.2,1.8,35.9,2.7,885,29.6,1.5,28.9,2.3,846,28.0,1.8,28.0,2.8
"경상북도",안동시,902,27.0,1.9,28.0,2.0,894,27.2,1.7,26.7,1.6,882,28.1,1.7,27.8,1.6,804,30.7,2.1,29.7,2.0,898,31.2,1.8,33.1,1.8,899,31.6,1.8,35.4,2.1,896,30.5,1.4,32.3,2.2,890,29.0,1.9,33.2,2.0
"경상북도",영덕군,886,23.7,1.9,24.7,2.3,874,24.8,1.7,26.2,2.3,881,24.7,1.9,26.3,3.1,719,32.0,2.4,33.8,3.2,856,32.9,1.9,36.2,2.6,865,30.8,1.7,30.8,2.2,880,30.8,1.6,31.4,2.8,844,26.2,1.8,24.4,2.7
"경상북도",영양군,734,24.0,1.7,26.4,2.0,732,19.5,1.7,18.5,1.6,864,25.2,1.8,28.4,2.8,682,25.6,2.2,23.3,2.8,729,28.2,1.9,28.9,2.6,788,26.5,1.8,25.6,2.5,722,25.8,1.8,28.7,3.1,764,31.6,1.9,29.1,2.6
"경상북도",영주시,806,28.9,1.9,27.9,1.7,805,29.8,1.7,28.9,2.0,849,29.1,2.0,29.9,2.2,760,32.2,1.5,30.5,2.3,848,28.3,1.6,26.1,2.1,883,27.5,1.6,28.1,2.2,886,32.2,1.9,33.5,2.2,886,30.5,1.9,33.9,2.3
"경상북도",영천시,845,26.5,1.9,26.1,2.1,862,28.2,1.6,29.7,2.0,880,28.6,1.6,30.9,2.1,771,29.1,1.9,29.7,2.2,889,29.7,1.8,33.4,2.1,892,33.1,1.8,36.9,2.1,893,33.1,1.7,35.5,2.2,894,30.0,1.6,35.4,2.1
"경상북도",예천군,727,26.0,2.0,26.7,2.7,761,26.1,1.9,27.6,2.5,713,29.3,1.9,28.6,2.2,723,26.0,1.7,25.4,2.2,698,32.8,1.8,33.5,2.5,741,31.4,1.6,32.5,2.1,776,29.4,2.1,31.2,2.5,767,31.6,1.7,30.0,2.2
"경상북도",울릉군,820,29.3,1.2,27.3,2.1,822,32.1,2.4,30.8,2.1,830,33.3,1.2,33.5,2.7,832,35.9,2.5,35.2,2.7,831,34.2,2.3,32.9,2.5,831,33.2,2.0,32.2,2.7,829,34.0,2.9,35.5,3.3,834,33.9,2.3,33.8,2.8
"경상북도",울진군,829,25.4,2.0,25.6,2.4,770,28.8,1.7,28.4,2.2,717,26.4,1.9,25.7,2.2,641,31.7,2.3,30.0,2.6,885,30.8,1.8,31.2,2.3,888,29.2,1.9,31.2,2.1,892,28.5,1.7,30.6,2.4,885,34.1,2.3,35.7,2.3
"경상북도",의성군,763,22.9,2.0,22.9,2.5,796,24.4,1.6,25.9,2.7,795,29.2,1.7,31.4,3.0,745,28.8,1.8,29.1,3.0,783,28.8,2.6,32.4,4.7,831,30.0,2.2,32.7,3.7,841,26.2,1.7,29.0,3.2,891,27.8,1.6,32.0,2.8
"경상북도",청도군,858,26.4,1.5,27.6,2.3,886,26.6,1.9,28.9,2.7,879,26.7,2.1,33.1,2.7,836,29.0,1.9,31.7,2.9,870,27.9,2.0,31.3,2.9,885,27.3,1.5,29.3,2.4,884,32.8,2.1,39.9,3.2,881,26.6,1.9,30.9,3.0
"경상북도",청송군,816,25.1,1.9,27.7,3.1,842,28.1,1.6,30.6,2.5,844,26.8,1.6,28.1,2.6,793,33.0,2.0,37.9,3.0,846,28.5,1.7,34.4,2.8,867,30.3,2.1,35.7,3.1,865,31.3,1.6,37.0,2.6,865,31.3,1.7,38.4,2.9
"경상북도",칠곡군,897,26.2,1.3,26.2,1.5,882,26.4,1.5,26.3,1.5,840,30.2,1.6,30.0,1.7,824,34.7,1.8,34.4,2.0,891,32.4,1.7,32.4,1.9,898,33.2,1.8,36.1,1.8,894,32.1,1.8,34.0,2.0,894,34.3,1.8,36.6,2.1
"경상북도",포항시,1678,27.1,1.1,26.0,1.1,1737,27.1,1.2,25.7,1.1,1685,30.9,1.2,30.4,1.2,1675,32.0,1.4,32.9,1.3,1721,31.3,1.4,31.6,1.3,1722,30.1,1.1,31.1,1.2,1727,29.8,1.2,31.2,1.3,1766,34.1,1.2,36.1,1.4
"경상남도",소계,16770,25.9,0.5,25.8,0.5,16999,28.1,0.5,28.0,0.5,17300,27.5,0.5,27.7,0.5,16803,31.1,0.5,31.2,0.6,17514,29.8,0.5,30.7,0.5,17539,30.8,0.5,31.7,0.5,17604,31.7,0.5,33.2,0.6,17811,30.9,0.5,32.4,0.6
"경상남도",거제시,911,26.9,1.4,26.1,1.5,903,29.6,1.5,28.7,1.4,899,28.6,1.4,27.5,1.6,901,34.0,1.9,34.1,2.0,903,31.5,1.7,30.9,1.4,903,32.6,1.5,32.1,1.7,902,36.1,1.6,36.7,1.8,903,31.9,1.4,32.4,1.8
"경상남도",거창군,743,24.6,1.7,25.4,2.2,837,25.9,1.8,30.0,2.2,894,22.5,1.5,23.4,2.0,767,27.9,2.5,29.9,2.9,880,26.5,1.6,28.1,2.2,885,31.1,1.2,36.0,1.9,885,31.4,1.8,35.3,2.6,893,30.1,1.5,33.5,2.3
"경상남도",고성군,771,27.8,1.8,27.0,2.3,800,27.0,1.7,26.5,2.0,739,28.0,1.8,28.6,2.4,671,28.6,2.0,28.4,2.2,844,28.2,1.7,28.5,2.1,864,28.9,2.0,30.9,2.6,836,33.8,1.6,37.8,2.8,849,30.9,2.2,35.9,3.4
"경상남도",김해시,908,27.7,1.7,27.3,1.5,904,29.6,1.8,29.7,1.5,904,27.8,1.8,27.6,1.5,891,31.5,1.8,31.6,1.6,905,30.1,1.5,30.8,1.5,905,32.2,1.5,32.4,1.6,906,33.9,1.5,35.1,1.7,904,30.5,1.8,30.9,1.9
"경상남도",남해군,740,26.7,2.0,27.0,2.6,834,27.4,2.3,33.6,3.6,783,28.3,1.8,29.7,2.5,708,30.7,2.1,32.0,2.5,876,27.1,1.7,32.7,2.5,853,29.2,1.9,33.7,3.0,888,26.3,2.0,28.8,2.9,890,27.7,1.9,37.6,3.1
"경상남도",창원시,2725,25.5,1.0,25.5,0.9,2707,27.2,0.8,27.1,0.9,2701,27.7,1.0,27.8,1.0,2666,30.5,1.0,30.2,1.1,2708,30.0,1.0,30.7,1.0,2711,31.1,1.0,31.4,1.1,2710,31.9,1.0,32.6,1.0,2709,31.3,1.0,32.1,1.1
"경상남도",밀양시,904,24.1,1.6,23.9,2.1,883,25.3,1.6,26.2,1.9,900,25.2,1.5,28.8,2.3,887,35.9,1.9,38.6,2.5,879,28.9,2.0,30.7,2.2,894,29.3,1.6,29.4,2.1,901,28.7,1.8,32.7,2.5,901,29.5,1.7,33.1,2.5
"경상남도",사천시,834,26.4,1.6,26.4,1.8,832,27.6,1.7,26.6,1.7,899,26.9,1.6,27.1,1.8,884,28.1,1.5,26.9,1.7,843,28.8,1.8,29.8,2.2,899,29.3,1.6,30.0,1.7,893,31.0,1.7,32.0,2.0,884,34.4,1.6,36.0,2.0
"경상남도",산청군,885,19.9,1.5,22.3,2.3,881,22.7,1.6,21.8,1.8,866,24.7,1.8,29.6,3.1,782,25.2,2.0,25.5,3.0,815,26.0,1.5,31.0,2.5,812,28.8,2.1,36.3,3.1,829,27.1,1.7,32.3,3.1,885,27.8,1.8,35.4,2.7
"경상남도",양산시,908,28.0,1.5,27.6,1.5,903,32.0,1.9,32.1,1.7,903,27.9,1.5,27.5,1.5,903,31.7,1.8,31.9,1.7,903,34.2,1.7,34.2,1.6,903,31.7,1.7,33.0,1.7,906,28.2,1.5,28.6,1.6,903,33.7,1.4,34.4,1.7
"경상남도",의령군,757,26.0,1.6,27.8,2.2,670,24.8,2.0,24.9,2.3,799,30.1,2.0,35.2,3.1,802,26.8,1.6,28.1,2.2,879,27.4,1.6,30.5,2.7,879,29.6,1.6,33.6,3.1,880,27.4,1.8,29.5,3.2,879,32.0,1.7,38.3,3.5
"경상남도",진주시,871,22.3,1.6,22.6,1.4,881,27.4,1.8,27.7,1.6,892,28.1,1.5,28.8,1.5,890,31.6,1.6,33.2,1.6,905,27.4,1.4,28.3,1.6,903,29.7,1.5,30.6,1.7,905,31.6,1.6,35.1,1.8,905,27.8,1.5,30.2,1.5
"경상남도",창녕군,898,25.5,1.5,29.5,2.1,893,27.3,2.3,30.6,2.9,899,24.2,1.7,26.5,1.9,899,30.6,1.8,32.0,2.4,901,26.1,1.6,28.9,2.5,900,29.1,1.7,32.7,2.3,901,25.5,1.6,26.8,2.3,900,29.2,1.8,33.4,3.1
"경상남도",통영시,906,29.4,1.6,28.6,1.7,899,28.6,1.6,27.7,1.8,901,27.8,1.7,27.5,1.8,899,31.4,1.9,31.2,1.8,900,30.9,1.6,30.8,1.9,902,29.0,1.6,31.0,1.9,901,35.2,1.9,35.6,2.6,900,34.0,1.6,36.9,2.3
"경상남도",하동군,732,26.8,2.1,28.4,2.8,841,26.7,1.7,29.5,2.6,857,27.3,1.9,29.2,2.8,818,28.2,1.9,33.2,2.9,890,24.8,1.9,28.9,2.5,873,27.4,1.5,30.9,2.6,891,27.1,2.0,34.0,3.3,891,27.6,1.9,30.0,2.9
"경상남도",함안군,893,25.1,1.6,26.7,1.9,895,25.6,1.7,25.8,2.1,900,30.6,1.4,32.1,2.0,899,32.8,1.9,34.2,1.8,890,26.8,2.0,28.1,1.9,900,29.0,1.8,31.5,2.2,902,31.9,2.1,34.7,2.2,900,32.9,1.6,35.1,2.5
"경상남도",함양군,667,24.9,1.8,27.5,2.9,709,27.9,1.9,30.5,2.3,801,22.8,1.7,23.2,2.3,773,27.4,1.7,27.4,2.4,848,27.4,1.6,30.3,2.6,855,29.1,1.8,33.2,2.5,862,29.7,1.8,33.7,2.7,861,27.6,1.8,32.8,2.8
"경상남도",합천군,717,21.7,1.8,25.4,3.2,727,25.5,1.8,28.8,2.9,763,24.1,1.9,29.4,3.0,763,28.5,2.1,28.8,3.0,745,30.0,1.9,33.9,2.9,698,27.6,1.7,31.0,3.3,706,28.6,1.9,34.6,3.1,854,26.1,1.7,31.1,3.1
"제주특별자치도",소계,4537,29.1,1.2,28.5,1.1,4619,28.7,0.9,28.2,1.0,4653,30.1,1.1,29.5,1.1,4614,33.5,1.0,32.6,1.1,4779,34.8,1.0,35.0,1.1,4804,35.3,1.1,36.0,1.1,4861,35.6,1.1,36.5,1.1,4915,35.8,1.0,36.1,1.1
"제주특별자치도",서귀포시,2262,32.4,1.3,31.1,1.3,2272,33.3,1.1,32.5,1.2,2232,33.0,1.3,32.1,1.3,2282,35.7,1.2,34.4,1.3,2286,36.5,1.2,36.7,1.4,2304,36.3,1.2,36.5,1.4,2379,36.0,1.3,36.3,1.3,2405,34.7,1.3,34.3,1.4
"제주특별자치도",제주시,2275,28.0,1.6,27.7,1.4,2347,27.1,1.1,26.8,1.2,2421,29.0,1.4,28.6,1.4,2332,32.7,1.3,31.9,1.4,2493,34.2,1.2,34.4,1.4,2500,34.9,1.4,35.8,1.4,2482,35.5,1.4,36.5,1.4,2510,36.2,1.3,36.7,1.4
